qx,qy,px_center,py_center,utm_e,utm_n,lon,lat,n_stems,agb_mg_ha
0,0,10.0,10.0,625764.0,1011579.0,-79.85539519028131,9.149488083707869,146,101.1016739537463
0,1,10.0,30.0,625764.0,1011599.0,-79.85539461206184,9.149668947714053,195,239.70584903056962
0,2,10.0,50.0,625764.0,1011619.0,-79.85539403383044,9.149849811718408,184,139.09753215373806
0,3,10.0,70.0,625764.0,1011639.0,-79.85539345558713,9.150030675720924,204,272.843646245201
0,4,10.0,90.0,625764.0,1011659.0,-79.8553928773319,9.150211539721603,208,192.31184538935173
0,5,10.0,110.0,625764.0,1011679.0,-79.85539229906475,9.150392403720446,156,588.5080425973555
0,6,10.0,130.0,625764.0,1011699.0,-79.85539172078568,9.150573267717451,193,130.79155637024903
0,7,10.0,150.0,625764.0,1011719.0,-79.8553911424947,9.15075413171262,175,191.89171957874495
0,8,10.0,170.0,625764.0,1011739.0,-79.8553905641918,9.150934995705953,232,98.17621691395439
0,9,10.0,190.0,625764.0,1011759.0,-79.85538998587697,9.151115859697448,199,332.45233402581965
0,10,10.0,210.0,625764.0,1011779.0,-79.85538940755023,9.151296723687107,211,106.1192570714859
0,11,10.0,230.0,625764.0,1011799.0,-79.85538882921159,9.151477587674929,206,108.80604623893413
0,12,10.0,250.0,625764.0,1011819.0,-79.85538825086103,9.151658451660913,285,286.4780577448739
0,13,10.0,270.0,625764.0,1011839.0,-79.85538767249854,9.151839315645061,245,201.2308349746024
0,14,10.0,290.0,625764.0,1011859.0,-79.85538709412414,9.152020179627371,159,768.9711346303512
0,15,10.0,310.0,625764.0,1011879.0,-79.85538651573782,9.152201043607846,200,137.2703432495937
0,16,10.0,330.0,625764.0,1011899.0,-79.85538593733958,9.15238190758648,116,67.20552929744738
0,17,10.0,350.0,625764.0,1011919.0,-79.85538535892942,9.15256277156328,204,232.55665759009267
0,18,10.0,370.0,625764.0,1011939.0,-79.85538478050735,9.152743635538243,167,204.7957028085817
0,19,10.0,390.0,625764.0,1011959.0,-79.85538420207337,9.15292449951137,154,211.2626858641811
0,20,10.0,410.0,625764.0,1011979.0,-79.85538362362746,9.153105363482654,166,157.4993910770576
0,21,10.0,430.0,625764.0,1011999.0,-79.85538304516963,9.153286227452107,188,167.92404560549258
0,22,10.0,450.0,625764.0,1012019.0,-79.8553824666999,9.15346709141972,209,126.55734328218118
0,23,10.0,470.0,625764.0,1012039.0,-79.85538188821823,9.153647955385495,186,273.03196850769746
0,24,10.0,490.0,625764.0,1012059.0,-79.85538130972466,9.153828819349433,225,181.43818259177934
1,0,30.0,10.0,625784.0,1011579.0,-79.85521319103164,9.14948750905538,230,585.742225969994
1,1,30.0,30.0,625784.0,1011599.0,-79.85521261272027,9.14966837305002,164,78.25236013588463
1,2,30.0,50.0,625784.0,1011619.0,-79.85521203439697,9.149849237042828,207,190.3888605086523
1,3,30.0,70.0,625784.0,1011639.0,-79.85521145606177,9.150030101033794,227,379.18636106546114
1,4,30.0,90.0,625784.0,1011659.0,-79.85521087771464,9.150210965022927,201,91.68010900249904
1,5,30.0,110.0,625784.0,1011679.0,-79.85521029935559,9.150391829010221,155,310.9750092163437
1,6,30.0,130.0,625784.0,1011699.0,-79.85520972098462,9.15057269299568,161,249.05881970904775
1,7,30.0,150.0,625784.0,1011719.0,-79.85520914260172,9.150753556979302,133,182.44214918628592
1,8,30.0,170.0,625784.0,1011739.0,-79.85520856420692,9.150934420961086,152,206.99481944582016
1,9,30.0,190.0,625784.0,1011759.0,-79.8552079858002,9.151115284941033,203,172.29694611788946
1,10,30.0,210.0,625784.0,1011779.0,-79.85520740738154,9.151296148919146,205,253.7911386292282
1,11,30.0,230.0,625784.0,1011799.0,-79.85520682895098,9.15147701289542,194,204.01467210041577
1,12,30.0,250.0,625784.0,1011819.0,-79.85520625050852,9.151657876869855,274,338.209081820166
1,13,30.0,270.0,625784.0,1011839.0,-79.85520567205411,9.151838740842459,248,158.2022130864763
1,14,30.0,290.0,625784.0,1011859.0,-79.85520509358778,9.152019604813221,199,92.92179546259055
1,15,30.0,310.0,625784.0,1011879.0,-79.85520451510956,9.152200468782148,194,283.3552750729033
1,16,30.0,330.0,625784.0,1011899.0,-79.85520393661939,9.152381332749234,210,327.68836866923124
1,17,30.0,350.0,625784.0,1011919.0,-79.85520335811732,9.152562196714488,186,149.91807747184296
1,18,30.0,370.0,625784.0,1011939.0,-79.85520277960333,9.152743060677903,140,100.69428620024227
1,19,30.0,390.0,625784.0,1011959.0,-79.8552022010774,9.152923924639481,152,105.85098931750937
1,20,30.0,410.0,625784.0,1011979.0,-79.85520162253957,9.153104788599222,135,247.8251874461086
1,21,30.0,430.0,625784.0,1011999.0,-79.85520104398984,9.153285652557123,190,299.0148304905382
1,22,30.0,450.0,625784.0,1012019.0,-79.85520046542815,9.153466516513188,196,359.35765578146516
1,23,30.0,470.0,625784.0,1012039.0,-79.85519988685456,9.153647380467417,209,153.08178681817333
1,24,30.0,490.0,625784.0,1012059.0,-79.85519930826906,9.153828244419806,263,134.79534023610358
2,0,50.0,10.0,625804.0,1011579.0,-79.85503119179387,9.149486934311573,261,127.16148661525656
2,1,50.0,30.0,625804.0,1011599.0,-79.85503061339061,9.149667798294665,192,111.09853019208602
2,2,50.0,50.0,625804.0,1011619.0,-79.85503003497541,9.149848662275922,253,161.87657671118032
2,3,50.0,70.0,625804.0,1011639.0,-79.85502945654831,9.150029526255338,232,335.4333416437784
2,4,50.0,90.0,625804.0,1011659.0,-79.85502887810928,9.150210390232923,209,146.84672157169248
2,5,50.0,110.0,625804.0,1011679.0,-79.85502829965833,9.15039125420867,187,212.10191888454398
2,6,50.0,130.0,625804.0,1011699.0,-79.85502772119547,9.15057211818258,137,990.4836145145365
2,7,50.0,150.0,625804.0,1011719.0,-79.85502714272067,9.150752982154652,142,334.2138221421327
2,8,50.0,170.0,625804.0,1011739.0,-79.85502656423397,9.150933846124886,143,376.28257366649615
2,9,50.0,190.0,625804.0,1011759.0,-79.85502598573534,9.151114710093285,218,216.7259212820996
2,10,50.0,210.0,625804.0,1011779.0,-79.85502540722477,9.151295574059846,189,229.8060968311183
2,11,50.0,230.0,625804.0,1011799.0,-79.85502482870231,9.151476438024572,210,160.1847626205103
2,12,50.0,250.0,625804.0,1011819.0,-79.85502425016792,9.151657301987461,241,240.1349951734801
2,13,50.0,270.0,625804.0,1011839.0,-79.85502367162161,9.151838165948515,261,434.3023754836839
2,14,50.0,290.0,625804.0,1011859.0,-79.85502309306337,9.152019029907727,234,273.0749744441774
2,15,50.0,310.0,625804.0,1011879.0,-79.85502251449321,9.152199893865102,208,115.69991138386186
2,16,50.0,330.0,625804.0,1011899.0,-79.85502193591114,9.15238075782064,218,114.87389600588327
2,17,50.0,350.0,625804.0,1011919.0,-79.85502135731714,9.152561621774344,241,361.66394268876263
2,18,50.0,370.0,625804.0,1011939.0,-79.85502077871122,9.15274248572621,204,113.3999832066223
2,19,50.0,390.0,625804.0,1011959.0,-79.85502020009339,9.15292334967624,231,415.5978140117287
2,20,50.0,410.0,625804.0,1011979.0,-79.85501962146363,9.15310421362443,190,277.21523090504417
2,21,50.0,430.0,625804.0,1011999.0,-79.85501904282194,9.15328507757078,179,345.74524424757044
2,22,50.0,450.0,625804.0,1012019.0,-79.85501846416834,9.153465941515298,298,246.36888835011231
2,23,50.0,470.0,625804.0,1012039.0,-79.8550178855028,9.153646805457976,259,145.47190827986697
2,24,50.0,490.0,625804.0,1012059.0,-79.85501730682536,9.153827669398817,196,262.3496391231899
3,0,70.0,10.0,625824.0,1011579.0,-79.85484919256801,9.14948635947645,205,70.86843036800833
3,1,70.0,30.0,625824.0,1011599.0,-79.85484861407286,9.14966722344799,243,244.9514318740955
3,2,70.0,50.0,625824.0,1011619.0,-79.85484803556578,9.149848087417697,200,192.62569181144363
3,3,70.0,70.0,625824.0,1011639.0,-79.85484745704677,9.150028951385565,229,126.31934910406297
3,4,70.0,90.0,625824.0,1011659.0,-79.85484687851586,9.150209815351598,177,158.51574803605058
3,5,70.0,110.0,625824.0,1011679.0,-79.854846299973,9.15039067931579,169,346.4565106081789
3,6,70.0,130.0,625824.0,1011699.0,-79.85484572141824,9.150571543278149,190,248.44306812106933
3,7,70.0,150.0,625824.0,1011719.0,-79.85484514285156,9.150752407238672,175,653.7709861172945
3,8,70.0,170.0,625824.0,1011739.0,-79.85484456427294,9.150933271197355,203,203.44011820613977
3,9,70.0,190.0,625824.0,1011759.0,-79.8548439856824,9.1511141351542,196,197.66614956518927
3,10,70.0,210.0,625824.0,1011779.0,-79.85484340707994,9.151294999109213,228,240.0337159205883
3,11,70.0,230.0,625824.0,1011799.0,-79.85484282846556,9.151475863062387,284,84.88049184135379
3,12,70.0,250.0,625824.0,1011819.0,-79.85484224983924,9.151656727013723,228,179.7791018403988
3,13,70.0,270.0,625824.0,1011839.0,-79.85484167120102,9.151837590963222,245,142.9453868879205
3,14,70.0,290.0,625824.0,1011859.0,-79.85484109255087,9.152018454910888,226,296.9418653293468
3,15,70.0,310.0,625824.0,1011879.0,-79.85484051388879,9.152199318856713,242,112.41377766447096
3,16,70.0,330.0,625824.0,1011899.0,-79.8548399352148,9.152380182800698,252,56.54003384213323
3,17,70.0,350.0,625824.0,1011919.0,-79.85483935652887,9.152561046742852,221,108.35029720334379
3,18,70.0,370.0,625824.0,1011939.0,-79.85483877783103,9.152741910683165,202,147.66667100435978
3,19,70.0,390.0,625824.0,1011959.0,-79.85483819912128,9.152922774621642,194,118.49392647396695
3,20,70.0,410.0,625824.0,1011979.0,-79.85483762039958,9.153103638558283,224,360.4992246424027
3,21,70.0,430.0,625824.0,1011999.0,-79.85483704166596,9.153284502493085,225,205.62562533010174
3,22,70.0,450.0,625824.0,1012019.0,-79.85483646292045,9.153465366426051,408,279.44099485291383
3,23,70.0,470.0,625824.0,1012039.0,-79.85483588416298,9.153646230357177,279,165.25720162010842
3,24,70.0,490.0,625824.0,1012059.0,-79.85483530539359,9.153827094286466,233,113.86892829334845
4,0,90.0,10.0,625844.0,1011579.0,-79.85466719335409,9.14948578455001,183,164.75873254207303
4,1,90.0,30.0,625844.0,1011599.0,-79.85466661476704,9.149666648509996,181,699.7419972421163
4,2,90.0,50.0,625844.0,1011619.0,-79.85466603616807,9.14984751246815,224,578.3310677405781
4,3,90.0,70.0,625844.0,1011639.0,-79.85466545755718,9.150028376424466,205,360.5317806187304
4,4,90.0,90.0,625844.0,1011659.0,-79.85466487893436,9.150209240378944,200,119.59379692443093
4,5,90.0,110.0,625844.0,1011679.0,-79.8546643002996,9.150390104331585,164,402.1084985882183
4,6,90.0,130.0,625844.0,1011699.0,-79.85466372165293,9.15057096828239,170,470.5865513907483
4,7,90.0,150.0,625844.0,1011719.0,-79.85466314299434,9.150751832231359,219,114.77014139945369
4,8,90.0,170.0,625844.0,1011739.0,-79.85466256432383,9.15093269617849,223,132.47358528933353
4,9,90.0,190.0,625844.0,1011759.0,-79.85466198564139,9.151113560123784,235,311.8354660982235
4,10,90.0,210.0,625844.0,1011779.0,-79.85466140694702,9.151294424067244,211,226.61680035069645
4,11,90.0,230.0,625844.0,1011799.0,-79.85466082824071,9.151475288008864,348,891.9458286603423
4,12,90.0,250.0,625844.0,1011819.0,-79.8546602495225,9.151656151948647,215,112.98114657316198
4,13,90.0,270.0,625844.0,1011839.0,-79.85465967079236,9.151837015886596,253,302.1861447626426
4,14,90.0,290.0,625844.0,1011859.0,-79.85465909205028,9.152017879822704,232,127.3167553151326
4,15,90.0,310.0,625844.0,1011879.0,-79.8546585132963,9.152198743756976,192,85.30379184885555
4,16,90.0,330.0,625844.0,1011899.0,-79.85465793453038,9.152379607689413,245,214.30948871215676
4,17,90.0,350.0,625844.0,1011919.0,-79.85465735575254,9.15256047162001,213,154.69580554418488
4,18,90.0,370.0,625844.0,1011939.0,-79.85465677696277,9.152741335548768,238,125.4441655443729
4,19,90.0,390.0,625844.0,1011959.0,-79.85465619816108,9.152922199475697,193,215.87834375775859
4,20,90.0,410.0,625844.0,1011979.0,-79.85465561934747,9.153103063400781,155,511.4150500866
4,21,90.0,430.0,625844.0,1011999.0,-79.85465504052192,9.153283927324031,203,197.09621408985265
4,22,90.0,450.0,625844.0,1012019.0,-79.85465446168446,9.153464791245442,217,286.9548732838992
4,23,90.0,470.0,625844.0,1012039.0,-79.85465388283507,9.153645655165016,235,217.87277855908758
4,24,90.0,490.0,625844.0,1012059.0,-79.85465330397375,9.153826519082752,255,171.47898216253216
5,0,110.0,10.0,625864.0,1011579.0,-79.85448519415209,9.14948520953225,132,255.2352209804368
5,1,110.0,30.0,625864.0,1011599.0,-79.85448461547314,9.14966607348068,180,287.22812242300324
5,2,110.0,50.0,625864.0,1011619.0,-79.8544840367823,9.14984693742728,201,605.6197645981983
5,3,110.0,70.0,625864.0,1011639.0,-79.85448345807949,9.150027801372039,216,41.529790101107345
5,4,110.0,90.0,625864.0,1011659.0,-79.85448287936478,9.150208665314965,199,175.4609680601772
5,5,110.0,110.0,625864.0,1011679.0,-79.85448230063814,9.15038952925605,212,135.4354393872858
5,6,110.0,130.0,625864.0,1011699.0,-79.85448172189956,9.150570393195302,234,349.335661674063
5,7,110.0,150.0,625864.0,1011719.0,-79.85448114314906,9.150751257132713,269,250.78775589866976
5,8,110.0,170.0,625864.0,1011739.0,-79.85448056438665,9.15093212106829,225,161.83794795410867
5,9,110.0,190.0,625864.0,1011759.0,-79.85447998561229,9.15111298500203,181,102.83818498038086
5,10,110.0,210.0,625864.0,1011779.0,-79.854479406826,9.151293848933934,235,322.95044533480046
5,11,110.0,230.0,625864.0,1011799.0,-79.85447882802781,9.151474712864,197,229.5221844065617
5,12,110.0,250.0,625864.0,1011819.0,-79.85447824921768,9.151655576792228,164,137.1753535078062
5,13,110.0,270.0,625864.0,1011839.0,-79.85447767039562,9.151836440718624,195,80.95949535098298
5,14,110.0,290.0,625864.0,1011859.0,-79.85447709156163,9.152017304643177,233,155.13621373701145
5,15,110.0,310.0,625864.0,1011879.0,-79.85447651271573,9.152198168565894,192,175.81286339431742
5,16,110.0,330.0,625864.0,1011899.0,-79.8544759338579,9.152379032486778,253,161.13590994937633
5,17,110.0,350.0,625864.0,1011919.0,-79.85447535498812,9.152559896405819,191,361.62367679739407
5,18,110.0,370.0,625864.0,1011939.0,-79.85447477610644,9.152740760323024,297,448.1223862460867
5,19,110.0,390.0,625864.0,1011959.0,-79.85447419721282,9.152921624238395,198,162.37191583566545
5,20,110.0,410.0,625864.0,1011979.0,-79.85447361830728,9.153102488151923,161,591.4018431129313
5,21,110.0,430.0,625864.0,1011999.0,-79.8544730393898,9.15328335206362,206,167.9829703416097
5,22,110.0,450.0,625864.0,1012019.0,-79.85447246046041,9.153464215973475,152,215.0971021654926
5,23,110.0,470.0,625864.0,1012039.0,-79.85447188151909,9.153645079881496,242,480.4620308073142
5,24,110.0,490.0,625864.0,1012059.0,-79.85447130256584,9.153825943787677,154,342.22063418644876
6,0,130.0,10.0,625884.0,1011579.0,-79.85430319496203,9.149484634423171,166,214.19807549012435
6,1,130.0,30.0,625884.0,1011599.0,-79.85430261619118,9.149665498360045,180,359.8755830604733
6,2,130.0,50.0,625884.0,1011619.0,-79.85430203740842,9.149846362295088,123,165.81058391491635
6,3,130.0,70.0,625884.0,1011639.0,-79.85430145861373,9.150027226228291,195,512.4972860665653
6,4,130.0,90.0,625884.0,1011659.0,-79.85430087980713,9.150208090159659,252,153.13925110683962
6,5,130.0,110.0,625884.0,1011679.0,-79.85430030098857,9.15038895408919,167,479.8124987505079
6,6,130.0,130.0,625884.0,1011699.0,-79.8542997221581,9.150569818016884,180,106.45557346658903
6,7,130.0,150.0,625884.0,1011719.0,-79.8542991433157,9.150750681942743,254,182.506556529287
6,8,130.0,170.0,625884.0,1011739.0,-79.85429856446137,9.15093154586676,188,459.14182561530424
6,9,130.0,190.0,625884.0,1011759.0,-79.85429798559512,9.151112409788944,225,343.1989288679784
6,10,130.0,210.0,625884.0,1011779.0,-79.85429740671692,9.15129327370929,193,169.20365126877007
6,11,130.0,230.0,625884.0,1011799.0,-79.85429682782681,9.151474137627797,208,361.55487221039147
6,12,130.0,250.0,625884.0,1011819.0,-79.85429624892477,9.151655001544473,225,495.9737412808622
6,13,130.0,270.0,625884.0,1011839.0,-79.85429567001081,9.151835865459306,195,239.5265758317848
6,14,130.0,290.0,625884.0,1011859.0,-79.85429509108491,9.152016729372306,226,230.97030398729035
6,15,130.0,310.0,625884.0,1011879.0,-79.85429451214708,9.152197593283464,232,184.61647436180337
6,16,130.0,330.0,625884.0,1011899.0,-79.85429393319733,9.15237845719279,262,356.3060652985574
6,17,130.0,350.0,625884.0,1011919.0,-79.85429335423564,9.152559321100277,188,301.04722677343665
6,18,130.0,370.0,625884.0,1011939.0,-79.85429277526202,9.152740185005925,191,184.70772703227158
6,19,130.0,390.0,625884.0,1011959.0,-79.85429219627649,9.152921048909738,227,213.57549885637167
6,20,130.0,410.0,625884.0,1011979.0,-79.85429161727902,9.153101912811715,201,176.09618484221707
6,21,130.0,430.0,625884.0,1011999.0,-79.85429103826962,9.153282776711851,197,98.87180259182942
6,22,130.0,450.0,625884.0,1012019.0,-79.85429045924829,9.153463640610152,182,75.27654918992529
6,23,130.0,470.0,625884.0,1012039.0,-79.85428988021503,9.153644504506612,185,232.3404114033603
6,24,130.0,490.0,625884.0,1012059.0,-79.85428930116984,9.153825368401238,142,244.30071524943546
7,0,150.0,10.0,625904.0,1011579.0,-79.85412119578388,9.149484059222775,250,141.29185366056342
7,1,150.0,30.0,625904.0,1011599.0,-79.85412061692115,9.149664923148093,235,397.65588568359846
7,2,150.0,50.0,625904.0,1011619.0,-79.8541200380465,9.149845787071577,156,64.9045296741016
7,3,150.0,70.0,625904.0,1011639.0,-79.8541194591599,9.150026650993217,137,736.0034399153737
7,4,150.0,90.0,625904.0,1011659.0,-79.8541188802614,9.150207514913028,187,139.2057784155801
7,5,150.0,110.0,625904.0,1011679.0,-79.85411830135097,9.150388378831,225,236.3327557677071
7,6,150.0,130.0,625904.0,1011699.0,-79.85411772242858,9.150569242747135,247,63.82481463027696
7,7,150.0,150.0,625904.0,1011719.0,-79.85411714349428,9.150750106661434,216,120.10249299093634
7,8,150.0,170.0,625904.0,1011739.0,-79.85411656454805,9.150930970573897,196,365.4734144513441
7,9,150.0,190.0,625904.0,1011759.0,-79.85411598558989,9.15111183448452,156,295.7367760024329
7,10,150.0,210.0,625904.0,1011779.0,-79.85411540661978,9.151292698393311,215,504.78971791798665
7,11,150.0,230.0,625904.0,1011799.0,-79.85411482763776,9.151473562300257,227,73.46718941514078
7,12,150.0,250.0,625904.0,1011819.0,-79.85411424864381,9.151654426205372,257,335.73494703536585
7,13,150.0,270.0,625904.0,1011839.0,-79.85411366963793,9.151835290108652,264,622.5823199532699
7,14,150.0,290.0,625904.0,1011859.0,-79.8541130906201,9.15201615401009,235,243.77216815665247
7,15,150.0,310.0,625904.0,1011879.0,-79.85411251159036,9.152197017909693,267,88.63297779661097
7,16,150.0,330.0,625904.0,1011899.0,-79.85411193254869,9.152377881807459,254,79.97478595517823
7,17,150.0,350.0,625904.0,1011919.0,-79.85411135349509,9.152558745703388,225,355.85253729890655
7,18,150.0,370.0,625904.0,1011939.0,-79.85411077442954,9.152739609597479,195,204.59946615367292
7,19,150.0,390.0,625904.0,1011959.0,-79.85411019535208,9.152920473489733,212,198.49603478268122
7,20,150.0,410.0,625904.0,1011979.0,-79.85410961626268,9.153101337380146,196,796.2786580681062
7,21,150.0,430.0,625904.0,1011999.0,-79.85410903716135,9.153282201268727,262,516.3498257115322
7,22,150.0,450.0,625904.0,1012019.0,-79.8541084580481,9.153463065155467,176,753.3382778879726
7,23,150.0,470.0,625904.0,1012039.0,-79.8541078789229,9.153643929040372,243,242.22412695871472
7,24,150.0,490.0,625904.0,1012059.0,-79.85410729978578,9.153824792923437,195,544.3348263950767
8,0,170.0,10.0,625924.0,1011579.0,-79.85393919661765,9.149483483931057,165,303.0047387367555
8,1,170.0,30.0,625924.0,1011599.0,-79.85393861766303,9.149664347844814,148,234.64688840065975
8,2,170.0,50.0,625924.0,1011619.0,-79.8539380386965,9.14984521175674,141,164.41783226384155
8,3,170.0,70.0,625924.0,1011639.0,-79.85393745971801,9.150026075666824,159,281.7727056673828
8,4,170.0,90.0,625924.0,1011659.0,-79.8539368807276,9.150206939575073,159,327.0221535851149
8,5,170.0,110.0,625924.0,1011679.0,-79.85393630172527,9.150387803481486,158,268.0661302333548
8,6,170.0,130.0,625924.0,1011699.0,-79.85393572271099,9.150568667386061,165,287.61366397402594
8,7,170.0,150.0,625924.0,1011719.0,-79.85393514368478,9.1507495312888,201,223.72629911141252
8,8,170.0,170.0,625924.0,1011739.0,-79.85393456464665,9.150930395189699,257,105.42109724148494
8,9,170.0,190.0,625924.0,1011759.0,-79.85393398559657,9.151111259088765,236,274.77730960057795
8,10,170.0,210.0,625924.0,1011779.0,-79.85393340653457,9.151292122985991,198,852.2011144736416
8,11,170.0,230.0,625924.0,1011799.0,-79.85393282746064,9.151472986881384,203,82.26472108487934
8,12,170.0,250.0,625924.0,1011819.0,-79.85393224837476,9.151653850774936,199,153.02621005271703
8,13,170.0,270.0,625924.0,1011839.0,-79.85393166927697,9.151834714666656,297,812.7250102033771
8,14,170.0,290.0,625924.0,1011859.0,-79.85393109016724,9.152015578556531,206,161.51467376467227
8,15,170.0,310.0,625924.0,1011879.0,-79.85393051104558,9.152196442444575,302,181.09578269915588
8,16,170.0,330.0,625924.0,1011899.0,-79.85392993191198,9.152377306330779,214,578.0579443744416
8,17,170.0,350.0,625924.0,1011919.0,-79.85392935276644,9.152558170215148,222,355.8465511310383
8,18,170.0,370.0,625924.0,1011939.0,-79.853928773609,9.152739034097676,183,84.78033695545581
8,19,170.0,390.0,625924.0,1011959.0,-79.8539281944396,9.15291989797837,197,602.3172852199181
8,20,170.0,410.0,625924.0,1011979.0,-79.85392761525829,9.153100761857226,196,131.4870514896994
8,21,170.0,430.0,625924.0,1011999.0,-79.85392703606502,9.153281625734246,254,150.05704706424245
8,22,170.0,450.0,625924.0,1012019.0,-79.85392645685984,9.153462489609426,201,173.35923427555267
8,23,170.0,470.0,625924.0,1012039.0,-79.85392587764271,9.153643353482769,219,121.06568848832248
8,24,170.0,490.0,625924.0,1012059.0,-79.85392529841366,9.153824217354275,227,66.41244003658262
9,0,190.0,10.0,625944.0,1011579.0,-79.85375719746337,9.149482908548027,187,192.90845427738418
9,1,190.0,30.0,625944.0,1011599.0,-79.85375661841687,9.14966377245022,203,302.23968007435417
9,2,190.0,50.0,625944.0,1011619.0,-79.85375603935842,9.149844636350583,183,573.5881909261277
9,3,190.0,70.0,625944.0,1011639.0,-79.85375546028806,9.150025500249104,161,405.8418214953319
9,4,190.0,90.0,625944.0,1011659.0,-79.85375488120575,9.150206364145793,253,211.89324564938454
9,5,190.0,110.0,625944.0,1011679.0,-79.85375430211151,9.150387228040644,192,256.14961266666165
9,6,190.0,130.0,625944.0,1011699.0,-79.85375372300531,9.150568091933655,189,75.77539178941838
9,7,190.0,150.0,625944.0,1011719.0,-79.85375314388722,9.150748955824833,215,458.27255535728654
9,8,190.0,170.0,625944.0,1011739.0,-79.85375256475717,9.150929819714168,194,266.562202036728
9,9,190.0,190.0,625944.0,1011759.0,-79.8537519856152,9.151110683601674,204,238.94872977819705
9,10,190.0,210.0,625944.0,1011779.0,-79.85375140646129,9.15129154748734,197,143.66959811183736
9,11,190.0,230.0,625944.0,1011799.0,-79.85375082729544,9.151472411371167,156,513.0860238247207
9,12,190.0,250.0,625944.0,1011819.0,-79.85375024811766,9.151653275253157,226,276.9367804410863
9,13,190.0,270.0,625944.0,1011839.0,-79.85374966892795,9.151834139133312,181,216.91685004840443
9,14,190.0,290.0,625944.0,1011859.0,-79.8537490897263,9.15201500301163,189,891.1740998539692
9,15,190.0,310.0,625944.0,1011879.0,-79.85374851051272,9.152195866888109,221,144.58046395006812
9,16,190.0,330.0,625944.0,1011899.0,-79.85374793128722,9.152376730762752,244,244.82870791397696
9,17,190.0,350.0,625944.0,1011919.0,-79.85374735204977,9.152557594635557,291,388.7192877944036
9,18,190.0,370.0,625944.0,1011939.0,-79.85374677280038,9.152738458506526,299,120.5275883407409
9,19,190.0,390.0,625944.0,1011959.0,-79.85374619353905,9.152919322375656,206,144.26197458038226
9,20,190.0,410.0,625944.0,1011979.0,-79.8537456142658,9.15310018624295,210,175.6277772910897
9,21,190.0,430.0,625944.0,1011999.0,-79.8537450349806,9.153281050108406,245,164.76598079724323
9,22,190.0,450.0,625944.0,1012019.0,-79.8537444556835,9.153461913972025,192,484.32577696255254
9,23,190.0,470.0,625944.0,1012039.0,-79.85374387637444,9.153642777833806,187,222.3543109119325
9,24,190.0,490.0,625944.0,1012059.0,-79.85374329705346,9.15382364169375,156,98.20201109556075
10,0,210.0,10.0,625964.0,1011579.0,-79.85357519832101,9.149482333073674,161,237.96523609018084
10,1,210.0,30.0,625964.0,1011599.0,-79.85357461918262,9.149663196964307,194,272.24483684401036
10,2,210.0,50.0,625964.0,1011619.0,-79.85357404003229,9.149844060853104,197,136.64898885597447
10,3,210.0,70.0,625964.0,1011639.0,-79.85357346087002,9.150024924740062,135,809.7307812688566
10,4,210.0,90.0,625964.0,1011659.0,-79.85357288169581,9.150205788625186,172,186.25258171345428
10,5,210.0,110.0,625964.0,1011679.0,-79.85357230250968,9.15038665250847,148,103.43963956081836
10,6,210.0,130.0,625964.0,1011699.0,-79.8535717233116,9.15056751638992,165,546.6021499509609
10,7,210.0,150.0,625964.0,1011719.0,-79.8535711441016,9.150748380269532,211,117.28812667701325
10,8,210.0,170.0,625964.0,1011739.0,-79.85357056487965,9.150929244147308,211,229.9607569226583
10,9,210.0,190.0,625964.0,1011759.0,-79.85356998564575,9.151110108023246,130,1020.2748861656953
10,10,210.0,210.0,625964.0,1011779.0,-79.85356940639994,9.151290971897348,224,154.42408567982943
10,11,210.0,230.0,625964.0,1011799.0,-79.85356882714218,9.15147183576961,260,204.07895292317818
10,12,210.0,250.0,625964.0,1011819.0,-79.85356824787249,9.151652699640039,231,186.0381383584715
10,13,210.0,270.0,625964.0,1011839.0,-79.85356766859087,9.151833563508632,202,1028.1866638096083
10,14,210.0,290.0,625964.0,1011859.0,-79.8535670892973,9.152014427375383,157,407.7557838760337
10,15,210.0,310.0,625964.0,1011879.0,-79.85356650999181,9.1521952912403,211,416.0975589996869
10,16,210.0,330.0,625964.0,1011899.0,-79.85356593067436,9.15237615510338,166,114.52659677585693
10,17,210.0,350.0,625964.0,1011919.0,-79.853565351345,9.15255701896462,208,262.23945095776656
10,18,210.0,370.0,625964.0,1011939.0,-79.8535647720037,9.152737882824024,254,163.39698906942104
10,19,210.0,390.0,625964.0,1011959.0,-79.85356419265045,9.15291874668159,191,162.7058813665313
10,20,210.0,410.0,625964.0,1011979.0,-79.85356361328526,9.15309961053732,215,292.13912898176983
10,21,210.0,430.0,625964.0,1011999.0,-79.85356303390815,9.153280474391211,198,187.54899411316575
10,22,210.0,450.0,625964.0,1012019.0,-79.85356245451909,9.153461338243266,236,258.18704496803485
10,23,210.0,470.0,625964.0,1012039.0,-79.85356187511812,9.153642202093483,247,91.80167486595609
10,24,210.0,490.0,625964.0,1012059.0,-79.85356129570518,9.153823065941864,131,35.153702082086
11,0,230.0,10.0,625984.0,1011579.0,-79.85339319919059,9.149481757508006,192,143.10761692560797
11,1,230.0,30.0,625984.0,1011599.0,-79.8533926199603,9.14966262138707,242,291.41861247760926
11,2,230.0,50.0,625984.0,1011619.0,-79.85339204071808,9.149843485264302,222,183.80514033914855
11,3,230.0,70.0,625984.0,1011639.0,-79.85339146146393,9.150024349139695,248,489.5949466707739
11,4,230.0,90.0,625984.0,1011659.0,-79.85339088219781,9.150205213013255,230,190.79539142747527
11,5,230.0,110.0,625984.0,1011679.0,-79.85339030291978,9.150386076884974,206,403.7198097607834
11,6,230.0,130.0,625984.0,1011699.0,-79.8533897236298,9.150566940754857,214,533.9571484694194
11,7,230.0,150.0,625984.0,1011719.0,-79.85338914432789,9.150747804622906,204,215.32502430133363
11,8,230.0,170.0,625984.0,1011739.0,-79.85338856501404,9.150928668489113,192,254.80710330852332
11,9,230.0,190.0,625984.0,1011759.0,-79.85338798568824,9.151109532353486,170,310.0476302159407
11,10,230.0,210.0,625984.0,1011779.0,-79.85338740635052,9.151290396216023,237,106.09568766033246
11,11,230.0,230.0,625984.0,1011799.0,-79.85338682700086,9.151471260076722,228,197.19907594384352
11,12,230.0,250.0,625984.0,1011819.0,-79.85338624763926,9.15165212393558,244,85.55872506293345
11,13,230.0,270.0,625984.0,1011839.0,-79.85338566826572,9.151832987792606,234,413.6617007972488
11,14,230.0,290.0,625984.0,1011859.0,-79.85338508888024,9.152013851647794,176,117.1053261123603
11,15,230.0,310.0,625984.0,1011879.0,-79.85338450948282,9.152194715501144,199,118.97317615302178
11,16,230.0,330.0,625984.0,1011899.0,-79.85338393007346,9.152375579352656,182,105.65189016247966
11,17,230.0,350.0,625984.0,1011919.0,-79.85338335065217,9.15255644320233,295,176.97816949046378
11,18,230.0,370.0,625984.0,1011939.0,-79.85338277121893,9.15273730705017,259,437.0069086785154
11,19,230.0,390.0,625984.0,1011959.0,-79.85338219177376,9.15291817089617,232,351.5473282351114
11,20,230.0,410.0,625984.0,1011979.0,-79.85338161231667,9.153099034740334,250,158.32569008015227
11,21,230.0,430.0,625984.0,1011999.0,-79.85338103284762,9.15327989858266,235,210.10925852454022
11,22,230.0,450.0,625984.0,1012019.0,-79.85338045336664,9.153460762423151,251,252.44764052039432
11,23,230.0,470.0,625984.0,1012039.0,-79.85337987387372,9.153641626261802,202,72.25457627418362
11,24,230.0,490.0,625984.0,1012059.0,-79.85337929436886,9.153822490098616,178,138.28149802692496
12,0,250.0,10.0,626004.0,1011579.0,-79.85321120007211,9.14948118185102,182,185.08366253889773
12,1,250.0,30.0,626004.0,1011599.0,-79.85321062074995,9.149662045718516,145,347.04758637343764
12,2,250.0,50.0,626004.0,1011619.0,-79.85321004141582,9.14984290958418,135,389.68332591641223
12,3,250.0,70.0,626004.0,1011639.0,-79.85320946206976,9.150023773448007,160,365.86049675595945
12,4,250.0,90.0,626004.0,1011659.0,-79.85320888271177,9.150204637309997,172,300.7187509323912
12,5,250.0,110.0,626004.0,1011679.0,-79.85320830334182,9.150385501170149,188,89.7197139974292
12,6,250.0,130.0,626004.0,1011699.0,-79.85320772395994,9.150566365028466,228,42.296714787008135
12,7,250.0,150.0,626004.0,1011719.0,-79.85320714456614,9.150747228884944,180,433.81094745525377
12,8,250.0,170.0,626004.0,1011739.0,-79.85320656516038,9.150928092739585,176,380.10335930959275
12,9,250.0,190.0,626004.0,1011759.0,-79.85320598574268,9.151108956592388,188,212.5323774196561
12,10,250.0,210.0,626004.0,1011779.0,-79.85320540631305,9.151289820443358,176,384.4163042711726
12,11,250.0,230.0,626004.0,1011799.0,-79.85320482687148,9.151470684292487,157,132.49594654129973
12,12,250.0,250.0,626004.0,1011819.0,-79.85320424741796,9.151651548139782,194,83.8953345795602
12,13,250.0,270.0,626004.0,1011839.0,-79.8532036679525,9.151832411985241,242,160.27614274637153
12,14,250.0,290.0,626004.0,1011859.0,-79.85320308847511,9.15201327582886,170,230.8437855336626
12,15,250.0,310.0,626004.0,1011879.0,-79.85320250898577,9.152194139670643,118,46.3055621022182
12,16,250.0,330.0,626004.0,1011899.0,-79.8532019294845,9.152375003510587,201,318.4738971052912
12,17,250.0,350.0,626004.0,1011919.0,-79.85320134997129,9.152555867348696,203,128.52323314803033
12,18,250.0,370.0,626004.0,1011939.0,-79.85320077044614,9.152736731184968,181,65.4474521338988
12,19,250.0,390.0,626004.0,1011959.0,-79.85320019090904,9.152917595019398,235,290.4775402109666
12,20,250.0,410.0,626004.0,1011979.0,-79.85319961136,9.153098458851995,213,339.4030089764188
12,21,250.0,430.0,626004.0,1011999.0,-79.85319903179904,9.153279322682753,164,199.92071910304497
12,22,250.0,450.0,626004.0,1012019.0,-79.85319845222612,9.153460186511673,240,351.5693056556697
12,23,250.0,470.0,626004.0,1012039.0,-79.85319787264126,9.153641050338758,230,100.71886052905768
12,24,250.0,490.0,626004.0,1012059.0,-79.85319729304446,9.153821914164002,188,131.3460456988891
13,0,270.0,10.0,626024.0,1011579.0,-79.85302920096558,9.149480606102715,142,973.3319921955916
13,1,270.0,30.0,626024.0,1011599.0,-79.85302862155152,9.149661469958641,188,153.47074827096063
13,2,270.0,50.0,626024.0,1011619.0,-79.8530280421255,9.149842333812737,147,320.0205967199045
13,3,270.0,70.0,626024.0,1011639.0,-79.85302746268755,9.150023197664993,158,236.1938639935713
13,4,270.0,90.0,626024.0,1011659.0,-79.85302688323765,9.150204061515415,134,164.39940280721243
13,5,270.0,110.0,626024.0,1011679.0,-79.8530263037758,9.150384925363996,157,108.86946225221567
13,6,270.0,130.0,626024.0,1011699.0,-79.85302572430204,9.150565789210743,212,102.09079566089967
13,7,270.0,150.0,626024.0,1011719.0,-79.85302514481631,9.150746653055654,207,256.7313872740511
13,8,270.0,170.0,626024.0,1011739.0,-79.85302456531865,9.150927516898724,243,555.0615640050495
13,9,270.0,190.0,626024.0,1011759.0,-79.85302398580906,9.15110838073996,173,193.94060528112772
13,10,270.0,210.0,626024.0,1011779.0,-79.8530234062875,9.15128924457936,208,391.5013467019736
13,11,270.0,230.0,626024.0,1011799.0,-79.85302282675403,9.151470108416921,155,220.909346650558
13,12,270.0,250.0,626024.0,1011819.0,-79.8530222472086,9.151650972252645,260,87.63075439988866
13,13,270.0,270.0,626024.0,1011839.0,-79.85302166765123,9.151831836086531,236,477.06123484400945
13,14,270.0,290.0,626024.0,1011859.0,-79.85302108808192,9.152012699918581,168,290.76646611716404
13,15,270.0,310.0,626024.0,1011879.0,-79.85302050850066,9.152193563748796,241,341.01912160786344
13,16,270.0,330.0,626024.0,1011899.0,-79.85301992890747,9.15237442757717,207,66.01905504724284
13,17,270.0,350.0,626024.0,1011919.0,-79.85301934930234,9.15255529140371,262,171.407538309542
13,18,270.0,370.0,626024.0,1011939.0,-79.85301876968526,9.15273615522841,248,632.786230221618
13,19,270.0,390.0,626024.0,1011959.0,-79.85301819005625,9.152917019051275,223,182.67901612958866
13,20,270.0,410.0,626024.0,1011979.0,-79.85301761041528,9.1530978828723,230,283.0089557675747
13,21,270.0,430.0,626024.0,1011999.0,-79.85301703076237,9.153278746691488,228,209.42241127473235
13,22,270.0,450.0,626024.0,1012019.0,-79.85301645109753,9.15345961050884,233,538.3331494124989
13,23,270.0,470.0,626024.0,1012039.0,-79.85301587142075,9.153640474324353,256,277.50228310493725
13,24,270.0,490.0,626024.0,1012059.0,-79.853015291732,9.15382133813803,216,121.08775032416958
14,0,290.0,10.0,626044.0,1011579.0,-79.85284720187099,9.14948003026309,155,74.72432870632089
14,1,290.0,30.0,626044.0,1011599.0,-79.852846622365,9.149660894107448,167,926.3121964336393
14,2,290.0,50.0,626044.0,1011619.0,-79.8528460428471,9.149841757949972,204,567.6731094740732
14,3,290.0,70.0,626044.0,1011639.0,-79.85284546331727,9.150022621790656,170,270.3409796418104
14,4,290.0,90.0,626044.0,1011659.0,-79.85284488377548,9.150203485629506,159,555.0111811825273
14,5,290.0,110.0,626044.0,1011679.0,-79.85284430422175,9.150384349466519,186,268.473429759658
14,6,290.0,130.0,626044.0,1011699.0,-79.85284372465607,9.150565213301693,226,339.91251162259664
14,7,290.0,150.0,626044.0,1011719.0,-79.85284314507845,9.15074607713503,195,439.3407181030252
14,8,290.0,170.0,626044.0,1011739.0,-79.85284256548888,9.150926940966531,228,83.3832365263654
14,9,290.0,190.0,626044.0,1011759.0,-79.85284198588737,9.151107804796196,196,503.2068267950736
14,10,290.0,210.0,626044.0,1011779.0,-79.85284140627391,9.151288668624021,212,307.9033800681967
14,11,290.0,230.0,626044.0,1011799.0,-79.85284082664852,9.151469532450013,190,208.2682691153487
14,12,290.0,250.0,626044.0,1011819.0,-79.85284024701117,9.151650396274167,138,346.7667155275762
14,13,290.0,270.0,626044.0,1011839.0,-79.85283966736189,9.151831260096484,179,200.32227108816576
14,14,290.0,290.0,626044.0,1011859.0,-79.85283908770067,9.152012123916961,140,486.4353184180671
14,15,290.0,310.0,626044.0,1011879.0,-79.8528385080275,9.152192987735601,185,473.2089980985484
14,16,290.0,330.0,626044.0,1011899.0,-79.8528379283424,9.152373851552408,207,286.19355842993264
14,17,290.0,350.0,626044.0,1011919.0,-79.85283734864534,9.152554715367373,254,133.23599061629622
14,18,290.0,370.0,626044.0,1011939.0,-79.85283676893633,9.152735579180504,219,291.5258680588173
14,19,290.0,390.0,626044.0,1011959.0,-79.85283618921538,9.152916442991794,188,90.09115714014708
14,20,290.0,410.0,626044.0,1011979.0,-79.8528356094825,9.153097306801252,247,556.0355480925571
14,21,290.0,430.0,626044.0,1011999.0,-79.85283502973766,9.153278170608868,236,143.67084022319156
14,22,290.0,450.0,626044.0,1012019.0,-79.85283444998089,9.153459034414649,292,373.5583510363294
14,23,290.0,470.0,626044.0,1012039.0,-79.85283387021217,9.15363989821859,253,220.83469840334175
14,24,290.0,490.0,626044.0,1012059.0,-79.8528332904315,9.153820762020695,234,181.23487817971358
15,0,310.0,10.0,626064.0,1011579.0,-79.85266520278832,9.149479454332148,135,76.72979747516956
15,1,310.0,30.0,626064.0,1011599.0,-79.85266462319048,9.149660318164933,209,109.34139022742323
15,2,310.0,50.0,626064.0,1011619.0,-79.85266404358067,9.149841181995884,173,190.68873316611229
15,3,310.0,70.0,626064.0,1011639.0,-79.85266346395893,9.150022045824993,187,332.9731754683331
15,4,310.0,90.0,626064.0,1011659.0,-79.85266288432524,9.150202909652274,144,445.7877347055276
15,5,310.0,110.0,626064.0,1011679.0,-79.85266230467961,9.150383773477712,156,243.49974247076761
15,6,310.0,130.0,626064.0,1011699.0,-79.85266172502203,9.150564637301313,177,101.81319856111807
15,7,310.0,150.0,626064.0,1011719.0,-79.85266114535251,9.150745501123078,190,96.28415385956616
15,8,310.0,170.0,626064.0,1011739.0,-79.85266056567104,9.150926364943007,189,510.46874228994807
15,9,310.0,190.0,626064.0,1011759.0,-79.85265998597762,9.151107228761095,256,268.1885590225549
15,10,310.0,210.0,626064.0,1011779.0,-79.85265940627227,9.151288092577351,209,419.87140128680716
15,11,310.0,230.0,626064.0,1011799.0,-79.85265882655496,9.151468956391769,194,318.9473963979868
15,12,310.0,250.0,626064.0,1011819.0,-79.85265824682571,9.151649820204346,122,286.55104020526477
15,13,310.0,270.0,626064.0,1011839.0,-79.8526576670845,9.15183068401509,129,114.0200227851907
15,14,310.0,290.0,626064.0,1011859.0,-79.85265708733137,9.152011547823996,165,127.00426933246396
15,15,310.0,310.0,626064.0,1011879.0,-79.8526565075663,9.152192411631065,188,237.28852299534017
15,16,310.0,330.0,626064.0,1011899.0,-79.85265592778924,9.152373275436297,187,125.76263072949114
15,17,310.0,350.0,626064.0,1011919.0,-79.85265534800027,9.152554139239689,206,340.427623226615
15,18,310.0,370.0,626064.0,1011939.0,-79.85265476819936,9.152735003041244,173,146.34163149155967
15,19,310.0,390.0,626064.0,1011959.0,-79.85265418838647,9.152915866840965,235,213.34241120720696
15,20,310.0,410.0,626064.0,1011979.0,-79.85265360856167,9.153096730638845,214,95.43307707274636
15,21,310.0,430.0,626064.0,1011999.0,-79.8526530287249,9.15327759443489,258,168.96551560349346
15,22,310.0,450.0,626064.0,1012019.0,-79.8526524488762,9.153458458229096,260,108.51287775511263
15,23,310.0,470.0,626064.0,1012039.0,-79.85265186901555,9.153639322021467,266,112.94325283958536
15,24,310.0,490.0,626064.0,1012059.0,-79.85265128914295,9.153820185812,215,166.2890073076408
16,0,330.0,10.0,626084.0,1011579.0,-79.85248320371761,9.149478878309889,213,150.80732154440057
16,1,330.0,30.0,626084.0,1011599.0,-79.85248262402787,9.1496597421311,169,107.57285224706212
16,2,330.0,50.0,626084.0,1011619.0,-79.85248204432618,9.149840605950477,200,145.61296332944391
16,3,330.0,70.0,626084.0,1011639.0,-79.85248146461255,9.150021469768012,214,183.46850120266052
16,4,330.0,90.0,626084.0,1011659.0,-79.85248088488696,9.150202333583714,227,412.80876176473146
16,5,330.0,110.0,626084.0,1011679.0,-79.85248030514943,9.150383197397575,182,97.59404704196558
16,6,330.0,130.0,626084.0,1011699.0,-79.85247972539995,9.150564061209606,190,146.71224719912053
16,7,330.0,150.0,626084.0,1011719.0,-79.85247914563851,9.150744925019795,216,465.44697399568855
16,8,330.0,170.0,626084.0,1011739.0,-79.85247856586516,9.150925788828149,204,345.56758932474844
16,9,330.0,190.0,626084.0,1011759.0,-79.85247798607983,9.151106652634663,203,330.9076339940422
16,10,330.0,210.0,626084.0,1011779.0,-79.85247740628256,9.151287516439341,269,138.45594218242263
16,11,330.0,230.0,626084.0,1011799.0,-79.85247682647335,9.151468380242186,241,92.28906636897166
16,12,330.0,250.0,626084.0,1011819.0,-79.85247624665219,9.15164924404319,188,512.0162287062607
16,13,330.0,270.0,626084.0,1011839.0,-79.85247566681907,9.151830107842358,136,1041.7808116048639
16,14,330.0,290.0,626084.0,1011859.0,-79.85247508697401,9.152010971639687,162,200.38992319271432
16,15,330.0,310.0,626084.0,1011879.0,-79.85247450711701,9.152191835435183,179,648.1257409501135
16,16,330.0,330.0,626084.0,1011899.0,-79.85247392724806,9.152372699228836,250,109.28759626217123
16,17,330.0,350.0,626084.0,1011919.0,-79.85247334736715,9.152553563020655,187,106.26146305750773
16,18,330.0,370.0,626084.0,1011939.0,-79.85247276747431,9.152734426810637,266,329.21110959795647
16,19,330.0,390.0,626084.0,1011959.0,-79.8524721875695,9.152915290598783,237,162.1650931135458
16,20,330.0,410.0,626084.0,1011979.0,-79.85247160765276,9.153096154385088,208,212.23231711207447
16,21,330.0,430.0,626084.0,1011999.0,-79.85247102772408,9.153277018169556,211,136.74081962806343
16,22,330.0,450.0,626084.0,1012019.0,-79.85247044778345,9.153457881952187,244,388.0422650990511
16,23,330.0,470.0,626084.0,1012039.0,-79.85246986783086,9.15363874573298,257,651.5301659610273
16,24,330.0,490.0,626084.0,1012059.0,-79.85246928786631,9.15381960951194,254,304.1927215104933
17,0,350.0,10.0,626104.0,1011579.0,-79.85230120465886,9.149478302196313,217,196.2193770552421
17,1,350.0,30.0,626104.0,1011599.0,-79.85230062487722,9.149659166005945,237,136.757759539997
17,2,350.0,50.0,626104.0,1011619.0,-79.85230004508362,9.149840029813744,196,243.2548887044051
17,3,350.0,70.0,626104.0,1011639.0,-79.85229946527811,9.150020893619704,222,194.08092938993954
17,4,350.0,90.0,626104.0,1011659.0,-79.85229888546061,9.15020175742383,192,512.7900275998833
17,5,350.0,110.0,626104.0,1011679.0,-79.8522983056312,9.150382621226118,194,230.73171438141546
17,6,350.0,130.0,626104.0,1011699.0,-79.85229772578981,9.150563485026568,172,94.77946607167247
17,7,350.0,150.0,626104.0,1011719.0,-79.85229714593648,9.15074434882518,174,251.48924383169967
17,8,350.0,170.0,626104.0,1011739.0,-79.8522965660712,9.150925212621955,220,249.69822672075153
17,9,350.0,190.0,626104.0,1011759.0,-79.85229598619398,9.151106076416895,158,219.62660211659895
17,10,350.0,210.0,626104.0,1011779.0,-79.8522954063048,9.151286940209998,291,311.00695589033637
17,11,350.0,230.0,626104.0,1011799.0,-79.85229482640366,9.151467804001262,224,347.30905023482694
17,12,350.0,250.0,626104.0,1011819.0,-79.8522942464906,9.15164866779069,103,175.06510934072122
17,13,350.0,270.0,626104.0,1011839.0,-79.85229366656557,9.151829531578281,180,284.3732738837115
17,14,350.0,290.0,626104.0,1011859.0,-79.8522930866286,9.152010395364037,141,188.0665165373568
17,15,350.0,310.0,626104.0,1011879.0,-79.85229250667967,9.15219125914795,210,321.8476433736908
17,16,350.0,330.0,626104.0,1011899.0,-79.8522919267188,9.152372122930032,178,187.24696957988183
17,17,350.0,350.0,626104.0,1011919.0,-79.85229134674599,9.152552986710273,177,159.4478473018093
17,18,350.0,370.0,626104.0,1011939.0,-79.85229076676121,9.152733850488678,263,245.50340794138594
17,19,350.0,390.0,626104.0,1011959.0,-79.85229018676449,9.152914714265242,272,88.58956351646975
17,20,350.0,410.0,626104.0,1011979.0,-79.85228960675583,9.153095578039974,262,240.5974932596549
17,21,350.0,430.0,626104.0,1011999.0,-79.8522890267352,9.153276441812867,287,202.5222951174007
17,22,350.0,450.0,626104.0,1012019.0,-79.85228844670264,9.153457305583919,232,271.4707074510577
17,23,350.0,470.0,626104.0,1012039.0,-79.85228786665812,9.153638169353137,332,852.7447466192173
17,24,350.0,490.0,626104.0,1012059.0,-79.85228728660165,9.153819033120518,234,133.40171342967037
18,0,370.0,10.0,626124.0,1011579.0,-79.85211920561204,9.149477725991417,250,241.16021767333694
18,1,370.0,30.0,626124.0,1011599.0,-79.85211862573851,9.149658589789473,142,127.80468851820004
18,2,370.0,50.0,626124.0,1011619.0,-79.85211804585303,9.149839453585692,192,189.32860689759744
18,3,370.0,70.0,626124.0,1011639.0,-79.8521174659556,9.150020317380072,258,493.518151651938
18,4,370.0,90.0,626124.0,1011659.0,-79.85211688604623,9.150201181172621,310,589.2950897490774
18,5,370.0,110.0,626124.0,1011679.0,-79.8521163061249,9.150382044963328,180,389.193478613534
18,6,370.0,130.0,626124.0,1011699.0,-79.85211572619163,9.150562908752201,150,188.0551942927624
18,7,370.0,150.0,626124.0,1011719.0,-79.85211514624639,9.150743772539235,144,129.3062789151984
18,8,370.0,170.0,626124.0,1011739.0,-79.8521145662892,9.150924636324431,162,268.2249712720636
18,9,370.0,190.0,626124.0,1011759.0,-79.85211398632008,9.151105500107791,156,74.56051440202766
18,10,370.0,210.0,626124.0,1011779.0,-79.85211340633899,9.151286363889316,232,49.881304496080716
18,11,370.0,230.0,626124.0,1011799.0,-79.85211282634596,9.151467227669004,303,798.392224498483
18,12,370.0,250.0,626124.0,1011819.0,-79.85211224634097,9.15164809144685,235,112.22385208066274
18,13,370.0,270.0,626124.0,1011839.0,-79.85211166632402,9.151828955222866,248,114.3239918563463
18,14,370.0,290.0,626124.0,1011859.0,-79.85211108629514,9.15200981899704,132,197.42399633784208
18,15,370.0,310.0,626124.0,1011879.0,-79.8521105062543,9.152190682769378,198,220.5423183587043
18,16,370.0,330.0,626124.0,1011899.0,-79.8521099262015,9.152371546539877,171,248.86306922697
18,17,370.0,350.0,626124.0,1011919.0,-79.85210934613677,9.152552410308541,208,165.06856121373153
18,18,370.0,370.0,626124.0,1011939.0,-79.85210876606008,9.152733274075368,328,282.87494866114974
18,19,370.0,390.0,626124.0,1011959.0,-79.85210818597143,9.152914137840355,328,153.52389603822996
18,20,370.0,410.0,626124.0,1011979.0,-79.85210760587083,9.153095001603504,210,170.42606895984358
18,21,370.0,430.0,626124.0,1011999.0,-79.85210702575829,9.153275865364819,275,182.15860761211823
18,22,370.0,450.0,626124.0,1012019.0,-79.85210644563378,9.153456729124295,284,204.35393381305445
18,23,370.0,470.0,626124.0,1012039.0,-79.85210586549734,9.153637592881932,337,83.54352986942068
18,24,370.0,490.0,626124.0,1012059.0,-79.85210528534893,9.153818456637731,318,188.69698941245255
19,0,390.0,10.0,626144.0,1011579.0,-79.85193720657718,9.149477149695207,222,734.799050891227
19,1,390.0,30.0,626144.0,1011599.0,-79.85193662661176,9.149658013481677,260,127.03688258277734
19,2,390.0,50.0,626144.0,1011619.0,-79.85193604663439,9.149838877266319,230,159.20274235788963
19,3,390.0,70.0,626144.0,1011639.0,-79.85193546664507,9.15001974104912,124,340.91457286852574
19,4,390.0,90.0,626144.0,1011659.0,-79.8519348866438,9.150200604830088,145,199.8191219084695
19,5,390.0,110.0,626144.0,1011679.0,-79.85193430663057,9.150381468609217,161,235.82902402571725
19,6,390.0,130.0,626144.0,1011699.0,-79.85193372660538,9.150562332386507,146,213.82022624060696
19,7,390.0,150.0,626144.0,1011719.0,-79.85193314656824,9.15074319616196,147,707.6095924590926
19,8,390.0,170.0,626144.0,1011739.0,-79.85193256651917,9.150924059935576,175,1350.7578137280007
19,9,390.0,190.0,626144.0,1011759.0,-79.85193198645813,9.151104923707356,176,453.6793514884441
19,10,390.0,210.0,626144.0,1011779.0,-79.85193140638513,9.1512857874773,171,397.8275209631673
19,11,390.0,230.0,626144.0,1011799.0,-79.85193082630019,9.151466651245405,111,83.25129863746865
19,12,390.0,250.0,626144.0,1011819.0,-79.85193024620328,9.151647515011671,214,941.1904603127385
19,13,390.0,270.0,626144.0,1011839.0,-79.85192966609443,9.151828378776107,150,112.48490478292747
19,14,390.0,290.0,626144.0,1011859.0,-79.85192908597362,9.152009242538702,177,424.5337638530603
19,15,390.0,310.0,626144.0,1011879.0,-79.85192850584087,9.15219010629946,181,269.64077886615974
19,16,390.0,330.0,626144.0,1011899.0,-79.85192792569616,9.152370970058378,201,131.71071270881157
19,17,390.0,350.0,626144.0,1011919.0,-79.8519273455395,9.15255183381546,238,241.44482679911107
19,18,390.0,370.0,626144.0,1011939.0,-79.85192676537088,9.152732697570702,249,173.09614341461204
19,19,390.0,390.0,626144.0,1011959.0,-79.85192618519032,9.152913561324112,293,83.7545244605884
19,20,390.0,410.0,626144.0,1011979.0,-79.85192560499779,9.153094425075682,203,163.36928308126664
19,21,390.0,430.0,626144.0,1011999.0,-79.85192502479332,9.153275288825416,237,233.7703590605523
19,22,390.0,450.0,626144.0,1012019.0,-79.85192444457688,9.153456152573312,239,207.60531847925668
19,23,390.0,470.0,626144.0,1012039.0,-79.85192386434849,9.153637016319369,239,153.68067542990252
19,24,390.0,490.0,626144.0,1012059.0,-79.85192328410817,9.153817880063588,257,110.53493949499627
20,0,410.0,10.0,626164.0,1011579.0,-79.85175520755428,9.149476573307675,177,397.1870288739574
20,1,410.0,30.0,626164.0,1011599.0,-79.85175462749696,9.149657437082565,203,213.63525786959937
20,2,410.0,50.0,626164.0,1011619.0,-79.85175404742769,9.149838300855624,172,370.89569467598886
20,3,410.0,70.0,626164.0,1011639.0,-79.85175346734647,9.150019164626842,156,160.46915127348854
20,4,410.0,90.0,626164.0,1011659.0,-79.85175288725331,9.150200028396226,193,166.75546748634932
20,5,410.0,110.0,626164.0,1011679.0,-79.85175230714817,9.150380892163772,196,281.94311045243285
20,6,410.0,130.0,626164.0,1011699.0,-79.8517517270311,9.15056175592948,149,90.20217852680727
20,7,410.0,150.0,626164.0,1011719.0,-79.85175114690206,9.150742619693352,174,172.22984889902293
20,8,410.0,170.0,626164.0,1011739.0,-79.85175056676107,9.150923483455388,202,71.6570858907115
20,9,410.0,190.0,626164.0,1011759.0,-79.85174998660813,9.151104347215586,159,168.19398439410898
20,10,410.0,210.0,626164.0,1011779.0,-79.85174940644322,9.151285210973946,158,180.70720463150928
20,11,410.0,230.0,626164.0,1011799.0,-79.85174882626637,9.15146607473047,113,242.25771988520495
20,12,410.0,250.0,626164.0,1011819.0,-79.85174824607755,9.151646938485154,177,400.9476544459151
20,13,410.0,270.0,626164.0,1011839.0,-79.8517476658768,9.151827802238008,249,201.2349630052229
20,14,410.0,290.0,626164.0,1011859.0,-79.85174708566407,9.152008665989017,231,80.90000614016928
20,15,410.0,310.0,626164.0,1011879.0,-79.85174650543941,9.152189529738193,159,461.43828156751493
20,16,410.0,330.0,626164.0,1011899.0,-79.85174592520278,9.152370393485532,180,114.2823691290689
20,17,410.0,350.0,626164.0,1011919.0,-79.85174534495418,9.15255125723103,230,302.61457988480475
20,18,410.0,370.0,626164.0,1011939.0,-79.85174476469365,9.152732120974695,186,289.2355015452777
20,19,410.0,390.0,626164.0,1011959.0,-79.85174418442115,9.15291298471652,259,326.1794389124034
20,20,410.0,410.0,626164.0,1011979.0,-79.8517436041367,9.153093848456509,193,394.68969522836505
20,21,410.0,430.0,626164.0,1011999.0,-79.8517430238403,9.153274712194655,315,137.6053512316358
20,22,410.0,450.0,626164.0,1012019.0,-79.85174244353192,9.15345557593097,184,122.45797618764824
20,23,410.0,470.0,626164.0,1012039.0,-79.85174186321161,9.153636439665444,251,192.7247049656696
20,24,410.0,490.0,626164.0,1012059.0,-79.85174128287935,9.153817303398084,221,119.23009889159822
21,0,430.0,10.0,626184.0,1011579.0,-79.85157320854331,9.149475996828825,167,814.463034651996
21,1,430.0,30.0,626184.0,1011599.0,-79.85157262839411,9.149656860592133,190,226.40538064502945
21,2,430.0,50.0,626184.0,1011619.0,-79.85157204823297,9.149837724353606,155,525.2316520167743
21,3,430.0,70.0,626184.0,1011639.0,-79.85157146805984,9.150018588113243,187,310.7881091522333
21,4,430.0,90.0,626184.0,1011659.0,-79.85157088787477,9.150199451871043,205,143.34910966119335
21,5,430.0,110.0,626184.0,1011679.0,-79.85157030767776,9.150380315627006,214,376.5760476934891
21,6,430.0,130.0,626184.0,1011699.0,-79.85156972746877,9.150561179381128,189,335.9920014538902
21,7,430.0,150.0,626184.0,1011719.0,-79.85156914724783,9.150742043133414,178,269.3801502447446
21,8,430.0,170.0,626184.0,1011739.0,-79.85156856701494,9.150922906883867,173,488.54272225724696
21,9,430.0,190.0,626184.0,1011759.0,-79.85156798677009,9.15110377063248,158,398.83078818197936
21,10,430.0,210.0,626184.0,1011779.0,-79.85156740651328,9.151284634379257,190,173.78986419384097
21,11,430.0,230.0,626184.0,1011799.0,-79.85156682624451,9.151465498124196,127,386.8227665010976
21,12,430.0,250.0,626184.0,1011819.0,-79.85156624596378,9.151646361867298,149,166.93333535625837
21,13,430.0,270.0,626184.0,1011839.0,-79.85156566567112,9.151827225608564,160,321.073940604423
21,14,430.0,290.0,626184.0,1011859.0,-79.85156508536647,9.152008089347992,238,154.59049214057157
21,15,430.0,310.0,626184.0,1011879.0,-79.85156450504988,9.152188953085583,197,218.24829690237576
21,16,430.0,330.0,626184.0,1011899.0,-79.85156392472133,9.152369816821336,205,145.68121710278106
21,17,430.0,350.0,626184.0,1011919.0,-79.85156334438082,9.152550680555251,182,184.98913097513994
21,18,430.0,370.0,626184.0,1011939.0,-79.85156276402837,9.15273154428733,174,419.4454720988333
21,19,430.0,390.0,626184.0,1011959.0,-79.85156218366394,9.15291240801757,149,149.11264270278875
21,20,430.0,410.0,626184.0,1011979.0,-79.85156160328756,9.153093271745975,189,371.30570514473635
21,21,430.0,430.0,626184.0,1011999.0,-79.85156102289923,9.153274135472541,249,318.49042104510033
21,22,430.0,450.0,626184.0,1012019.0,-79.85156044249894,9.153454999197267,251,223.2065153737691
21,23,430.0,470.0,626184.0,1012039.0,-79.85155986208669,9.153635862920156,168,199.0902615214349
21,24,430.0,490.0,626184.0,1012059.0,-79.85155928166247,9.153816726641212,243,335.00552366434846
22,0,450.0,10.0,626204.0,1011579.0,-79.85139120954432,9.14947542025866,171,480.57035215274993
22,1,450.0,30.0,626204.0,1011599.0,-79.85139062930322,9.149656284010383,150,200.49811658649517
22,2,450.0,50.0,626204.0,1011619.0,-79.85139004905018,9.149837147760271,160,276.51284009696445
22,3,450.0,70.0,626204.0,1011639.0,-79.85138946878516,9.150018011508319,145,641.0787256506542
22,4,450.0,90.0,626204.0,1011659.0,-79.8513888885082,9.150198875254533,137,268.91108591020304
22,5,450.0,110.0,626204.0,1011679.0,-79.85138830821928,9.150379738998906,160,106.97427773552097
22,6,450.0,130.0,626204.0,1011699.0,-79.8513877279184,9.150560602741447,136,630.5767703071299
22,7,450.0,150.0,626204.0,1011719.0,-79.85138714760555,9.15074146648215,183,97.71374049680051
22,8,450.0,170.0,626204.0,1011739.0,-79.85138656728076,9.150922330221013,174,173.26907039568405
22,9,450.0,190.0,626204.0,1011759.0,-79.851385986944,9.151103193958042,142,342.45248970501007
22,10,450.0,210.0,626204.0,1011779.0,-79.85138540659528,9.151284057693232,135,787.6624600139038
22,11,450.0,230.0,626204.0,1011799.0,-79.85138482623461,9.151464921426584,133,554.886310525916
22,12,450.0,250.0,626204.0,1011819.0,-79.85138424586198,9.151645785158099,327,257.1578808178439
22,13,450.0,270.0,626204.0,1011839.0,-79.85138366547739,9.15182664888778,177,160.73241480278233
22,14,450.0,290.0,626204.0,1011859.0,-79.85138308508084,9.152007512615624,233,181.74256641978758
22,15,450.0,310.0,626204.0,1011879.0,-79.85138250467232,9.15218837634163,162,564.4495554276016
22,16,450.0,330.0,626204.0,1011899.0,-79.85138192425185,9.152369240065795,192,229.79386909180064
22,17,450.0,350.0,626204.0,1011919.0,-79.85138134381943,9.152550103788123,228,187.80961406665114
22,18,450.0,370.0,626204.0,1011939.0,-79.85138076337503,9.152730967508617,192,300.89818029441375
22,19,450.0,390.0,626204.0,1011959.0,-79.85138018291869,9.15291183122727,218,337.2316963628058
22,20,450.0,410.0,626204.0,1011979.0,-79.8513796024504,9.153092694944087,250,170.32265484898542
22,21,450.0,430.0,626204.0,1011999.0,-79.85137902197013,9.15327355865907,178,129.80348831004702
22,22,450.0,450.0,626204.0,1012019.0,-79.85137844147789,9.153454422372212,220,676.6016592048069
22,23,450.0,470.0,626204.0,1012039.0,-79.85137786097371,9.153635286083516,248,192.01515928572474
22,24,450.0,490.0,626204.0,1012059.0,-79.85137728045758,9.153816149792982,273,186.06802261630082
23,0,470.0,10.0,626224.0,1011579.0,-79.85120921055727,9.149474843597176,212,109.81434254340981
23,1,470.0,30.0,626224.0,1011599.0,-79.85120863022429,9.14965570733731,177,300.74696408814873
23,2,470.0,50.0,626224.0,1011619.0,-79.85120804987936,9.14983657107561,186,566.3220968220716
23,3,470.0,70.0,626224.0,1011639.0,-79.85120746952245,9.15001743481207,133,228.26959477771132
23,4,470.0,90.0,626224.0,1011659.0,-79.85120688915359,9.150198298546696,130,147.34487852151284
23,5,470.0,110.0,626224.0,1011679.0,-79.85120630877277,9.150379162279485,197,128.76255610101785
23,6,470.0,130.0,626224.0,1011699.0,-79.85120572837998,9.150560026010435,151,489.0337902181277
23,7,470.0,150.0,626224.0,1011719.0,-79.85120514797525,9.15074088973955,154,151.79161227748023
23,8,470.0,170.0,626224.0,1011739.0,-79.85120456755853,9.150921753466827,141,421.8029133633145
23,9,470.0,190.0,626224.0,1011759.0,-79.85120398712986,9.151102617192267,139,110.23013632373002
23,10,470.0,210.0,626224.0,1011779.0,-79.85120340668925,9.151283480915872,182,115.85593709022608
23,11,470.0,230.0,626224.0,1011799.0,-79.85120282623666,9.151464344637635,192,140.24453061133022
23,12,470.0,250.0,626224.0,1011819.0,-79.85120224577211,9.151645208357563,194,81.13114524407825
23,13,470.0,270.0,626224.0,1011839.0,-79.85120166529562,9.151826072075657,203,377.21259018872695
23,14,470.0,290.0,626224.0,1011859.0,-79.85120108480714,9.15200693579191,181,124.08667345749862
23,15,470.0,310.0,626224.0,1011879.0,-79.85120050430672,9.152187799506327,162,65.3559647620579
23,16,470.0,330.0,626224.0,1011899.0,-79.85119992379433,9.152368663218907,271,670.124362679068
23,17,470.0,350.0,626224.0,1011919.0,-79.85119934326998,9.152549526929647,166,245.09810243787834
23,18,470.0,370.0,626224.0,1011939.0,-79.85119876273366,9.152730390638554,160,250.98705781391993
23,19,470.0,390.0,626224.0,1011959.0,-79.8511981821854,9.152911254345618,179,157.1637307033384
23,20,470.0,410.0,626224.0,1011979.0,-79.85119760162517,9.153092118050848,288,244.58347780861487
23,21,470.0,430.0,626224.0,1011999.0,-79.85119702105298,9.15327298175424,300,217.61976219870854
23,22,470.0,450.0,626224.0,1012019.0,-79.85119644046883,9.153453845455793,260,494.1178302001829
23,23,470.0,470.0,626224.0,1012039.0,-79.8511958598727,9.153634709155511,180,253.7579228945316
23,24,470.0,490.0,626224.0,1012059.0,-79.85119527926463,9.153815572853391,226,333.3610221997426
24,0,490.0,10.0,626244.0,1011579.0,-79.85102721158219,9.149474266844376,298,280.43214198236285
24,1,490.0,30.0,626244.0,1011599.0,-79.85102663115731,9.149655130572919,237,560.5785505118191
24,2,490.0,50.0,626244.0,1011619.0,-79.85102605072049,9.14983599429963,185,699.0202516291297
24,3,490.0,70.0,626244.0,1011639.0,-79.8510254702717,9.1500168580245,128,173.84582421840878
24,4,490.0,90.0,626244.0,1011659.0,-79.85102488981093,9.150197721747537,244,609.1521910855198
24,5,490.0,110.0,626244.0,1011679.0,-79.85102430933821,9.150378585468735,259,337.2208991880265
24,6,490.0,130.0,626244.0,1011699.0,-79.85102372885352,9.150559449188096,220,133.26870636316147
24,7,490.0,150.0,626244.0,1011719.0,-79.85102314835687,9.150740312905622,170,174.67198792234348
24,8,490.0,170.0,626244.0,1011739.0,-79.85102256784828,9.15092117662131,154,308.24294077296787
24,9,490.0,190.0,626244.0,1011759.0,-79.85102198732771,9.151102040335159,220,397.4244637873759
24,10,490.0,210.0,626244.0,1011779.0,-79.85102140679517,9.151282904047171,171,239.04913636470044
24,11,490.0,230.0,626244.0,1011799.0,-79.85102082625068,9.151463767757349,303,82.46924620906559
24,12,490.0,250.0,626244.0,1011819.0,-79.85102024569422,9.151644631465686,228,195.2347968596646
24,13,490.0,270.0,626244.0,1011839.0,-79.8510196651258,9.15182549517219,214,983.3468892282649
24,14,490.0,290.0,626244.0,1011859.0,-79.85101908454541,9.152006358876854,155,728.6547448409272
24,15,490.0,310.0,626244.0,1011879.0,-79.85101850395307,9.15218722257968,168,353.7063422056631
24,16,490.0,330.0,626244.0,1011899.0,-79.85101792334878,9.15236808628067,243,90.09150306741847
24,17,490.0,350.0,626244.0,1011919.0,-79.8510173427325,9.15254894997982,139,244.33983360679642
24,18,490.0,370.0,626244.0,1011939.0,-79.85101676210427,9.152729813677135,163,229.02284095946715
24,19,490.0,390.0,626244.0,1011959.0,-79.85101618146408,9.152910677372615,183,137.64708707163234
24,20,490.0,410.0,626244.0,1011979.0,-79.8510156008119,9.153091541066253,188,224.87831905315744
24,21,490.0,430.0,626244.0,1011999.0,-79.85101502014778,9.153272404758056,210,1141.5640917498042
24,22,490.0,450.0,626244.0,1012019.0,-79.8510144394717,9.153453268448018,168,115.19359284331112
24,23,490.0,470.0,626244.0,1012039.0,-79.85101385878366,9.153634132136148,179,280.87886427551575
24,24,490.0,490.0,626244.0,1012059.0,-79.85101327808366,9.153814995822438,214,333.6087520601627
25,0,510.0,10.0,626264.0,1011579.0,-79.85084521261906,9.149473690000255,190,109.14322623345294
25,1,510.0,30.0,626264.0,1011599.0,-79.85084463210231,9.149654553717209,162,532.8567688133954
25,2,510.0,50.0,626264.0,1011619.0,-79.85084405157359,9.149835417432326,148,516.0080077632247
25,3,510.0,70.0,626264.0,1011639.0,-79.85084347103289,9.150016281145607,172,148.55627415325634
25,4,510.0,90.0,626264.0,1011659.0,-79.85084289048024,9.150197144857055,265,453.1926538989075
25,5,510.0,110.0,626264.0,1011679.0,-79.85084230991562,9.15037800856666,285,284.5759424127941
25,6,510.0,130.0,626264.0,1011699.0,-79.85084172933904,9.150558872274429,217,199.1394520600946
25,7,510.0,150.0,626264.0,1011719.0,-79.85084114875049,9.150739735980364,192,226.43906435099632
25,8,510.0,170.0,626264.0,1011739.0,-79.85084056814998,9.150920599684458,167,167.75394462465658
25,9,510.0,190.0,626264.0,1011759.0,-79.8508399875375,9.151101463386716,192,220.50783139325642
25,10,510.0,210.0,626264.0,1011779.0,-79.85083940691305,9.151282327087138,224,572.1199328641349
25,11,510.0,230.0,626264.0,1011799.0,-79.85083882627666,9.151463190785723,193,113.82789292968296
25,12,510.0,250.0,626264.0,1011819.0,-79.85083824562828,9.15164405448247,231,184.02992954401694
25,13,510.0,270.0,626264.0,1011839.0,-79.85083766496795,9.151824918177383,192,1221.7618898083044
25,14,510.0,290.0,626264.0,1011859.0,-79.85083708429566,9.152005781870452,221,143.55476229361963
25,15,510.0,310.0,626264.0,1011879.0,-79.8508365036114,9.15218664556169,216,163.85932279075882
25,16,510.0,330.0,626264.0,1011899.0,-79.85083592291517,9.15236750925109,202,885.7823319249869
25,17,510.0,350.0,626264.0,1011919.0,-79.85083534220698,9.152548372938648,155,319.8974341376654
25,18,510.0,370.0,626264.0,1011939.0,-79.85083476148682,9.152729236624372,152,618.3977020563715
25,19,510.0,390.0,626264.0,1011959.0,-79.8508341807547,9.152910100308256,175,996.8549630281796
25,20,510.0,410.0,626264.0,1011979.0,-79.85083360001062,9.153090963990303,163,119.71820519662543
25,21,510.0,430.0,626264.0,1011999.0,-79.85083301925457,9.153271827670515,183,283.2184329057201
25,22,510.0,450.0,626264.0,1012019.0,-79.85083243848655,9.153452691348887,209,191.72776325762092
25,23,510.0,470.0,626264.0,1012039.0,-79.85083185770658,9.15363355502542,191,324.1334765813854
25,24,510.0,490.0,626264.0,1012059.0,-79.85083127691462,9.15381441870012,176,59.95373009698551
26,0,530.0,10.0,626284.0,1011579.0,-79.85066321366791,9.149473113064818,116,324.847435714223
26,1,530.0,30.0,626284.0,1011599.0,-79.85066263305926,9.149653976770178,180,147.9924134108161
26,2,530.0,50.0,626284.0,1011619.0,-79.85066205243865,9.149834840473705,117,519.6996794055793
26,3,530.0,70.0,626284.0,1011639.0,-79.85066147180606,9.150015704175392,112,717.704559703908
26,4,530.0,90.0,626284.0,1011659.0,-79.85066089116151,9.150196567875243,180,177.60086185716256
26,5,530.0,110.0,626284.0,1011679.0,-79.85066031050499,9.150377431573256,250,391.86771070607466
26,6,530.0,130.0,626284.0,1011699.0,-79.85065972983651,9.150558295269432,196,172.54360927345604
26,7,530.0,150.0,626284.0,1011719.0,-79.85065914915606,9.150739158963772,167,161.81267539649912
26,8,530.0,170.0,626284.0,1011739.0,-79.85065856846364,9.150920022656274,162,235.6888188638343
26,9,530.0,190.0,626284.0,1011759.0,-79.85065798775926,9.15110088634694,167,258.8254140465357
26,10,530.0,210.0,626284.0,1011779.0,-79.85065740704292,9.151281750035768,176,157.15422082913395
26,11,530.0,230.0,626284.0,1011799.0,-79.8506568263146,9.15146261372276,245,437.2381907489275
26,12,530.0,250.0,626284.0,1011819.0,-79.85065624557433,9.151643477407914,220,409.97866951845424
26,13,530.0,270.0,626284.0,1011839.0,-79.85065566482207,9.151824341091231,199,105.19834104572267
26,14,530.0,290.0,626284.0,1011859.0,-79.85065508405786,9.15200520477271,177,456.71722472817544
26,15,530.0,310.0,626284.0,1011879.0,-79.85065450328169,9.152186068452353,188,766.0777004773565
26,16,530.0,330.0,626284.0,1011899.0,-79.85065392249354,9.152366932130159,192,289.62601290934396
26,17,530.0,350.0,626284.0,1011919.0,-79.85065334169342,9.152547795806123,225,134.691850076365
26,18,530.0,370.0,626284.0,1011939.0,-79.85065276088135,9.152728659480253,163,278.4223076122548
26,19,530.0,390.0,626284.0,1011959.0,-79.8506521800573,9.152909523152548,140,89.6455208345568
26,20,530.0,410.0,626284.0,1011979.0,-79.85065159922128,9.153090386823003,158,231.78772612038063
26,21,530.0,430.0,626284.0,1011999.0,-79.85065101837331,9.153271250491617,137,631.5773860306446
26,22,530.0,450.0,626284.0,1012019.0,-79.85065043751335,9.153452114158396,143,185.36330572525966
26,23,530.0,470.0,626284.0,1012039.0,-79.85064985664145,9.153632977823337,143,86.08975220264593
26,24,530.0,490.0,626284.0,1012059.0,-79.85064927575756,9.153813841486445,119,109.91873816518516
27,0,550.0,10.0,626304.0,1011579.0,-79.85048121472873,9.149472536038063,106,322.95290415311626
27,1,550.0,30.0,626304.0,1011599.0,-79.85048063402819,9.149653399731827,130,161.19462835275866
27,2,550.0,50.0,626304.0,1011619.0,-79.85048005331568,9.149834263423761,178,583.8862692826631
27,3,550.0,70.0,626304.0,1011639.0,-79.85047947259119,9.150015127113852,151,289.46831780951874
27,4,550.0,90.0,626304.0,1011659.0,-79.85047889185475,9.150195990802109,158,321.3882329789323
27,5,550.0,110.0,626304.0,1011679.0,-79.85047831110633,9.150376854488528,216,477.7873057083944
27,6,550.0,130.0,626304.0,1011699.0,-79.85047773034594,9.150557718173108,205,348.4959772002342
27,7,550.0,150.0,626304.0,1011719.0,-79.85047714957359,9.150738581855853,181,290.4185146749333
27,8,550.0,170.0,626304.0,1011739.0,-79.85047656878928,9.15091944553676,214,132.3661842400983
27,9,550.0,190.0,626304.0,1011759.0,-79.850475987993,9.151100309215831,186,462.6670048107373
27,10,550.0,210.0,626304.0,1011779.0,-79.85047540718473,9.151281172893064,224,215.92611410044157
27,11,550.0,230.0,626304.0,1011799.0,-79.8504748263645,9.15146203656846,196,211.89579890895658
27,12,550.0,250.0,626304.0,1011819.0,-79.85047424553233,9.151642900242017,226,191.4200960231834
27,13,550.0,270.0,626304.0,1011839.0,-79.85047366468815,9.151823763913738,254,388.92197192869406
27,14,550.0,290.0,626304.0,1011859.0,-79.85047308383203,9.152004627583624,222,602.2699063840073
27,15,550.0,310.0,626304.0,1011879.0,-79.85047250296392,9.152185491251673,168,378.44390763162164
27,16,550.0,330.0,626304.0,1011899.0,-79.85047192208387,9.15236635491788,180,236.34290619035377
27,17,550.0,350.0,626304.0,1011919.0,-79.85047134119183,9.152547218582251,172,691.8179959039334
27,18,550.0,370.0,626304.0,1011939.0,-79.85047076028783,9.152728082244789,133,111.02923378240736
27,19,550.0,390.0,626304.0,1011959.0,-79.85047017937185,9.152908945905484,153,302.4947906339004
27,20,550.0,410.0,626304.0,1011979.0,-79.85046959844392,9.153089809564342,138,287.57643647690475
27,21,550.0,430.0,626304.0,1011999.0,-79.85046901750401,9.153270673221362,166,302.60342471356927
27,22,550.0,450.0,626304.0,1012019.0,-79.85046843655213,9.153451536876549,189,750.733227100398
27,23,550.0,470.0,626304.0,1012039.0,-79.85046785558829,9.153632400529895,142,254.90872566408723
27,24,550.0,490.0,626304.0,1012059.0,-79.85046727461248,9.153813264181403,150,110.8891206089207
28,0,570.0,10.0,626324.0,1011579.0,-79.85029921580151,9.149471958919992,147,307.9340925675465
28,1,570.0,30.0,626324.0,1011599.0,-79.85029863500908,9.14965282260216,148,1654.6740598413946
28,2,570.0,50.0,626324.0,1011619.0,-79.85029805420467,9.149833686282495,214,208.58474131586968
28,3,570.0,70.0,626324.0,1011639.0,-79.8502974733883,9.150014549960986,210,566.2715790827523
28,4,570.0,90.0,626324.0,1011659.0,-79.85029689255994,9.15019541363765,186,332.6651596716851
28,5,570.0,110.0,626324.0,1011679.0,-79.85029631171963,9.150376277312471,198,586.5137395672983
28,6,570.0,130.0,626324.0,1011699.0,-79.85029573086734,9.150557140985454,231,48.92265903891147
28,7,570.0,150.0,626324.0,1011719.0,-79.8502951500031,9.150738004656603,203,395.4206595240313
28,8,570.0,170.0,626324.0,1011739.0,-79.85029456912687,9.150918868325913,263,260.09043243360003
28,9,570.0,190.0,626324.0,1011759.0,-79.85029398823868,9.151099731993384,229,70.0088307840794
28,10,570.0,210.0,626324.0,1011779.0,-79.85029340733851,9.15128059565902,172,681.9368085917253
28,11,570.0,230.0,626324.0,1011799.0,-79.85029282642638,9.151461459322821,165,497.02943106147444
28,12,570.0,250.0,626324.0,1011819.0,-79.85029224550229,9.151642322984783,167,371.7731040183086
28,13,570.0,270.0,626324.0,1011839.0,-79.85029166456621,9.151823186644908,200,362.3614140018293
28,14,570.0,290.0,626324.0,1011859.0,-79.85029108361817,9.152004050303194,221,89.9031789214143
28,15,570.0,310.0,626324.0,1011879.0,-79.85029050265815,9.152184913959644,191,281.88845682117034
28,16,570.0,330.0,626324.0,1011899.0,-79.85028992168617,9.152365777614257,139,541.366032766522
28,17,570.0,350.0,626324.0,1011919.0,-79.8502893407022,9.152546641267033,140,982.6234492046577
28,18,570.0,370.0,626324.0,1011939.0,-79.85028875970629,9.15272750491797,151,124.36284219231845
28,19,570.0,390.0,626324.0,1011959.0,-79.85028817869839,9.152908368567068,162,188.84051727743568
28,20,570.0,410.0,626324.0,1011979.0,-79.85028759767852,9.153089232214331,202,269.84789675749425
28,21,570.0,430.0,626324.0,1011999.0,-79.85028701664669,9.153270095859757,167,307.0450276171644
28,22,570.0,450.0,626324.0,1012019.0,-79.85028643560288,9.153450959503342,190,222.9663724418434
28,23,570.0,470.0,626324.0,1012039.0,-79.85028585454711,9.15363182314509,238,126.73243002696681
28,24,570.0,490.0,626324.0,1012059.0,-79.85028527347936,9.153812686785002,153,337.8443463577947
29,0,590.0,10.0,626344.0,1011579.0,-79.85011721688626,9.149471381710603,167,306.30937694860046
29,1,590.0,30.0,626344.0,1011599.0,-79.85011663600193,9.149652245381171,189,422.31204594047
29,2,590.0,50.0,626344.0,1011619.0,-79.85011605510563,9.149833109049906,153,413.87421686511146
29,3,590.0,70.0,626344.0,1011639.0,-79.85011547419737,9.150013972716804,165,1226.5429840338177
29,4,590.0,90.0,626344.0,1011659.0,-79.85011489327712,9.150194836381866,205,539.3752098917561
29,5,590.0,110.0,626344.0,1011679.0,-79.85011431234491,9.150375700045085,166,638.8077767587325
29,6,590.0,130.0,626344.0,1011699.0,-79.85011373140074,9.150556563706473,193,580.9965766831041
29,7,590.0,150.0,626344.0,1011719.0,-79.85011315044457,9.150737427366023,140,375.9027169301551
29,8,590.0,170.0,626344.0,1011739.0,-79.85011256947645,9.150918291023732,240,264.54344484294484
29,9,590.0,190.0,626344.0,1011759.0,-79.85011198849635,9.151099154679608,230,134.10044001728215
29,10,590.0,210.0,626344.0,1011779.0,-79.85011140750429,9.151280018333642,180,229.30885538254915
29,11,590.0,230.0,626344.0,1011799.0,-79.85011082650024,9.151460881985846,212,385.8445854324692
29,12,590.0,250.0,626344.0,1011819.0,-79.85011024548422,9.151641745636207,181,218.06132958423515
29,13,590.0,270.0,626344.0,1011839.0,-79.85010966445624,9.151822609284734,206,178.89753684315494
29,14,590.0,290.0,626344.0,1011859.0,-79.85010908341627,9.15200347293142,263,249.80897921103593
29,15,590.0,310.0,626344.0,1011879.0,-79.85010850236434,9.152184336576273,207,271.2707632438964
29,16,590.0,330.0,626344.0,1011899.0,-79.85010792130043,9.152365200219286,183,171.2738349626246
29,17,590.0,350.0,626344.0,1011919.0,-79.85010734022455,9.152546063860461,151,303.3581132846354
29,18,590.0,370.0,626344.0,1011939.0,-79.85010675913672,9.1527269274998,152,320.6417181626432
29,19,590.0,390.0,626344.0,1011959.0,-79.8501061780369,9.152907791137302,195,109.24991423595556
29,20,590.0,410.0,626344.0,1011979.0,-79.8501055969251,9.153088654772963,220,487.4460579295732
29,21,590.0,430.0,626344.0,1011999.0,-79.85010501580135,9.15326951840679,228,132.71945029450183
29,22,590.0,450.0,626344.0,1012019.0,-79.85010443466561,9.153450382038775,201,98.59426758972457
29,23,590.0,470.0,626344.0,1012039.0,-79.8501038535179,9.153631245668928,277,170.63264401554895
29,24,590.0,490.0,626344.0,1012059.0,-79.85010327235821,9.153812109297242,204,322.60328159705006
30,0,610.0,10.0,626364.0,1011579.0,-79.84993521798299,9.149470804409896,296,188.88278811753727
30,1,610.0,30.0,626364.0,1011599.0,-79.84993463700675,9.149651668068865,222,274.64834818689127
30,2,610.0,50.0,626364.0,1011619.0,-79.84993405601858,9.149832531725998,222,228.64954074011908
30,3,610.0,70.0,626364.0,1011639.0,-79.8499334750184,9.150013395381292,167,452.94281845705126
30,4,610.0,90.0,626364.0,1011659.0,-79.84993289400627,9.150194259034754,178,369.3233387772529
30,5,610.0,110.0,626364.0,1011679.0,-79.84993231298216,9.150375122686377,164,188.77535380952827
30,6,610.0,130.0,626364.0,1011699.0,-79.84993173194607,9.150555986336162,156,367.7790207499436
30,7,610.0,150.0,626364.0,1011719.0,-79.84993115089802,9.15073684998411,209,206.88234991649725
30,8,610.0,170.0,626364.0,1011739.0,-79.84993056983798,9.15091771363022,193,165.239708387824
30,9,610.0,190.0,626364.0,1011759.0,-79.849929988766,9.151098577274492,179,159.02281225261106
30,10,610.0,210.0,626364.0,1011779.0,-79.849929407682,9.151279440916932,236,375.91120184932845
30,11,610.0,230.0,626364.0,1011799.0,-79.84992882658605,9.15146030455753,191,801.8881410363886
30,12,610.0,250.0,626364.0,1011819.0,-79.84992824547813,9.15164116819629,231,158.28542595298282
30,13,610.0,270.0,626364.0,1011839.0,-79.84992766435823,9.151822031833218,217,262.7776165437119
30,14,610.0,290.0,626364.0,1011859.0,-79.84992708322635,9.152002895468305,220,247.8516694965883
30,15,610.0,310.0,626364.0,1011879.0,-79.8499265020825,9.152183759101556,217,443.64674749699816
30,16,610.0,330.0,626364.0,1011899.0,-79.84992592092668,9.152364622732968,268,232.48449567061854
30,17,610.0,350.0,626364.0,1011919.0,-79.84992533975888,9.152545486362543,170,518.8266487413579
30,18,610.0,370.0,626364.0,1011939.0,-79.8499247585791,9.15272634999028,166,272.3083776691003
30,19,610.0,390.0,626364.0,1011959.0,-79.84992417738736,9.152907213616182,168,61.2557824565531
30,20,610.0,410.0,626364.0,1011979.0,-79.84992359618364,9.153088077240243,182,405.8862909131757
30,21,610.0,430.0,626364.0,1011999.0,-79.84992301496796,9.153268940862468,227,481.7001826544239
30,22,610.0,450.0,626364.0,1012019.0,-79.84992243374029,9.153449804482854,231,419.7689852921278
30,23,610.0,470.0,626364.0,1012039.0,-79.84992185250064,9.153630668101407,212,227.71904320680014
30,24,610.0,490.0,626364.0,1012059.0,-79.84992127124903,9.153811531718118,157,161.45383545966968
31,0,630.0,10.0,626384.0,1011579.0,-79.84975321909167,9.14947022701787,162,368.5523307362664
31,1,630.0,30.0,626384.0,1011599.0,-79.84975263802356,9.149651090665238,233,294.67697572455626
31,2,630.0,50.0,626384.0,1011619.0,-79.84975205694349,9.14983195431077,222,115.0363609379719
31,3,630.0,70.0,626384.0,1011639.0,-79.84975147585142,9.150012817954462,167,943.8997856595153
31,4,630.0,90.0,626384.0,1011659.0,-79.8497508947474,9.150193681596322,157,249.59963451321724
31,5,630.0,110.0,626384.0,1011679.0,-79.84975031363139,9.15037454523634,244,143.38245919491828
31,6,630.0,130.0,626384.0,1011699.0,-79.8497497325034,9.150555408874522,196,417.5016894330578
31,7,630.0,150.0,626384.0,1011719.0,-79.84974915136344,9.150736272510867,170,361.0065252794703
31,8,630.0,170.0,626384.0,1011739.0,-79.8497485702115,9.150917136145376,198,468.26972122830205
31,9,630.0,190.0,626384.0,1011759.0,-79.8497479890476,9.151097999778049,173,214.8366786660445
31,10,630.0,210.0,626384.0,1011779.0,-79.84974740787172,9.151278863408882,174,621.3706732111852
31,11,630.0,230.0,626384.0,1011799.0,-79.84974682668384,9.151459727037878,193,619.6245237100561
31,12,630.0,250.0,626384.0,1011819.0,-79.84974624548401,9.151640590665037,276,334.95315789454827
31,13,630.0,270.0,626384.0,1011839.0,-79.84974566427219,9.151821454290362,195,303.88001850761805
31,14,630.0,290.0,626384.0,1011859.0,-79.8497450830484,9.152002317913846,206,184.6074748097176
31,15,630.0,310.0,626384.0,1011879.0,-79.84974450181264,9.152183181535491,248,651.9118470151809
31,16,630.0,330.0,626384.0,1011899.0,-79.84974392056489,9.152364045155304,210,527.086537792305
31,17,630.0,350.0,626384.0,1011919.0,-79.84974333930518,9.152544908773276,160,94.78254978138733
31,18,630.0,370.0,626384.0,1011939.0,-79.84974275803349,9.15272577238941,74,78.23019737046374
31,19,630.0,390.0,626384.0,1011959.0,-79.84974217674981,9.15290663600371,251,408.245281580192
31,20,630.0,410.0,626384.0,1011979.0,-79.84974159545418,9.153087499616168,216,113.02204418264053
31,21,630.0,430.0,626384.0,1011999.0,-79.84974101414655,9.15326836322679,250,295.45193347989414
31,22,630.0,450.0,626384.0,1012019.0,-79.84974043282695,9.153449226835574,275,158.5727012586877
31,23,630.0,470.0,626384.0,1012039.0,-79.84973985149539,9.153630090442523,156,238.36461508021443
31,24,630.0,490.0,626384.0,1012059.0,-79.84973927015183,9.153810954047632,169,247.69553990854578
32,0,650.0,10.0,626404.0,1011579.0,-79.84957122021235,9.149469649534527,223,251.0005007020686
32,1,650.0,30.0,626404.0,1011599.0,-79.84957063905235,9.14965051317029,212,1751.7686652971743
32,2,650.0,50.0,626404.0,1011619.0,-79.84957005788037,9.14983137680422,197,234.87504121737368
32,3,650.0,70.0,626404.0,1011639.0,-79.84956947669642,9.150012240436308,181,185.4244196258867
32,4,650.0,90.0,626404.0,1011659.0,-79.8495688955005,9.150193104066561,147,168.94513397832833
32,5,650.0,110.0,626404.0,1011679.0,-79.84956831429258,9.150373967694977,227,242.08879924065192
32,6,650.0,130.0,626404.0,1011699.0,-79.8495677330727,9.150554831321555,215,259.8690097704786
32,7,650.0,150.0,626404.0,1011719.0,-79.84956715184084,9.150735694946295,201,959.9516087828176
32,8,650.0,170.0,626404.0,1011739.0,-79.849566570597,9.1509165585692,194,824.8882827908884
32,9,650.0,190.0,626404.0,1011759.0,-79.84956598934119,9.151097422190267,248,222.115173908607
32,10,650.0,210.0,626404.0,1011779.0,-79.84956540807339,9.151278285809498,142,205.94387560357416
32,11,650.0,230.0,626404.0,1011799.0,-79.84956482679361,9.15145914942689,197,280.74262856844535
32,12,650.0,250.0,626404.0,1011819.0,-79.84956424550187,9.151640013042444,243,136.0138207755208
32,13,650.0,270.0,626404.0,1011839.0,-79.84956366419813,9.151820876656164,198,189.66819290792841
32,14,650.0,290.0,626404.0,1011859.0,-79.84956308288243,9.152001740268044,169,385.30727610647807
32,15,650.0,310.0,626404.0,1011879.0,-79.84956250155476,9.152182603878085,205,106.47043835605957
32,16,650.0,330.0,626404.0,1011899.0,-79.8495619202151,9.152363467486293,210,169.77069152513556
32,17,650.0,350.0,626404.0,1011919.0,-79.84956133886345,9.152544331092662,240,236.45853739168095
32,18,650.0,370.0,626404.0,1011939.0,-79.84956075749983,9.152725194697192,202,328.2785562160412
32,19,650.0,390.0,626404.0,1011959.0,-79.84956017612424,9.152906058299884,156,348.2120211941247
32,20,650.0,410.0,626404.0,1011979.0,-79.84955959473668,9.15308692190074,167,168.95861222777032
32,21,650.0,430.0,626404.0,1011999.0,-79.84955901333711,9.153267785499757,178,184.87466994712915
32,22,650.0,450.0,626404.0,1012019.0,-79.84955843192559,9.153448649096937,161,449.59913543618063
32,23,650.0,470.0,626404.0,1012039.0,-79.8495578505021,9.15362951269228,141,285.7759147183591
32,24,650.0,490.0,626404.0,1012059.0,-79.84955726906661,9.153810376285785,159,334.7059101894375
33,0,670.0,10.0,626424.0,1011579.0,-79.84938922134499,9.149469071959869,176,334.0029650335131
33,1,670.0,30.0,626424.0,1011599.0,-79.8493886400931,9.149649935584025,216,531.1846025867721
33,2,670.0,50.0,626424.0,1011619.0,-79.84938805882923,9.149830799206345,149,201.9829938964527
33,3,670.0,70.0,626424.0,1011639.0,-79.84938747755339,9.150011662826829,174,405.4509108625587
33,4,670.0,90.0,626424.0,1011659.0,-79.84938689626556,9.150192526445476,175,278.5899693427187
33,5,670.0,110.0,626424.0,1011679.0,-79.84938631496576,9.150373390062288,232,165.847380541358
33,6,670.0,130.0,626424.0,1011699.0,-79.84938573365397,9.150554253677258,257,374.75914667475087
33,7,670.0,150.0,626424.0,1011719.0,-79.8493851523302,9.150735117290393,289,88.76992311744337
33,8,670.0,170.0,626424.0,1011739.0,-79.84938457099446,9.150915980901692,161,231.65980200604278
33,9,670.0,190.0,626424.0,1011759.0,-79.84938398964675,9.151096844511153,126,262.29781049479874
33,10,670.0,210.0,626424.0,1011779.0,-79.84938340828704,9.151277708118778,144,287.85715188400746
33,11,670.0,230.0,626424.0,1011799.0,-79.84938282691536,9.151458571724561,210,276.9603348251539
33,12,670.0,250.0,626424.0,1011819.0,-79.8493822455317,9.15163943532851,200,465.5283612922042
33,13,670.0,270.0,626424.0,1011839.0,-79.84938166413605,9.151820298930625,141,305.61995345636365
33,14,670.0,290.0,626424.0,1011859.0,-79.84938108272844,9.152001162530897,169,239.7137034678096
33,15,670.0,310.0,626424.0,1011879.0,-79.84938050130884,9.152182026129335,188,210.6230332674916
33,16,670.0,330.0,626424.0,1011899.0,-79.84937991987726,9.152362889725936,189,174.59715051845586
33,17,670.0,350.0,626424.0,1011919.0,-79.84937933843369,9.152543753320696,124,46.013857488239815
33,18,670.0,370.0,626424.0,1011939.0,-79.84937875697817,9.152724616913622,161,221.09184537801818
33,19,670.0,390.0,626424.0,1011959.0,-79.84937817551065,9.152905480504709,187,640.3136482037636
33,20,670.0,410.0,626424.0,1011979.0,-79.84937759403114,9.153086344093955,220,230.45363450438148
33,21,670.0,430.0,626424.0,1011999.0,-79.84937701253966,9.153267207681369,171,90.83161075000811
33,22,670.0,450.0,626424.0,1012019.0,-79.8493764310362,9.153448071266942,143,159.37882996940883
33,23,670.0,470.0,626424.0,1012039.0,-79.84937584952077,9.153628934850678,189,168.49284420144878
33,24,670.0,490.0,626424.0,1012059.0,-79.84937526799335,9.153809798432574,194,431.68665364066425
34,0,690.0,10.0,626444.0,1011579.0,-79.84920722248961,9.14946849429389,205,323.62087221267933
34,1,690.0,30.0,626444.0,1011599.0,-79.84920664114584,9.14964935790644,221,436.06064538043967
34,2,690.0,50.0,626444.0,1011619.0,-79.84920605979008,9.149830221517155,208,340.9043925606422
34,3,690.0,70.0,626444.0,1011639.0,-79.84920547842233,9.150011085126028,191,504.2512874276986
34,4,690.0,90.0,626444.0,1011659.0,-79.84920489704261,9.150191948733069,154,223.2042118365404
34,5,690.0,110.0,626444.0,1011679.0,-79.84920431565091,9.15037281233827,260,422.2491933988827
34,6,690.0,130.0,626444.0,1011699.0,-79.84920373424723,9.150553675941635,243,217.88345473855765
34,7,690.0,150.0,626444.0,1011719.0,-79.84920315283156,9.15073453954316,242,551.0375564541519
34,8,690.0,170.0,626444.0,1011739.0,-79.84920257140392,9.150915403142852,179,301.31651445175874
34,9,690.0,190.0,626444.0,1011759.0,-79.84920198996429,9.151096266740703,184,402.21444469403974
34,10,690.0,210.0,626444.0,1011779.0,-79.84920140851267,9.151277130336721,144,363.05366864042765
34,11,690.0,230.0,626444.0,1011799.0,-79.84920082704909,9.151457993930896,160,195.81853322261807
34,12,690.0,250.0,626444.0,1011819.0,-79.84920024557351,9.151638857523238,158,290.82442365630214
34,13,690.0,270.0,626444.0,1011839.0,-79.84919966408596,9.151819721113744,205,647.505296206315
34,14,690.0,290.0,626444.0,1011859.0,-79.84919908258642,9.15200058470241,166,198.95791741788992
34,15,690.0,310.0,626444.0,1011879.0,-79.84919850107491,9.15218144828924,256,241.9849356528232
34,16,690.0,330.0,626444.0,1011899.0,-79.84919791955141,9.152362311874231,160,155.64173133581437
34,17,690.0,350.0,626444.0,1011919.0,-79.84919733801593,9.152543175457383,259,138.02424451038206
34,18,690.0,370.0,626444.0,1011939.0,-79.84919675646846,9.1527240390387,267,371.18050279414234
34,19,690.0,390.0,626444.0,1011959.0,-79.84919617490903,9.15290490261818,289,363.36896746251534
34,20,690.0,410.0,626444.0,1011979.0,-79.8491955933376,9.15308576619582,215,185.84119316608465
34,21,690.0,430.0,626444.0,1011999.0,-79.84919501175419,9.153266629771622,217,104.79210590867622
34,22,690.0,450.0,626444.0,1012019.0,-79.8491944301588,9.153447493345588,199,633.5451574654504
34,23,690.0,470.0,626444.0,1012039.0,-79.84919384855142,9.153628356917716,226,141.76078660642642
34,24,690.0,490.0,626444.0,1012059.0,-79.84919326693208,9.153809220488005,223,167.99799485535559
35,0,710.0,10.0,626464.0,1011579.0,-79.84902522364622,9.149467916536599,189,271.28184871567095
35,1,710.0,30.0,626464.0,1011599.0,-79.84902464221055,9.149648780137534,141,1244.7651187098759
35,2,710.0,50.0,626464.0,1011619.0,-79.8490240607629,9.14982964373664,163,270.4246851917051
35,3,710.0,70.0,626464.0,1011639.0,-79.84902347930327,9.150010507333905,188,706.2275071254614
35,4,710.0,90.0,626464.0,1011659.0,-79.84902289783165,9.150191370929335,180,178.94145054929666
35,5,710.0,110.0,626464.0,1011679.0,-79.84902231634806,9.150372234522928,173,277.6996008484227
35,6,710.0,130.0,626464.0,1011699.0,-79.84902173485247,9.150553098114681,233,262.5380500945228
35,7,710.0,150.0,626464.0,1011719.0,-79.8490211533449,9.150733961704598,201,281.5487991733894
35,8,710.0,170.0,626464.0,1011739.0,-79.84902057182535,9.150914825292679,214,116.4885638475348
35,9,710.0,190.0,626464.0,1011759.0,-79.84901999029381,9.151095688878922,201,364.20666784563673
35,10,710.0,210.0,626464.0,1011779.0,-79.8490194087503,9.151276552463326,186,80.76853318143588
35,11,710.0,230.0,626464.0,1011799.0,-79.8490188271948,9.151457416045893,173,78.09920895415331
35,12,710.0,250.0,626464.0,1011819.0,-79.8490182456273,9.151638279626628,213,125.29730212928321
35,13,710.0,270.0,626464.0,1011839.0,-79.84901766404785,9.151819143205524,145,347.3201919735011
35,14,710.0,290.0,626464.0,1011859.0,-79.84901708245638,9.152000006782579,168,469.0903181073574
35,15,710.0,310.0,626464.0,1011879.0,-79.84901650085295,9.152180870357796,247,123.64532917994673
35,16,710.0,330.0,626464.0,1011899.0,-79.84901591923754,9.152361733931176,128,414.004473442036
35,17,710.0,350.0,626464.0,1011919.0,-79.84901533761014,9.152542597502723,186,285.765054292957
35,18,710.0,370.0,626464.0,1011939.0,-79.84901475597076,9.152723461072428,212,519.8883270216509
35,19,710.0,390.0,626464.0,1011959.0,-79.84901417431938,9.152904324640295,225,221.10743987659012
35,20,710.0,410.0,626464.0,1011979.0,-79.84901359265604,9.153085188206328,186,300.6513831002074
35,21,710.0,430.0,626464.0,1011999.0,-79.8490130109807,9.15326605177052,166,210.43357933941164
35,22,710.0,450.0,626464.0,1012019.0,-79.84901242929338,9.153446915332879,185,318.04034968475963
35,23,710.0,470.0,626464.0,1012039.0,-79.84901184759407,9.153627778893394,206,455.4927301262153
35,24,710.0,490.0,626464.0,1012059.0,-79.8490112658828,9.153808642452075,221,240.02014957616655
36,0,730.0,10.0,626484.0,1011579.0,-79.84884322481481,9.149467338687986,209,625.598730966646
36,1,730.0,30.0,626484.0,1011599.0,-79.84884264328726,9.149648202277312,242,275.54686049398936
36,2,730.0,50.0,626484.0,1011619.0,-79.8488420617477,9.149829065864806,171,318.9525603262385
36,3,730.0,70.0,626484.0,1011639.0,-79.84884148019619,9.150009929450457,191,177.65630724020755
36,4,730.0,90.0,626484.0,1011659.0,-79.84884089863266,9.150190793034277,207,545.282785475001
36,5,730.0,110.0,626484.0,1011679.0,-79.84884031705717,9.150371656616256,159,294.9921348404989
36,6,730.0,130.0,626484.0,1011699.0,-79.84883973546968,9.150552520196399,196,270.923539412444
36,7,730.0,150.0,626484.0,1011719.0,-79.8488391538702,9.150733383774705,253,316.3209464086263
36,8,730.0,170.0,626484.0,1011739.0,-79.84883857225876,9.150914247351173,205,87.65174978572774
36,9,730.0,190.0,626484.0,1011759.0,-79.84883799063532,9.151095110925805,270,164.46463934440968
36,10,730.0,210.0,626484.0,1011779.0,-79.8488374089999,9.1512759744986,176,598.0956172499427
36,11,730.0,230.0,626484.0,1011799.0,-79.84883682735249,9.151456838069558,204,333.8529098608558
36,12,730.0,250.0,626484.0,1011819.0,-79.8488362456931,9.151637701638677,306,179.80081664143373
36,13,730.0,270.0,626484.0,1011839.0,-79.8488356640217,9.151818565205959,176,271.42496469877045
36,14,730.0,290.0,626484.0,1011859.0,-79.84883508233834,9.151999428771404,223,352.44996188499044
36,15,730.0,310.0,626484.0,1011879.0,-79.84883450064298,9.15218029233501,186,191.01499045447875
36,16,730.0,330.0,626484.0,1011899.0,-79.84883391893565,9.15236115589678,167,135.8959627537619
36,17,730.0,350.0,626484.0,1011919.0,-79.84883333721633,9.152542019456712,182,174.67169946229538
36,18,730.0,370.0,626484.0,1011939.0,-79.84883275548502,9.152722883014807,209,381.8549660681013
36,19,730.0,390.0,626484.0,1011959.0,-79.84883217374174,9.152903746571063,156,540.8866769844747
36,20,730.0,410.0,626484.0,1011979.0,-79.84883159198645,9.153084610125482,161,703.8821461357029
36,21,730.0,430.0,626484.0,1011999.0,-79.84883101021919,9.153265473678063,183,172.21596023027095
36,22,730.0,450.0,626484.0,1012019.0,-79.84883042843994,9.153446337228806,200,195.51176374643265
36,23,730.0,470.0,626484.0,1012039.0,-79.8488298466487,9.153627200777715,166,216.25953219639428
36,24,730.0,490.0,626484.0,1012059.0,-79.84882926484548,9.153808064324783,210,248.87457743609826
37,0,750.0,10.0,626504.0,1011579.0,-79.84866122599539,9.149466760748057,150,233.6101223482194
37,1,750.0,30.0,626504.0,1011599.0,-79.84866064437594,9.149647624325771,200,277.07173135013716
37,2,750.0,50.0,626504.0,1011619.0,-79.84866006274451,9.14982848790165,179,248.63152914378696
37,3,750.0,70.0,626504.0,1011639.0,-79.84865948110108,9.150009351475688,213,221.39631735458605
37,4,750.0,90.0,626504.0,1011659.0,-79.84865889944567,9.150190215047894,167,962.5468086104797
37,5,750.0,110.0,626504.0,1011679.0,-79.84865831777827,9.150371078618262,156,162.23850616304543
37,6,750.0,130.0,626504.0,1011699.0,-79.84865773609889,9.150551942186791,191,161.661273124847
37,7,750.0,150.0,626504.0,1011719.0,-79.8486571544075,9.150732805753483,260,447.54554869812534
37,8,750.0,170.0,626504.0,1011739.0,-79.84865657270416,9.150913669318335,208,212.793154173962
37,9,750.0,190.0,626504.0,1011759.0,-79.84865599098882,9.151094532881354,177,649.0968516077168
37,10,750.0,210.0,626504.0,1011779.0,-79.84865540926148,9.151275396442536,158,452.1639508468561
37,11,750.0,230.0,626504.0,1011799.0,-79.84865482752217,9.15145626000188,196,405.9777190369878
37,12,750.0,250.0,626504.0,1011819.0,-79.84865424577086,9.151637123559382,206,243.14065204788005
37,13,750.0,270.0,626504.0,1011839.0,-79.84865366400756,9.151817987115056,195,146.27533267318347
37,14,750.0,290.0,626504.0,1011859.0,-79.84865308223227,9.151998850668884,238,289.5586179448531
37,15,750.0,310.0,626504.0,1011879.0,-79.84865250044501,9.152179714220878,186,421.3262967989149
37,16,750.0,330.0,626504.0,1011899.0,-79.84865191864576,9.152360577771036,194,60.17824758606846
37,17,750.0,350.0,626504.0,1011919.0,-79.84865133683451,9.152541441319354,193,209.8482202413419
37,18,750.0,370.0,626504.0,1011939.0,-79.84865075501128,9.152722304865833,190,124.36786909616384
37,19,750.0,390.0,626504.0,1011959.0,-79.84865017317607,9.152903168410477,171,606.536865111674
37,20,750.0,410.0,626504.0,1011979.0,-79.84864959132886,9.153084031953284,137,457.0254840541713
37,21,750.0,430.0,626504.0,1011999.0,-79.84864900946967,9.153264895494251,188,240.18493102426376
37,22,750.0,450.0,626504.0,1012019.0,-79.84864842759849,9.15344575903338,208,201.5337398542744
37,23,750.0,470.0,626504.0,1012039.0,-79.84864784571532,9.153626622570672,212,171.49801383682737
37,24,750.0,490.0,626504.0,1012059.0,-79.84864726382017,9.153807486106126,160,315.7124671325768
38,0,770.0,10.0,626524.0,1011579.0,-79.84847922718795,9.149466182716811,176,80.89609218965954
38,1,770.0,30.0,626524.0,1011599.0,-79.8484786454766,9.14964704628291,201,184.47085330979326
38,2,770.0,50.0,626524.0,1011619.0,-79.84847806375329,9.149827909847172,178,113.99099270458674
38,3,770.0,70.0,626524.0,1011639.0,-79.84847748201797,9.150008773409597,245,157.17553859323624
38,4,770.0,90.0,626524.0,1011659.0,-79.84847690027065,9.150189636970186,177,290.21176748830777
38,5,770.0,110.0,626524.0,1011679.0,-79.84847631851137,9.15037050052894,154,160.90636099480528
38,6,770.0,130.0,626524.0,1011699.0,-79.84847573674008,9.150551364085851,128,1027.3240477437114
38,7,770.0,150.0,626524.0,1011719.0,-79.84847515495682,9.15073222764093,173,344.81398879299593
38,8,770.0,170.0,626524.0,1011739.0,-79.84847457316154,9.15091309119417,155,289.84965026701445
38,9,770.0,190.0,626524.0,1011759.0,-79.8484739913543,9.151093954745571,172,423.6413424292795
38,10,770.0,210.0,626524.0,1011779.0,-79.84847340953505,9.151274818295136,163,278.7098725963628
38,11,770.0,230.0,626524.0,1011799.0,-79.84847282770382,9.151455681842863,177,146.97638024127681
38,12,770.0,250.0,626524.0,1011819.0,-79.8484722458606,9.151636545388754,119,1148.6506531550726
38,13,770.0,270.0,626524.0,1011839.0,-79.8484716640054,9.151817408932809,125,206.63611303833179
38,14,770.0,290.0,626524.0,1011859.0,-79.8484710821382,9.151998272475025,176,299.42021731264276
38,15,770.0,310.0,626524.0,1011879.0,-79.84847050025901,9.152179136015402,188,103.93393723989705
38,16,770.0,330.0,626524.0,1011899.0,-79.84846991836784,9.15235999955394,241,839.8655775875536
38,17,770.0,350.0,626524.0,1011919.0,-79.84846933646467,9.152540863090646,197,163.57250748143701
38,18,770.0,370.0,626524.0,1011939.0,-79.84846875454953,9.152721726625511,159,1259.4977559327792
38,19,770.0,390.0,626524.0,1011959.0,-79.84846817262239,9.15290259015854,187,180.30741886763082
38,20,770.0,410.0,626524.0,1011979.0,-79.84846759068326,9.153083453689728,189,971.7201941349888
38,21,770.0,430.0,626524.0,1011999.0,-79.84846700873214,9.153264317219081,206,316.2085046587919
38,22,770.0,450.0,626524.0,1012019.0,-79.84846642676902,9.153445180746594,261,406.0361964288439
38,23,770.0,470.0,626524.0,1012039.0,-79.84846584479394,9.153626044272272,191,1155.210158412386
38,24,770.0,490.0,626524.0,1012059.0,-79.84846526280684,9.153806907796112,260,221.22072913498772
39,0,790.0,10.0,626544.0,1011579.0,-79.84829722839251,9.149465604594248,210,70.12072137670577
39,1,790.0,30.0,626544.0,1011599.0,-79.84829664658928,9.149646468148728,203,494.649966133843
39,2,790.0,50.0,626544.0,1011619.0,-79.84829606477405,9.149827331701376,223,1450.7651122737636
39,3,790.0,70.0,626544.0,1011639.0,-79.84829548294684,9.150008195252182,286,316.59720513293337
39,4,790.0,90.0,626544.0,1011659.0,-79.84829490110764,9.150189058801153,197,395.10492576784765
39,5,790.0,110.0,626544.0,1011679.0,-79.84829431925644,9.150369922348288,146,541.5078226410069
39,6,790.0,130.0,626544.0,1011699.0,-79.84829373739326,9.150550785893586,103,500.14292826845514
39,7,790.0,150.0,626544.0,1011719.0,-79.84829315551808,9.150731649437045,137,81.50180824738106
39,8,790.0,170.0,626544.0,1011739.0,-79.84829257363091,9.150912512978667,162,420.8499635982304
39,9,790.0,190.0,626544.0,1011759.0,-79.84829199173177,9.151093376518451,195,260.67704495887193
39,10,790.0,210.0,626544.0,1011779.0,-79.8482914098206,9.151274240056402,216,195.19459640398964
39,11,790.0,230.0,626544.0,1011799.0,-79.84829082789747,9.151455103592513,225,267.73875343954006
39,12,790.0,250.0,626544.0,1011819.0,-79.84829024596235,9.151635967126785,127,173.75655939841806
39,13,790.0,270.0,626544.0,1011839.0,-79.84828966401523,9.151816830659222,157,185.47937451466439
39,14,790.0,290.0,626544.0,1011859.0,-79.84828908205613,9.15199769418982,156,361.04997557080867
39,15,790.0,310.0,626544.0,1011879.0,-79.84828850008502,9.152178557718582,197,203.37340679454206
39,16,790.0,330.0,626544.0,1011899.0,-79.84828791810192,9.152359421245503,241,136.17410261779847
39,17,790.0,350.0,626544.0,1011919.0,-79.84828733610684,9.152540284770591,199,161.93000495359263
39,18,790.0,370.0,626544.0,1011939.0,-79.84828675409976,9.152721148293839,150,398.7227254799356
39,19,790.0,390.0,626544.0,1011959.0,-79.84828617208069,9.152902011815248,155,205.64202341850222
39,20,790.0,410.0,626544.0,1011979.0,-79.84828559004964,9.153082875334823,214,188.78604259504493
39,21,790.0,430.0,626544.0,1011999.0,-79.84828500800658,9.153263738852559,181,260.1372371813221
39,22,790.0,450.0,626544.0,1012019.0,-79.84828442595155,9.153444602368454,250,240.6202949592789
39,23,790.0,470.0,626544.0,1012039.0,-79.84828384388452,9.153625465882513,185,209.86825357186115
39,24,790.0,490.0,626544.0,1012059.0,-79.8482832618055,9.153806329394735,219,363.0039211001012
40,0,810.0,10.0,626564.0,1011579.0,-79.84811522960905,9.149465026380366,175,213.97265910697757
40,1,810.0,30.0,626564.0,1011599.0,-79.84811464771393,9.149645889923228,211,169.96440326736467
40,2,810.0,50.0,626564.0,1011619.0,-79.84811406580681,9.149826753464255,187,114.53098050799053
40,3,810.0,70.0,626564.0,1011639.0,-79.8481134838877,9.15000761700344,273,445.38834477298417
40,4,810.0,90.0,626564.0,1011659.0,-79.84811290195661,9.150188480540798,197,460.65176235607225
40,5,810.0,110.0,626564.0,1011679.0,-79.84811232001351,9.150369344076314,209,277.11539977472563
40,6,810.0,130.0,626564.0,1011699.0,-79.84811173805844,9.150550207609992,193,167.84985787118006
40,7,810.0,150.0,626564.0,1011719.0,-79.84811115609135,9.150731071141832,146,679.2821210204702
40,8,810.0,170.0,626564.0,1011739.0,-79.84811057411228,9.150911934671837,165,163.55147030970392
40,9,810.0,190.0,626564.0,1011759.0,-79.84810999212122,9.151092798200002,243,226.85864034576866
40,10,810.0,210.0,626564.0,1011779.0,-79.84810941011816,9.151273661726332,159,148.6881939874117
40,11,810.0,230.0,626564.0,1011799.0,-79.84810882810312,9.151454525250822,157,235.9131804663886
40,12,810.0,250.0,626564.0,1011819.0,-79.84810824607608,9.151635388773476,176,248.50026762807772
40,13,810.0,270.0,626564.0,1011839.0,-79.84810766403704,9.151816252294294,190,382.1712063686276
40,14,810.0,290.0,626564.0,1011859.0,-79.84810708198602,9.151997115813273,167,307.51065637417497
40,15,810.0,310.0,626564.0,1011879.0,-79.84810649992299,9.152177979330416,212,335.77113460388574
40,16,810.0,330.0,626564.0,1011899.0,-79.84810591784799,9.15235884284572,184,838.2184094963237
40,17,810.0,350.0,626564.0,1011919.0,-79.84810533576099,9.152539706359187,157,259.4049648306774
40,18,810.0,370.0,626564.0,1011939.0,-79.84810475366199,9.152720569870818,193,161.38608105214706
40,19,810.0,390.0,626564.0,1011959.0,-79.848104171551,9.152901433380608,166,217.7284619235023
40,20,810.0,410.0,626564.0,1011979.0,-79.84810358942802,9.153082296888561,167,290.4520456579902
40,21,810.0,430.0,626564.0,1011999.0,-79.84810300729303,9.153263160394678,181,203.25520148857112
40,22,810.0,450.0,626564.0,1012019.0,-79.84810242514607,9.153444023898956,198,792.9508213221707
40,23,810.0,470.0,626564.0,1012039.0,-79.8481018429871,9.153624887401396,186,682.7140472831653
40,24,810.0,490.0,626564.0,1012059.0,-79.84810126081615,9.153805750901999,194,192.47516067500635
41,0,830.0,10.0,626584.0,1011579.0,-79.84793323083757,9.149464448075168,194,67.91467661886487
41,1,830.0,30.0,626584.0,1011599.0,-79.84793264885057,9.14964531160641,242,168.95742244719975
41,2,830.0,50.0,626584.0,1011619.0,-79.84793206685156,9.149826175135818,203,135.46542251366546
41,3,830.0,70.0,626584.0,1011639.0,-79.84793148484056,9.150007038663384,231,234.0430223383795
41,4,830.0,90.0,626584.0,1011659.0,-79.84793090281757,9.150187902189119,203,86.95208402215086
41,5,830.0,110.0,626584.0,1011679.0,-79.84793032078258,9.15036876571301,205,212.25903670600502
41,6,830.0,130.0,626584.0,1011699.0,-79.84792973873559,9.150549629235067,200,733.1531633697668
41,7,830.0,150.0,626584.0,1011719.0,-79.84792915667661,9.150730492755288,214,440.64350142916663
41,8,830.0,170.0,626584.0,1011739.0,-79.84792857460565,9.150911356273673,162,259.2329724369097
41,9,830.0,190.0,626584.0,1011759.0,-79.84792799252267,9.151092219790216,209,152.85233522037097
41,10,830.0,210.0,626584.0,1011779.0,-79.84792741042772,9.151273083304925,174,228.89336388351674
41,11,830.0,230.0,626584.0,1011799.0,-79.84792682832075,9.151453946817794,169,155.74809672871424
41,12,830.0,250.0,626584.0,1011819.0,-79.84792624620181,9.15163481032883,206,401.56781454235846
41,13,830.0,270.0,626584.0,1011839.0,-79.84792566407086,9.151815673838025,243,271.97965829113144
41,14,830.0,290.0,626584.0,1011859.0,-79.84792508192791,9.151996537345385,192,657.3021490304964
41,15,830.0,310.0,626584.0,1011879.0,-79.84792449977297,9.152177400850904,151,229.2688882057595
41,16,830.0,330.0,626584.0,1011899.0,-79.84792391760604,9.15235826435459,271,158.917030783844
41,17,830.0,350.0,626584.0,1011919.0,-79.84792333542713,9.152539127856434,219,304.75469571455
41,18,830.0,370.0,626584.0,1011939.0,-79.8479227532362,9.15271999135644,213,211.26274796006456
41,19,830.0,390.0,626584.0,1011959.0,-79.84792217103328,9.152900854854613,232,231.22162529771595
41,20,830.0,410.0,626584.0,1011979.0,-79.84792158881838,9.153081718350945,238,139.81019783694916
41,21,830.0,430.0,626584.0,1011999.0,-79.84792100659148,9.153262581845441,216,725.7828760194882
41,22,830.0,450.0,626584.0,1012019.0,-79.84792042435257,9.153443445338096,223,269.4577223172493
41,23,830.0,470.0,626584.0,1012039.0,-79.84791984210169,9.153624308828915,138,390.25502164283057
41,24,830.0,490.0,626584.0,1012059.0,-79.84791925983879,9.153805172317899,153,677.021484372317
42,0,850.0,10.0,626604.0,1011579.0,-79.84775123207811,9.149463869678652,233,181.636606132207
42,1,850.0,30.0,626604.0,1011599.0,-79.8477506499992,9.149644733198272,136,127.02841361160048
42,2,850.0,50.0,626604.0,1011619.0,-79.84775006790831,9.149825596716054,198,187.07346711713802
42,3,850.0,70.0,626604.0,1011639.0,-79.84774948580541,9.150006460232001,180,207.031211392969
42,4,850.0,90.0,626604.0,1011659.0,-79.84774890369052,9.150187323746112,232,94.69105315739559
42,5,850.0,110.0,626604.0,1011679.0,-79.84774832156363,9.150368187258385,175,251.834603589033
42,6,850.0,130.0,626604.0,1011699.0,-79.84774773942475,9.150549050768817,216,555.859816092144
42,7,850.0,150.0,626604.0,1011719.0,-79.84774715727387,9.150729914277413,245,245.5447145343208
42,8,850.0,170.0,626604.0,1011739.0,-79.84774657511099,9.150910777784176,173,428.68445417367684
42,9,850.0,190.0,626604.0,1011759.0,-79.84774599293611,9.151091641289097,166,328.93089433814356
42,10,850.0,210.0,626604.0,1011779.0,-79.84774541074924,9.151272504792184,200,1547.6703723857954
42,11,850.0,230.0,626604.0,1011799.0,-79.84774482855039,9.15145336829343,230,214.96890912789985
42,12,850.0,250.0,626604.0,1011819.0,-79.84774424633953,9.15163423179284,209,346.49176153793394
42,13,850.0,270.0,626604.0,1011839.0,-79.84774366411666,9.151815095290416,227,318.290400351881
42,14,850.0,290.0,626604.0,1011859.0,-79.8477430818818,9.151995958786152,203,241.75665709251217
42,15,850.0,310.0,626604.0,1011879.0,-79.84774249963495,9.152176822280051,198,579.9866481370942
42,16,850.0,330.0,626604.0,1011899.0,-79.84774191737611,9.15235768577211,260,357.48123683775856
42,17,850.0,350.0,626604.0,1011919.0,-79.84774133510525,9.152538549262333,221,189.29042427790822
42,18,850.0,370.0,626604.0,1011939.0,-79.84774075282242,9.152719412750718,240,345.5930070941034
42,19,850.0,390.0,626604.0,1011959.0,-79.84774017052757,9.152900276237267,229,339.8871837543537
42,20,850.0,410.0,626604.0,1011979.0,-79.84773958822073,9.153081139721975,239,1036.5145012503974
42,21,850.0,430.0,626604.0,1011999.0,-79.84773900590191,9.15326200320485,262,1710.4122820417667
42,22,850.0,450.0,626604.0,1012019.0,-79.84773842357107,9.153442866685882,195,232.2415592102054
42,23,850.0,470.0,626604.0,1012039.0,-79.84773784122824,9.15362373016508,153,696.6544995738811
42,24,850.0,490.0,626604.0,1012059.0,-79.84773725887342,9.15380459364244,152,400.24105382944214
43,0,870.0,10.0,626624.0,1011579.0,-79.84756923333063,9.14946329119082,247,252.71293136667055
43,1,870.0,30.0,626624.0,1011599.0,-79.84756865115985,9.149644154698814,197,1828.0385029946685
43,2,870.0,50.0,626624.0,1011619.0,-79.84756806897704,9.149825018204973,196,450.15141325514173
43,3,870.0,70.0,626624.0,1011639.0,-79.84756748678225,9.150005881709296,185,191.58314790490638
43,4,870.0,90.0,626624.0,1011659.0,-79.84756690457547,9.15018674521178,216,312.41577233870333
43,5,870.0,110.0,626624.0,1011679.0,-79.84756632235668,9.150367608712427,195,134.03675325015956
43,6,870.0,130.0,626624.0,1011699.0,-79.8475657401259,9.150548472211241,192,237.71044196273348
43,7,870.0,150.0,626624.0,1011719.0,-79.84756515788312,9.150729335708212,230,205.28084479037489
43,8,870.0,170.0,626624.0,1011739.0,-79.84756457562834,9.150910199203347,201,229.9068974614502
43,9,870.0,190.0,626624.0,1011759.0,-79.84756399336156,9.151091062696645,191,154.5382482250258
43,10,870.0,210.0,626624.0,1011779.0,-79.84756341108279,9.151271926188107,215,148.0949559812829
43,11,870.0,230.0,626624.0,1011799.0,-79.84756282879202,9.15145278967773,231,625.7678324214517
43,12,870.0,250.0,626624.0,1011819.0,-79.84756224648923,9.151633653165515,213,972.97698923366
43,13,870.0,270.0,626624.0,1011839.0,-79.84756166417446,9.151814516651466,183,235.46717315007768
43,14,870.0,290.0,626624.0,1011859.0,-79.84756108184769,9.151995380135578,198,356.9616247836721
43,15,870.0,310.0,626624.0,1011879.0,-79.84756049950893,9.15217624361785,215,175.4548856602307
43,16,870.0,330.0,626624.0,1011899.0,-79.84755991715815,9.152357107098288,214,207.61642680569005
43,17,870.0,350.0,626624.0,1011919.0,-79.84755933479539,9.152537970576885,171,164.44024782810752
43,18,870.0,370.0,626624.0,1011939.0,-79.84755875242062,9.152718834053642,227,421.4898758639518
43,19,870.0,390.0,626624.0,1011959.0,-79.84755817003386,9.152899697528566,151,191.6754191390262
43,20,870.0,410.0,626624.0,1011979.0,-79.8475575876351,9.153080561001653,166,386.5859761696316
43,21,870.0,430.0,626624.0,1011999.0,-79.84755700522433,9.153261424472902,222,309.57182024513156
43,22,870.0,450.0,626624.0,1012019.0,-79.84755642280157,9.15344228794231,192,106.58328800118588
43,23,870.0,470.0,626624.0,1012039.0,-79.84755584036681,9.153623151409882,160,299.8533630976254
43,24,870.0,490.0,626624.0,1012059.0,-79.84755525792005,9.153804014875618,189,307.42600461641547
44,0,890.0,10.0,626644.0,1011579.0,-79.84738723459515,9.14946271261167,285,112.35601194636611
44,1,890.0,30.0,626644.0,1011599.0,-79.84738665233246,9.149643576108039,213,168.7160820429283
44,2,890.0,50.0,626644.0,1011619.0,-79.8473860700578,9.149824439602574,190,351.2847117324651
44,3,890.0,70.0,626644.0,1011639.0,-79.8473854877711,9.150005303095266,243,128.26900681237157
44,4,890.0,90.0,626644.0,1011659.0,-79.84738490547242,9.150186166586126,201,501.77753603744037
44,5,890.0,110.0,626644.0,1011679.0,-79.84738432316175,9.150367030075149,226,153.06263348888743
44,6,890.0,130.0,626644.0,1011699.0,-79.84738374083906,9.150547893562333,194,150.68876154025878
44,7,890.0,150.0,626644.0,1011719.0,-79.84738315850437,9.150728757047679,280,213.24738624555687
44,8,890.0,170.0,626644.0,1011739.0,-79.84738257615768,9.150909620531186,274,121.06491293493835
44,9,890.0,190.0,626644.0,1011759.0,-79.847381993799,9.151090484012858,193,999.4912072173801
44,10,890.0,210.0,626644.0,1011779.0,-79.84738141142832,9.151271347492695,262,158.19120782403402
44,11,890.0,230.0,626644.0,1011799.0,-79.84738082904563,9.15145221097069,257,66.71983731165581
44,12,890.0,250.0,626644.0,1011819.0,-79.84738024665096,9.15163307444685,219,529.6653202879118
44,13,890.0,270.0,626644.0,1011839.0,-79.84737966424427,9.151813937921172,170,1004.8013817848989
44,14,890.0,290.0,626644.0,1011859.0,-79.84737908182558,9.15199480139366,198,182.51053356922148
44,15,890.0,310.0,626644.0,1011879.0,-79.84737849939489,9.152175664864306,221,808.9131646151056
44,16,890.0,330.0,626644.0,1011899.0,-79.8473779169522,9.152356528333115,198,213.0220997762241
44,17,890.0,350.0,626644.0,1011919.0,-79.84737733449752,9.152537391800086,231,514.5289218372744
44,18,890.0,370.0,626644.0,1011939.0,-79.84737675203083,9.15271825526522,266,609.7551449988829
44,19,890.0,390.0,626644.0,1011959.0,-79.84737616955213,9.15289911872852,139,322.37393804590687
44,20,890.0,410.0,626644.0,1011979.0,-79.84737558706145,9.153079982189977,129,255.0990988644516
44,21,890.0,430.0,626644.0,1011999.0,-79.84737500455876,9.153260845649598,190,252.46447906624985
44,22,890.0,450.0,626644.0,1012019.0,-79.84737442204408,9.15344170910738,231,287.5435885973486
44,23,890.0,470.0,626644.0,1012039.0,-79.84737383951739,9.153622572563327,296,86.9571460721728
44,24,890.0,490.0,626644.0,1012059.0,-79.8473732569787,9.153803436017432,167,105.5621543797925
45,0,910.0,10.0,626664.0,1011579.0,-79.84720523587168,9.149462133941205,212,73.93583418934912
45,1,910.0,30.0,626664.0,1011599.0,-79.8472046535171,9.149642997425943,164,358.1135165563169
45,2,910.0,50.0,626664.0,1011619.0,-79.84720407115053,9.149823860908848,160,182.60782664045826
45,3,910.0,70.0,626664.0,1011639.0,-79.84720348877195,9.150004724389916,181,247.71920451743213
45,4,910.0,90.0,626664.0,1011659.0,-79.84720290638137,9.150185587869148,178,194.83642179824162
45,5,910.0,110.0,626664.0,1011679.0,-79.84720232397879,9.15036645134654,206,132.0833287172362
45,6,910.0,130.0,626664.0,1011699.0,-79.8472017415642,9.150547314822095,197,981.4756316391444
45,7,910.0,150.0,626664.0,1011719.0,-79.84720115913763,9.150728178295815,233,505.31641009862165
45,8,910.0,170.0,626664.0,1011739.0,-79.84720057669904,9.150909041767694,204,317.8518443822924
45,9,910.0,190.0,626664.0,1011759.0,-79.84719999424844,9.151089905237738,165,184.96085202628564
45,10,910.0,210.0,626664.0,1011779.0,-79.84719941178585,9.151270768705945,188,315.2905397662632
45,11,910.0,230.0,626664.0,1011799.0,-79.84719882931125,9.151451632172314,198,327.3762043813313
45,12,910.0,250.0,626664.0,1011819.0,-79.84719824682466,9.151632495636845,213,486.8679039769494
45,13,910.0,270.0,626664.0,1011839.0,-79.84719766432606,9.15181335909954,301,143.46271268395833
45,14,910.0,290.0,626664.0,1011859.0,-79.84719708181547,9.151994222560397,185,111.3515089820779
45,15,910.0,310.0,626664.0,1011879.0,-79.84719649929286,9.152175086019419,227,312.70444072587617
45,16,910.0,330.0,626664.0,1011899.0,-79.84719591675825,9.152355949476599,240,274.7731014015543
45,17,910.0,350.0,626664.0,1011919.0,-79.84719533421165,9.15253681293194,217,291.8120935011822
45,18,910.0,370.0,626664.0,1011939.0,-79.84719475165303,9.152717676385446,243,137.38726061500634
45,19,910.0,390.0,626664.0,1011959.0,-79.84719416908243,9.152898539837114,244,277.2395333705517
45,20,910.0,410.0,626664.0,1011979.0,-79.84719358649981,9.153079403286947,162,608.6006918870495
45,21,910.0,430.0,626664.0,1011999.0,-79.8471930039052,9.153260266734938,222,339.51989534590325
45,22,910.0,450.0,626664.0,1012019.0,-79.84719242129857,9.153441130181093,239,272.64979844811853
45,23,910.0,470.0,626664.0,1012039.0,-79.84719183867995,9.15362199362541,192,82.19479708414408
45,24,910.0,490.0,626664.0,1012059.0,-79.84719125604933,9.153802857067891,162,111.4174930057197
46,0,930.0,10.0,626684.0,1011579.0,-79.8470232371602,9.149461555179421,150,253.87847308391946
46,1,930.0,30.0,626684.0,1011599.0,-79.84702265471374,9.14964241865253,135,261.69841157333235
46,2,930.0,50.0,626684.0,1011619.0,-79.84702207225527,9.149823282123807,193,179.16071176991724
46,3,930.0,70.0,626684.0,1011639.0,-79.8470214897848,9.150004145593243,185,1294.0021395588715
46,4,930.0,90.0,626684.0,1011659.0,-79.84702090730232,9.150185009060841,125,264.0680573749744
46,5,930.0,110.0,626684.0,1011679.0,-79.84702032480784,9.150365872526606,160,319.18770156376206
46,6,930.0,130.0,626684.0,1011699.0,-79.84701974230137,9.150546735990535,233,111.85058236399414
46,7,930.0,150.0,626684.0,1011719.0,-79.84701915978287,9.15072759945262,215,60.43900901814813
46,8,930.0,170.0,626684.0,1011739.0,-79.84701857725238,9.150908462912874,219,66.71457714491568
46,9,930.0,190.0,626684.0,1011759.0,-79.8470179947099,9.151089326371286,199,233.40443763691718
46,10,930.0,210.0,626684.0,1011779.0,-79.8470174121554,9.151270189827862,232,86.24221047642087
46,11,930.0,230.0,626684.0,1011799.0,-79.8470168295889,9.1514510532826,198,220.57948124155536
46,12,930.0,250.0,626684.0,1011819.0,-79.84701624701037,9.151631916735502,215,510.9057948806367
46,13,930.0,270.0,626684.0,1011839.0,-79.84701566441987,9.15181278018657,249,108.8351697621583
46,14,930.0,290.0,626684.0,1011859.0,-79.84701508181735,9.151993643635794,205,159.72315623123825
46,15,930.0,310.0,626684.0,1011879.0,-79.84701449920283,9.152174507083183,193,59.594254011885006
46,16,930.0,330.0,626684.0,1011899.0,-79.84701391657632,9.152355370528733,158,322.0401228333338
46,17,930.0,350.0,626684.0,1011919.0,-79.84701333393778,9.152536233972448,189,225.28647094839917
46,18,930.0,370.0,626684.0,1011939.0,-79.84701275128725,9.152717097414323,226,314.2751710230267
46,19,930.0,390.0,626684.0,1011959.0,-79.84701216862472,9.152897960854359,236,96.48002734708551
46,20,930.0,410.0,626684.0,1011979.0,-79.84701158595017,9.153078824292562,225,174.5509987260991
46,21,930.0,430.0,626684.0,1011999.0,-79.84701100326363,9.153259687728923,229,199.73224655694438
46,22,930.0,450.0,626684.0,1012019.0,-79.84701042056508,9.153440551163449,256,89.75221013955095
46,23,930.0,470.0,626684.0,1012039.0,-79.84700983785453,9.153621414596135,185,186.8672339957027
46,24,930.0,490.0,626684.0,1012059.0,-79.84700925513197,9.153802278026983,126,79.53967318379725
47,0,950.0,10.0,626704.0,1011579.0,-79.84684123846073,9.149460976326319,208,188.24766590516225
47,1,950.0,30.0,626704.0,1011599.0,-79.84684065592238,9.149641839787797,188,191.06327870945225
47,2,950.0,50.0,626704.0,1011619.0,-79.84684007337202,9.149822703247441,187,902.4853911102257
47,3,950.0,70.0,626704.0,1011639.0,-79.84683949080966,9.150003566705244,165,82.1216997277716
47,4,950.0,90.0,626704.0,1011659.0,-79.84683890823528,9.150184430161215,151,363.6757507339047
47,5,950.0,110.0,626704.0,1011679.0,-79.8468383256489,9.150365293615346,163,173.2555054476392
47,6,950.0,130.0,626704.0,1011699.0,-79.84683774305051,9.150546157067641,217,193.2177348832342
47,7,950.0,150.0,626704.0,1011719.0,-79.84683716044013,9.150727020518097,169,907.3721234157206
47,8,950.0,170.0,626704.0,1011739.0,-79.84683657781774,9.150907883966715,179,130.72610380882264
47,9,950.0,190.0,626704.0,1011759.0,-79.84683599518334,9.1510887474135,223,135.6040264680578
47,10,950.0,210.0,626704.0,1011779.0,-79.84683541253693,9.151269610858442,179,307.2774871040405
47,11,950.0,230.0,626704.0,1011799.0,-79.84683482987853,9.15145047430155,222,202.6678658615653
47,12,950.0,250.0,626704.0,1011819.0,-79.8468342472081,9.151631337742819,211,286.4728229386849
47,13,950.0,270.0,626704.0,1011839.0,-79.84683366452569,9.151812201182253,193,315.30103394716457
47,14,950.0,290.0,626704.0,1011859.0,-79.84683308183125,9.151993064619848,234,1082.2229937940735
47,15,950.0,310.0,626704.0,1011879.0,-79.84683249912482,9.152173928055603,251,328.9911725372573
47,16,950.0,330.0,626704.0,1011899.0,-79.84683191640637,9.152354791489524,214,325.72330700641214
47,17,950.0,350.0,626704.0,1011919.0,-79.84683133367592,9.152535654921605,133,324.5836881139814
47,18,950.0,370.0,626704.0,1011939.0,-79.84683075093346,9.152716518351847,190,382.811477209187
47,19,950.0,390.0,626704.0,1011959.0,-79.84683016817901,9.152897381780255,206,411.21062145669504
47,20,950.0,410.0,626704.0,1011979.0,-79.84682958541254,9.153078245206824,172,440.3255655334331
47,21,950.0,430.0,626704.0,1011999.0,-79.84682900263407,9.153259108631552,213,401.8653754398773
47,22,950.0,450.0,626704.0,1012019.0,-79.84682841984359,9.153439972054448,227,161.06603083206164
47,23,950.0,470.0,626704.0,1012039.0,-79.8468278370411,9.1536208354755,229,365.0589217092596
47,24,950.0,490.0,626704.0,1012059.0,-79.8468272542266,9.153801698894716,187,78.54778759059695
48,0,970.0,10.0,626724.0,1011579.0,-79.84665923977327,9.149460397381903,220,225.8950270997718
48,1,970.0,30.0,626724.0,1011599.0,-79.84665865714301,9.149641260831746,244,106.04044259543079
48,2,970.0,50.0,626724.0,1011619.0,-79.84665807450077,9.149822124279757,164,83.09098484620527
48,3,970.0,70.0,626724.0,1011639.0,-79.8466574918465,9.150002987725925,142,505.16548504464157
48,4,970.0,90.0,626724.0,1011659.0,-79.84665690918025,9.150183851170262,169,172.76376447103297
48,5,970.0,110.0,626724.0,1011679.0,-79.84665632650197,9.15036471461276,176,272.9242460467306
48,6,970.0,130.0,626724.0,1011699.0,-79.8466557438117,9.150545578053421,127,171.27151594519503
48,7,970.0,150.0,626724.0,1011719.0,-79.8466551611094,9.150726441492242,145,148.75409618778826
48,8,970.0,170.0,626724.0,1011739.0,-79.8466545783951,9.150907304929229,117,189.13778863872398
48,9,970.0,190.0,626724.0,1011759.0,-79.84665399566879,9.151088168364376,200,187.7480849833009
48,10,970.0,210.0,626724.0,1011779.0,-79.84665341293048,9.151269031797689,272,515.6257297086026
48,11,970.0,230.0,626724.0,1011799.0,-79.84665283018016,9.151449895229161,191,291.59301667343334
48,12,970.0,250.0,626724.0,1011819.0,-79.84665224741784,9.151630758658797,186,388.30891384126153
48,13,970.0,270.0,626724.0,1011839.0,-79.8466516646435,9.151811622086596,220,444.60877844239207
48,14,970.0,290.0,626724.0,1011859.0,-79.84665108185715,9.15199248551256,177,191.59881290916152
48,15,970.0,310.0,626724.0,1011879.0,-79.8466504990588,9.152173348936682,198,255.15638710759112
48,16,970.0,330.0,626724.0,1011899.0,-79.84664991624842,9.152354212358965,218,386.3599552231146
48,17,970.0,350.0,626724.0,1011919.0,-79.84664933342607,9.152535075779415,213,676.8123072447004
48,18,970.0,370.0,626724.0,1011939.0,-79.8466487505917,9.152715939198023,165,319.789461955361
48,19,970.0,390.0,626724.0,1011959.0,-79.8466481677453,9.152896802614798,189,185.95660825473155
48,20,970.0,410.0,626724.0,1011979.0,-79.84664758488691,9.153077666029732,189,307.9049198850947
48,21,970.0,430.0,626724.0,1011999.0,-79.84664700201651,9.153258529442828,191,114.86354622017036
48,22,970.0,450.0,626724.0,1012019.0,-79.8466464191341,9.153439392854088,183,156.54127477991975
48,23,970.0,470.0,626724.0,1012039.0,-79.84664583623967,9.153620256263508,173,170.92780470283233
48,24,970.0,490.0,626724.0,1012059.0,-79.84664525333325,9.153801119671092,161,351.08534627923734
49,0,990.0,10.0,626744.0,1011579.0,-79.84647724109782,9.149459818346166,234,129.29915104050696
49,1,990.0,30.0,626744.0,1011599.0,-79.84647665837568,9.149640681784378,241,137.15471022226063
49,2,990.0,50.0,626744.0,1011619.0,-79.84647607564153,9.149821545220753,205,72.1285905774975
49,3,990.0,70.0,626744.0,1011639.0,-79.84647549289538,9.150002408655284,153,367.7865043045046
49,4,990.0,90.0,626744.0,1011659.0,-79.84647491013722,9.150183272087986,198,274.6156725065673
49,5,990.0,110.0,626744.0,1011679.0,-79.84647432736705,9.15036413551885,189,90.86166686082923
49,6,990.0,130.0,626744.0,1011699.0,-79.84647374458487,9.150544998947876,229,814.6759266336323
49,7,990.0,150.0,626744.0,1011719.0,-79.84647316179067,9.150725862375062,195,162.22652916539255
49,8,990.0,170.0,626744.0,1011739.0,-79.84647257898447,9.15090672580041,181,321.7310263751756
49,9,990.0,190.0,626744.0,1011759.0,-79.84647199616626,9.151087589223923,164,462.7230853214185
49,10,990.0,210.0,626744.0,1011779.0,-79.84647141333605,9.1512684526456,177,139.1107788670281
49,11,990.0,230.0,626744.0,1011799.0,-79.84647083049381,9.151449316065436,200,514.4115784321964
49,12,990.0,250.0,626744.0,1011819.0,-79.84647024763957,9.151630179483437,202,209.9937294765299
49,13,990.0,270.0,626744.0,1011839.0,-79.84646966477332,9.1518110428996,212,178.37707476134193
49,14,990.0,290.0,626744.0,1011859.0,-79.84646908189507,9.151991906313926,191,322.9857331394477
49,15,990.0,310.0,626744.0,1011879.0,-79.84646849900479,9.152172769726414,192,332.2670639368343
49,16,990.0,330.0,626744.0,1011899.0,-79.84646791610251,9.152353633137064,174,566.7945346594922
49,17,990.0,350.0,626744.0,1011919.0,-79.84646733318823,9.152534496545876,177,211.80130515918964
49,18,990.0,370.0,626744.0,1011939.0,-79.84646675026192,9.15271535995285,209,281.09073644809274
49,19,990.0,390.0,626744.0,1011959.0,-79.8464661673236,9.152896223357988,191,318.0569905112296
49,20,990.0,410.0,626744.0,1011979.0,-79.84646558437329,9.153077086761286,161,35.71322612407299
49,21,990.0,430.0,626744.0,1011999.0,-79.84646500141096,9.153257950162748,187,1828.6110574067702
49,22,990.0,450.0,626744.0,1012019.0,-79.84646441843663,9.15343881356237,183,135.40104587883565
49,23,990.0,470.0,626744.0,1012039.0,-79.84646383545027,9.153619676960155,126,830.4934151692528
49,24,990.0,490.0,626744.0,1012059.0,-79.84646325245191,9.153800540356102,134,160.29400435780033
