plotID,siteID,eventID,year,plotType,totalSampledAreaTrees,n_tree_stems,n_mapped,frac_stems_unmapped,coverage_ok,agb_mg_ha
ABBY_001,ABBY,vst_ABBY_2016,2016,distributed,400.0,22,22,0.0,True,440.3783488935308
ABBY_001,ABBY,vst_ABBY_2019,2019,distributed,400.0,20,20,0.0,True,452.95340852080636
ABBY_001,ABBY,vst_ABBY_2024,2024,distributed,400.0,18,18,0.0,True,349.98900115897305
ABBY_002,ABBY,vst_ABBY_2016,2016,distributed,400.0,6,6,0.0,True,0.0618572545590949
ABBY_002,ABBY,vst_ABBY_2019,2019,distributed,400.0,12,12,0.0,True,1.8206548975948529
ABBY_002,ABBY,vst_ABBY_2024,2024,distributed,400.0,25,25,0.0,True,13.603010998423862
ABBY_003,ABBY,vst_ABBY_2016,2016,distributed,400.0,32,32,0.0,True,21.00830668173877
ABBY_003,ABBY,vst_ABBY_2024,2024,distributed,400.0,21,21,0.0,True,97.70039353183863
ABBY_004,ABBY,vst_ABBY_2016,2016,distributed,400.0,5,5,0.0,True,0.032171012501564025
ABBY_004,ABBY,vst_ABBY_2019,2019,distributed,400.0,27,27,0.0,True,1.9915502981223077
ABBY_004,ABBY,vst_ABBY_2024,2024,distributed,400.0,31,31,0.0,True,19.101280404152316
ABBY_005,ABBY,vst_ABBY_2016,2016,distributed,400.0,7,7,0.0,True,0.066673765942121
ABBY_005,ABBY,vst_ABBY_2019,2019,distributed,400.0,84,84,0.0,True,3.598928943876945
ABBY_006,ABBY,vst_ABBY_2016,2016,distributed,400.0,39,39,0.0,True,639.3117819556929
ABBY_006,ABBY,vst_ABBY_2019,2019,distributed,400.0,34,34,0.0,True,593.4514267706234
ABBY_006,ABBY,vst_ABBY_2024,2024,distributed,400.0,36,36,0.0,True,728.0774560577437
ABBY_007,ABBY,vst_ABBY_2016,2016,distributed,400.0,11,11,0.0,True,328.28803806525
ABBY_007,ABBY,vst_ABBY_2019,2019,distributed,400.0,2,2,0.0,True,0.01254286399530687
ABBY_007,ABBY,vst_ABBY_2024,2024,distributed,400.0,22,22,0.0,True,0.6326144201053585
ABBY_008,ABBY,vst_ABBY_2016,2016,distributed,400.0,17,17,0.0,True,583.476381882099
ABBY_008,ABBY,vst_ABBY_2019,2019,distributed,400.0,16,16,0.0,True,470.01743907240524
ABBY_008,ABBY,vst_ABBY_2024,2024,distributed,400.0,17,17,0.0,True,724.6572036501161
ABBY_009,ABBY,vst_ABBY_2016,2016,distributed,400.0,20,20,0.0,True,0.10160142446151522
ABBY_009,ABBY,vst_ABBY_2019,2019,distributed,400.0,87,87,0.0,True,6.39400672474645
ABBY_009,ABBY,vst_ABBY_2024,2024,distributed,400.0,98,98,0.0,True,48.101413624284596
ABBY_010,ABBY,vst_ABBY_2016,2016,distributed,400.0,18,18,0.0,True,379.35317240811094
ABBY_010,ABBY,vst_ABBY_2019,2019,distributed,400.0,17,17,0.0,True,370.5048166838481
ABBY_010,ABBY,vst_ABBY_2024,2024,distributed,400.0,18,18,0.0,True,437.5836287928329
ABBY_011,ABBY,vst_ABBY_2016,2016,distributed,400.0,1,1,0.0,True,0.15001077631354212
ABBY_011,ABBY,vst_ABBY_2019,2019,distributed,400.0,14,14,0.0,True,0.3467766576264854
ABBY_011,ABBY,vst_ABBY_2024,2024,distributed,400.0,17,17,0.0,True,3.246423785329162
ABBY_012,ABBY,vst_ABBY_2016,2016,distributed,400.0,12,12,0.0,True,0.09784218373943292
ABBY_012,ABBY,vst_ABBY_2019,2019,distributed,400.0,20,20,0.0,True,2.1635996685685948
ABBY_013,ABBY,vst_ABBY_2016,2016,distributed,400.0,3,3,0.0,True,0.016543572683111733
ABBY_013,ABBY,vst_ABBY_2019,2019,distributed,400.0,34,34,0.0,True,1.2412187218136546
ABBY_013,ABBY,vst_ABBY_2024,2024,distributed,400.0,32,32,0.0,True,18.36758114365958
ABBY_014,ABBY,vst_ABBY_2016,2016,distributed,400.0,23,22,0.04347826086956519,True,478.1514986992291
ABBY_014,ABBY,vst_ABBY_2019,2019,distributed,400.0,30,30,0.0,True,524.4200823263211
ABBY_014,ABBY,vst_ABBY_2024,2024,distributed,400.0,37,37,0.0,True,552.6556379764788
ABBY_016,ABBY,vst_ABBY_2016,2016,distributed,400.0,30,30,0.0,True,561.3906079044093
ABBY_016,ABBY,vst_ABBY_2019,2019,distributed,400.0,31,31,0.0,True,626.7542282401131
ABBY_016,ABBY,vst_ABBY_2024,2024,distributed,400.0,35,35,0.0,True,704.8593667497684
ABBY_017,ABBY,vst_ABBY_2016,2016,distributed,400.0,20,20,0.0,True,11.451912348110653
ABBY_017,ABBY,vst_ABBY_2019,2019,distributed,400.0,20,20,0.0,True,32.71369342676507
ABBY_017,ABBY,vst_ABBY_2024,2024,distributed,400.0,30,30,0.0,True,79.90800405253448
ABBY_018,ABBY,vst_ABBY_2019,2019,distributed,400.0,19,19,0.0,True,1.083301810464902
ABBY_019,ABBY,vst_ABBY_2016,2016,distributed,400.0,43,43,0.0,True,6.978245215127318
ABBY_019,ABBY,vst_ABBY_2019,2019,distributed,400.0,44,44,0.0,True,34.406567874775575
ABBY_023,ABBY,vst_ABBY_2016,2016,distributed,400.0,82,82,0.0,True,36.32096058566041
ABBY_023,ABBY,vst_ABBY_2019,2019,distributed,400.0,95,95,0.0,True,72.39473066699053
ABBY_023,ABBY,vst_ABBY_2024,2024,distributed,400.0,96,96,0.0,True,133.53505992139074
ABBY_025,ABBY,vst_ABBY_2016,2016,distributed,400.0,55,55,0.0,True,292.5210328683126
ABBY_025,ABBY,vst_ABBY_2019,2019,distributed,400.0,52,52,0.0,True,274.86636770722976
ABBY_025,ABBY,vst_ABBY_2024,2024,distributed,400.0,23,23,0.0,True,300.1684058476905
ABBY_061,ABBY,vst_ABBY_2015,2015,tower,800.0,32,32,0.0,True,3.285872601049985
ABBY_061,ABBY,vst_ABBY_2016,2016,tower,800.0,53,53,0.0,True,11.73413501004637
ABBY_061,ABBY,vst_ABBY_2017,2017,tower,800.0,62,62,0.0,True,17.85225204510693
ABBY_061,ABBY,vst_ABBY_2018,2018,tower,800.0,62,62,0.0,True,26.705230129673872
ABBY_061,ABBY,vst_ABBY_2019,2019,tower,800.0,75,75,0.0,True,42.83369046776359
ABBY_061,ABBY,vst_ABBY_2020,2020,tower,800.0,82,82,0.0,True,54.76320006856845
ABBY_061,ABBY,vst_ABBY_2021,2021,tower,800.0,81,81,0.0,True,63.21923898933377
ABBY_061,ABBY,vst_ABBY_2022,2022,tower,800.0,81,81,0.0,True,75.9900244286105
ABBY_061,ABBY,vst_ABBY_2023,2023,tower,800.0,86,86,0.0,True,85.07042386824644
ABBY_061,ABBY,vst_ABBY_2024,2024,tower,800.0,87,87,0.0,True,98.08595901981431
ABBY_061,ABBY,vst_ABBY_2025,2025,tower,800.0,83,83,0.0,True,107.87040613097791
ABBY_062,ABBY,vst_ABBY_2015,2015,tower,800.0,21,21,0.0,True,1.2687878189874575
ABBY_062,ABBY,vst_ABBY_2016,2016,tower,800.0,62,62,0.0,True,5.089925333328184
ABBY_062,ABBY,vst_ABBY_2017,2017,tower,800.0,64,64,0.0,True,9.17048816873773
ABBY_062,ABBY,vst_ABBY_2018,2018,tower,800.0,68,68,0.0,True,17.49759097003792
ABBY_062,ABBY,vst_ABBY_2019,2019,tower,800.0,91,91,0.0,True,30.784841018058827
ABBY_062,ABBY,vst_ABBY_2020,2020,tower,800.0,81,81,0.0,True,36.276088336783864
ABBY_062,ABBY,vst_ABBY_2021,2021,tower,800.0,90,90,0.0,True,48.36939181386446
ABBY_062,ABBY,vst_ABBY_2022,2022,tower,800.0,87,87,0.0,True,55.23001710472727
ABBY_062,ABBY,vst_ABBY_2023,2023,tower,800.0,92,92,0.0,True,61.176842508810694
ABBY_062,ABBY,vst_ABBY_2024,2024,tower,800.0,92,92,0.0,True,71.83791041888674
ABBY_062,ABBY,vst_ABBY_2025,2025,tower,800.0,83,83,0.0,True,80.53540137016445
ABBY_063,ABBY,vst_ABBY_2015,2015,tower,800.0,36,35,0.02777777777777779,True,2.7492698936147075
ABBY_063,ABBY,vst_ABBY_2016,2016,tower,800.0,53,53,0.0,True,6.921121745509331
ABBY_063,ABBY,vst_ABBY_2017,2017,tower,800.0,57,56,0.01754385964912286,True,8.83437829925157
ABBY_063,ABBY,vst_ABBY_2018,2018,tower,800.0,60,60,0.0,True,14.09707415083761
ABBY_063,ABBY,vst_ABBY_2020,2020,tower,800.0,59,59,0.0,True,24.26715500213974
ABBY_063,ABBY,vst_ABBY_2021,2021,tower,800.0,60,60,0.0,True,28.260596313304664
ABBY_063,ABBY,vst_ABBY_2022,2022,tower,800.0,64,64,0.0,True,33.873322837840256
ABBY_063,ABBY,vst_ABBY_2023,2023,tower,800.0,65,65,0.0,True,42.86296402111857
ABBY_063,ABBY,vst_ABBY_2024,2024,tower,800.0,70,70,0.0,True,50.12261767014796
ABBY_063,ABBY,vst_ABBY_2025,2025,tower,800.0,76,76,0.0,True,58.13547769374016
ABBY_064,ABBY,vst_ABBY_2015,2015,tower,800.0,11,11,0.0,True,0.29681786880652444
ABBY_064,ABBY,vst_ABBY_2016,2016,tower,800.0,43,43,0.0,True,25.882144365208863
ABBY_064,ABBY,vst_ABBY_2017,2017,tower,800.0,40,40,0.0,True,26.29982033609794
ABBY_064,ABBY,vst_ABBY_2018,2018,tower,800.0,35,35,0.0,True,28.18049633871044
ABBY_064,ABBY,vst_ABBY_2019,2019,tower,800.0,56,56,0.0,True,33.454931631519194
ABBY_064,ABBY,vst_ABBY_2021,2021,tower,800.0,39,39,0.0,True,42.65838658664187
ABBY_065,ABBY,vst_ABBY_2015,2015,tower,800.0,9,8,0.11111111111111116,False,66.22237281698287
ABBY_065,ABBY,vst_ABBY_2016,2016,tower,800.0,82,82,0.0,True,69.36017672829121
ABBY_065,ABBY,vst_ABBY_2017,2017,tower,800.0,18,18,0.0,True,67.65779136623716
ABBY_065,ABBY,vst_ABBY_2018,2018,tower,800.0,23,23,0.0,True,44.12131890814131
ABBY_065,ABBY,vst_ABBY_2021,2021,tower,800.0,44,44,0.0,True,89.7398264209249
ABBY_066,ABBY,vst_ABBY_2015,2015,tower,800.0,21,21,0.0,True,20.221671387158445
ABBY_067,ABBY,vst_ABBY_2015,2015,tower,800.0,13,13,0.0,True,31.096978678929954
ABBY_067,ABBY,vst_ABBY_2016,2016,tower,800.0,26,26,0.0,True,34.784739131822796
ABBY_067,ABBY,vst_ABBY_2017,2017,tower,800.0,37,37,0.0,True,38.52656543711269
ABBY_067,ABBY,vst_ABBY_2018,2018,tower,800.0,45,45,0.0,True,47.3738523100796
ABBY_067,ABBY,vst_ABBY_2021,2021,tower,800.0,88,88,0.0,True,84.06384543290149
ABBY_068,ABBY,vst_ABBY_2015,2015,tower,800.0,20,20,0.0,True,141.292514342718
ABBY_068,ABBY,vst_ABBY_2016,2016,tower,800.0,24,24,0.0,True,149.82332811884393
ABBY_068,ABBY,vst_ABBY_2017,2017,tower,800.0,29,29,0.0,True,153.35637688088428
ABBY_068,ABBY,vst_ABBY_2018,2018,tower,800.0,37,37,0.0,True,93.11063560948763
ABBY_068,ABBY,vst_ABBY_2021,2021,tower,800.0,69,69,0.0,True,197.6454270402623
ABBY_069,ABBY,vst_ABBY_2015,2015,tower,800.0,24,24,0.0,True,2.024637262640896
ABBY_069,ABBY,vst_ABBY_2016,2016,tower,800.0,65,65,0.0,True,3.9296003174774063
ABBY_069,ABBY,vst_ABBY_2017,2017,tower,800.0,61,61,0.0,True,10.355839017568856
ABBY_069,ABBY,vst_ABBY_2018,2018,tower,800.0,35,35,0.0,True,12.913667420754493
ABBY_069,ABBY,vst_ABBY_2021,2021,tower,800.0,58,58,0.0,True,34.773079723510634
ABBY_070,ABBY,vst_ABBY_2015,2015,tower,800.0,28,28,0.0,True,3.104575373060618
ABBY_070,ABBY,vst_ABBY_2016,2016,tower,800.0,26,26,0.0,True,2.8818490528111567
ABBY_070,ABBY,vst_ABBY_2017,2017,tower,800.0,57,57,0.0,True,17.107690436910357
ABBY_070,ABBY,vst_ABBY_2018,2018,tower,800.0,62,62,0.0,True,27.63995698564111
ABBY_070,ABBY,vst_ABBY_2020,2020,tower,800.0,87,87,0.0,True,51.10583562463133
ABBY_070,ABBY,vst_ABBY_2021,2021,tower,800.0,66,66,0.0,True,61.34217249468175
ABBY_070,ABBY,vst_ABBY_2022,2022,tower,800.0,65,65,0.0,True,74.7359390282011
ABBY_070,ABBY,vst_ABBY_2023,2023,tower,800.0,68,68,0.0,True,89.44571529379621
ABBY_070,ABBY,vst_ABBY_2024,2024,tower,800.0,69,69,0.0,True,102.02487662147452
ABBY_070,ABBY,vst_ABBY_2025,2025,tower,800.0,70,70,0.0,True,115.66759991312416
ABBY_073,ABBY,vst_ABBY_2016,2016,tower,800.0,21,20,0.04761904761904767,True,123.69070725861653
ABBY_073,ABBY,vst_ABBY_2017,2017,tower,800.0,27,27,0.0,True,126.280452349051
ABBY_073,ABBY,vst_ABBY_2018,2018,tower,800.0,26,26,0.0,True,135.03750013140066
ABBY_073,ABBY,vst_ABBY_2019,2019,tower,800.0,37,37,0.0,True,146.66889320885207
ABBY_073,ABBY,vst_ABBY_2020,2020,tower,800.0,40,40,0.0,True,157.80444541397432
ABBY_073,ABBY,vst_ABBY_2021,2021,tower,800.0,52,52,0.0,True,165.43820819409203
ABBY_073,ABBY,vst_ABBY_2022,2022,tower,800.0,58,58,0.0,True,177.54281207274516
ABBY_073,ABBY,vst_ABBY_2023,2023,tower,800.0,60,60,0.0,True,188.44406752400312
ABBY_073,ABBY,vst_ABBY_2024,2024,tower,800.0,65,65,0.0,True,202.88662060477725
ABBY_073,ABBY,vst_ABBY_2025,2025,tower,800.0,66,66,0.0,True,222.3046740077072
ABBY_074,ABBY,vst_ABBY_2016,2016,tower,800.0,75,75,0.0,True,86.33625601969538
ABBY_074,ABBY,vst_ABBY_2017,2017,tower,800.0,82,82,0.0,True,89.84187785551812
ABBY_074,ABBY,vst_ABBY_2018,2018,tower,800.0,23,23,0.0,True,87.40324878409284
ABBY_074,ABBY,vst_ABBY_2021,2021,tower,400.0,70,70,0.0,True,252.56951149563793
ABBY_075,ABBY,vst_ABBY_2016,2016,tower,800.0,20,20,0.0,True,80.49629541636746
ABBY_075,ABBY,vst_ABBY_2017,2017,tower,800.0,30,30,0.0,True,85.68296511411715
ABBY_075,ABBY,vst_ABBY_2018,2018,tower,800.0,25,25,0.0,True,89.43719453667252
ABBY_075,ABBY,vst_ABBY_2021,2021,tower,400.0,63,63,0.0,True,237.4402072633002
ABBY_076,ABBY,vst_ABBY_2016,2016,tower,800.0,46,46,0.0,True,2.5697112118797603
ABBY_076,ABBY,vst_ABBY_2017,2017,tower,800.0,55,55,0.0,True,4.504800730971238
ABBY_076,ABBY,vst_ABBY_2018,2018,tower,800.0,14,14,0.0,True,1.614758712607958
ABBY_076,ABBY,vst_ABBY_2021,2021,tower,800.0,48,48,0.0,True,24.082721394525702
ABBY_077,ABBY,vst_ABBY_2024,2024,distributed,400.0,71,71,0.0,True,55.563418263865636
BART_001,BART,vst_BART_2016,2016,distributed,400.0,51,51,0.0,True,193.283883694813
BART_001,BART,vst_BART_2021,2021,distributed,400.0,46,46,0.0,True,238.87815030510225
BART_002,BART,vst_BART_2016,2016,distributed,400.0,56,56,0.0,True,237.75941253636424
BART_002,BART,vst_BART_2021,2021,distributed,400.0,34,34,0.0,True,254.71161951405577
BART_003,BART,vst_BART_2016,2016,distributed,400.0,55,55,0.0,True,100.94833003902315
BART_003,BART,vst_BART_2021,2021,distributed,400.0,49,49,0.0,True,117.13253682320585
BART_004,BART,vst_BART_2016,2016,distributed,400.0,28,28,0.0,True,141.28771447284907
BART_004,BART,vst_BART_2021,2021,distributed,400.0,27,27,0.0,True,156.58631783066446
BART_005,BART,vst_BART_2016,2016,distributed,400.0,44,44,0.0,True,215.02890823442831
BART_005,BART,vst_BART_2021,2021,distributed,400.0,44,44,0.0,True,210.29418236000322
BART_006,BART,vst_BART_2016,2016,distributed,400.0,50,50,0.0,True,129.84964897622598
BART_006,BART,vst_BART_2021,2021,distributed,400.0,48,48,0.0,True,145.51718142165322
BART_007,BART,vst_BART_2016,2016,distributed,400.0,24,24,0.0,True,278.32102147022175
BART_007,BART,vst_BART_2021,2021,distributed,400.0,24,24,0.0,True,307.5892068913934
BART_010,BART,vst_BART_2016,2016,distributed,400.0,108,108,0.0,True,120.24779862415964
BART_010,BART,vst_BART_2021,2021,distributed,400.0,99,99,0.0,True,147.33740530197974
BART_011,BART,vst_BART_2016,2016,distributed,400.0,55,55,0.0,True,304.88909535455394
BART_011,BART,vst_BART_2021,2021,distributed,400.0,49,49,0.0,True,276.8075435625011
BART_012,BART,vst_BART_2016,2016,distributed,400.0,35,35,0.0,True,241.7752878639551
BART_012,BART,vst_BART_2021,2021,distributed,400.0,31,31,0.0,True,267.00615556392887
BART_013,BART,vst_BART_2016,2016,distributed,400.0,44,44,0.0,True,324.5862293254264
BART_013,BART,vst_BART_2021,2021,distributed,400.0,43,43,0.0,True,286.26123729883915
BART_015,BART,vst_BART_2016,2016,distributed,400.0,62,62,0.0,True,295.19809389242926
BART_015,BART,vst_BART_2021,2021,distributed,400.0,60,60,0.0,True,311.931207206883
BART_016,BART,vst_BART_2016,2016,distributed,400.0,41,41,0.0,True,236.6383420644665
BART_016,BART,vst_BART_2021,2021,distributed,400.0,36,36,0.0,True,254.84698957379126
BART_018,BART,vst_BART_2016,2016,distributed,400.0,53,53,0.0,True,343.3102366753399
BART_018,BART,vst_BART_2021,2021,distributed,400.0,49,49,0.0,True,369.3770877252825
BART_019,BART,vst_BART_2021,2021,distributed,400.0,55,55,0.0,True,198.70927707376873
BART_023,BART,vst_BART_2016,2016,distributed,400.0,66,66,0.0,True,191.2294392109309
BART_023,BART,vst_BART_2021,2021,distributed,400.0,55,55,0.0,True,209.76980166395708
BART_024,BART,vst_BART_2016,2016,distributed,400.0,40,40,0.0,True,291.478873735754
BART_024,BART,vst_BART_2021,2021,distributed,400.0,39,39,0.0,True,311.7929632684579
BART_025,BART,vst_BART_2016,2016,distributed,400.0,42,42,0.0,True,211.33671519393434
BART_025,BART,vst_BART_2021,2021,distributed,400.0,44,44,0.0,True,223.11930159037522
BART_026,BART,vst_BART_2016,2016,distributed,400.0,45,45,0.0,True,253.82770347869723
BART_026,BART,vst_BART_2021,2021,distributed,400.0,47,47,0.0,True,266.48588346944854
BART_027,BART,vst_BART_2016,2016,distributed,400.0,31,31,0.0,True,289.08002650985287
BART_027,BART,vst_BART_2021,2021,distributed,400.0,29,29,0.0,True,297.2179275025892
BART_028,BART,vst_BART_2016,2016,distributed,400.0,32,32,0.0,True,135.37610686909792
BART_032,BART,vst_BART_2015,2015,tower,800.0,82,82,0.0,True,208.6966860136215
BART_032,BART,vst_BART_2016,2016,tower,800.0,82,82,0.0,True,226.35791838671716
BART_032,BART,vst_BART_2017,2017,tower,800.0,89,89,0.0,True,235.89584714214882
BART_032,BART,vst_BART_2018,2018,tower,800.0,88,88,0.0,True,218.6456286007784
BART_032,BART,vst_BART_2019,2019,tower,800.0,88,88,0.0,True,232.8658847915166
BART_032,BART,vst_BART_2024,2024,tower,800.0,85,85,0.0,True,238.14934258152863
BART_033,BART,vst_BART_2015,2015,tower,800.0,75,75,0.0,True,174.47653423820833
BART_033,BART,vst_BART_2016,2016,tower,800.0,81,81,0.0,True,178.8988544366108
BART_033,BART,vst_BART_2017,2017,tower,800.0,80,80,0.0,True,180.62453075082638
BART_033,BART,vst_BART_2018,2018,tower,800.0,67,67,0.0,True,154.42486438261787
BART_033,BART,vst_BART_2019,2019,tower,800.0,79,79,0.0,True,186.14695637736767
BART_033,BART,vst_BART_2024,2024,tower,400.0,75,75,0.0,True,401.78211549587564
BART_034,BART,vst_BART_2015,2015,tower,800.0,62,62,0.0,True,211.22441430249154
BART_034,BART,vst_BART_2016,2016,tower,800.0,79,79,0.0,True,195.29458238304142
BART_034,BART,vst_BART_2017,2017,tower,800.0,81,81,0.0,True,224.22813458607695
BART_034,BART,vst_BART_2018,2018,tower,800.0,85,85,0.0,True,257.59860875719227
BART_034,BART,vst_BART_2019,2019,tower,800.0,80,80,0.0,True,231.73023271359233
BART_034,BART,vst_BART_2024,2024,tower,800.0,63,63,0.0,True,219.34591921338787
BART_036,BART,vst_BART_2015,2015,tower,800.0,73,73,0.0,True,183.96255800985952
BART_036,BART,vst_BART_2016,2016,tower,800.0,74,74,0.0,True,140.74467604229207
BART_036,BART,vst_BART_2017,2017,tower,800.0,78,78,0.0,True,151.08387646319585
BART_036,BART,vst_BART_2018,2018,tower,800.0,75,75,0.0,True,141.05851137181807
BART_036,BART,vst_BART_2019,2019,tower,800.0,78,78,0.0,True,138.06916972480664
BART_036,BART,vst_BART_2020,2020,tower,800.0,75,75,0.0,True,138.80222597068158
BART_036,BART,vst_BART_2021,2021,tower,800.0,70,70,0.0,True,148.05371823480172
BART_036,BART,vst_BART_2022,2022,tower,800.0,76,76,0.0,True,150.6793208978268
BART_036,BART,vst_BART_2023,2023,tower,800.0,78,78,0.0,True,136.950411253539
BART_036,BART,vst_BART_2024,2024,tower,800.0,77,77,0.0,True,142.64414880664648
BART_036,BART,vst_BART_2025,2025,tower,800.0,81,81,0.0,True,143.84440695577715
BART_037,BART,vst_BART_2015,2015,tower,800.0,89,89,0.0,True,262.90969075675207
BART_037,BART,vst_BART_2016,2016,tower,800.0,85,85,0.0,True,256.2318554511994
BART_037,BART,vst_BART_2017,2017,tower,800.0,86,86,0.0,True,264.9819859263543
BART_037,BART,vst_BART_2018,2018,tower,800.0,82,82,0.0,True,256.84607579163116
BART_037,BART,vst_BART_2019,2019,tower,800.0,82,82,0.0,True,255.07511569973718
BART_037,BART,vst_BART_2024,2024,tower,400.0,81,81,0.0,True,544.0668576800673
BART_039,BART,vst_BART_2015,2015,tower,800.0,82,82,0.0,True,208.4105037437002
BART_039,BART,vst_BART_2016,2016,tower,800.0,84,84,0.0,True,187.343765785789
BART_039,BART,vst_BART_2017,2017,tower,800.0,88,88,0.0,True,177.77541394775412
BART_039,BART,vst_BART_2018,2018,tower,800.0,92,92,0.0,True,205.5906516407188
BART_039,BART,vst_BART_2019,2019,tower,800.0,87,87,0.0,True,197.93210719960027
BART_039,BART,vst_BART_2024,2024,tower,800.0,83,83,0.0,True,212.09983356096558
BART_040,BART,vst_BART_2015,2015,tower,800.0,55,55,0.0,True,231.16984910991172
BART_040,BART,vst_BART_2016,2016,tower,800.0,54,54,0.0,True,228.97516295267545
BART_040,BART,vst_BART_2017,2017,tower,800.0,54,54,0.0,True,232.2455765651406
BART_040,BART,vst_BART_2018,2018,tower,800.0,56,56,0.0,True,236.08110156625511
BART_040,BART,vst_BART_2019,2019,tower,800.0,55,55,0.0,True,230.35966522732969
BART_040,BART,vst_BART_2020,2020,tower,800.0,55,55,0.0,True,228.62440620221534
BART_040,BART,vst_BART_2021,2021,tower,800.0,55,55,0.0,True,236.52335769453646
BART_040,BART,vst_BART_2022,2022,tower,800.0,57,57,0.0,True,237.09906998868777
BART_040,BART,vst_BART_2023,2023,tower,800.0,57,57,0.0,True,240.7277495947821
BART_040,BART,vst_BART_2024,2024,tower,800.0,58,58,0.0,True,242.2709518759445
BART_040,BART,vst_BART_2025,2025,tower,800.0,63,63,0.0,True,245.49315025196222
BART_041,BART,vst_BART_2015,2015,tower,800.0,89,89,0.0,True,274.3861731752282
BART_041,BART,vst_BART_2016,2016,tower,800.0,93,93,0.0,True,266.4188864801192
BART_041,BART,vst_BART_2017,2017,tower,800.0,89,89,0.0,True,274.81610430891476
BART_041,BART,vst_BART_2018,2018,tower,800.0,84,84,0.0,True,270.0753714889444
BART_041,BART,vst_BART_2019,2019,tower,800.0,84,84,0.0,True,267.68211247157143
BART_041,BART,vst_BART_2024,2024,tower,400.0,60,60,0.0,True,553.0162404915174
BART_042,BART,vst_BART_2015,2015,tower,800.0,75,75,0.0,True,258.37289484685317
BART_042,BART,vst_BART_2016,2016,tower,800.0,77,77,0.0,True,260.00173095436344
BART_042,BART,vst_BART_2017,2017,tower,800.0,76,76,0.0,True,258.11348074880834
BART_042,BART,vst_BART_2018,2018,tower,800.0,76,76,0.0,True,266.20313733263134
BART_042,BART,vst_BART_2019,2019,tower,800.0,73,73,0.0,True,265.4149698450795
BART_042,BART,vst_BART_2020,2020,tower,800.0,73,73,0.0,True,269.2744153594877
BART_042,BART,vst_BART_2021,2021,tower,800.0,72,72,0.0,True,275.06710412518026
BART_042,BART,vst_BART_2022,2022,tower,800.0,70,70,0.0,True,277.565464925619
BART_042,BART,vst_BART_2023,2023,tower,800.0,70,70,0.0,True,279.92706397380164
BART_042,BART,vst_BART_2024,2024,tower,800.0,71,71,0.0,True,284.706405946066
BART_042,BART,vst_BART_2025,2025,tower,800.0,70,70,0.0,True,284.97218850814573
BART_044,BART,vst_BART_2015,2015,tower,800.0,102,102,0.0,True,200.93858861303903
BART_044,BART,vst_BART_2016,2016,tower,800.0,102,102,0.0,True,179.4125593550528
BART_044,BART,vst_BART_2017,2017,tower,800.0,96,96,0.0,True,179.20083113402183
BART_044,BART,vst_BART_2018,2018,tower,800.0,97,97,0.0,True,173.8350958528214
BART_044,BART,vst_BART_2019,2019,tower,800.0,98,98,0.0,True,192.03120145191482
BART_044,BART,vst_BART_2024,2024,tower,800.0,87,87,0.0,True,186.2007661816054
BART_046,BART,vst_BART_2015,2015,tower,800.0,105,105,0.0,True,262.41751971378255
BART_046,BART,vst_BART_2016,2016,tower,800.0,106,106,0.0,True,251.43974415284055
BART_046,BART,vst_BART_2017,2017,tower,800.0,106,106,0.0,True,256.1994977070537
BART_046,BART,vst_BART_2018,2018,tower,800.0,107,107,0.0,True,260.9806884366727
BART_046,BART,vst_BART_2019,2019,tower,800.0,110,110,0.0,True,259.68706955803196
BART_046,BART,vst_BART_2024,2024,tower,800.0,71,71,0.0,True,273.1774319152579
BART_047,BART,vst_BART_2015,2015,tower,800.0,145,144,0.006896551724137945,True,258.35069982781505
BART_047,BART,vst_BART_2016,2016,tower,800.0,138,138,0.0,True,139.70927486698272
BART_047,BART,vst_BART_2017,2017,tower,800.0,144,144,0.0,True,185.9017559868152
BART_047,BART,vst_BART_2018,2018,tower,800.0,145,145,0.0,True,196.698409812385
BART_047,BART,vst_BART_2019,2019,tower,800.0,139,139,0.0,True,151.1587355990488
BART_047,BART,vst_BART_2024,2024,tower,800.0,97,97,0.0,True,155.53263739334383
BART_050,BART,vst_BART_2015,2015,tower,800.0,97,97,0.0,True,281.29663643647575
BART_050,BART,vst_BART_2016,2016,tower,800.0,89,89,0.0,True,278.67014942796527
BART_050,BART,vst_BART_2017,2017,tower,800.0,94,94,0.0,True,292.0898328809131
BART_050,BART,vst_BART_2018,2018,tower,800.0,95,95,0.0,True,286.60874294890215
BART_050,BART,vst_BART_2019,2019,tower,800.0,91,91,0.0,True,280.46767910057685
BART_050,BART,vst_BART_2024,2024,tower,800.0,90,90,0.0,True,295.641098876957
BART_051,BART,vst_BART_2015,2015,tower,800.0,67,66,0.014925373134328401,True,305.9390486384025
BART_051,BART,vst_BART_2016,2016,tower,800.0,65,65,0.0,True,200.87805017556846
BART_051,BART,vst_BART_2017,2017,tower,800.0,77,77,0.0,True,281.3250220408191
BART_051,BART,vst_BART_2018,2018,tower,800.0,78,78,0.0,True,305.7284590392734
BART_051,BART,vst_BART_2019,2019,tower,800.0,74,74,0.0,True,252.6183632318118
BART_070,BART,vst_BART_2015,2015,tower,800.0,99,99,0.0,True,304.0864481081925
BART_070,BART,vst_BART_2016,2016,tower,800.0,98,98,0.0,True,306.7256222574945
BART_070,BART,vst_BART_2017,2017,tower,800.0,103,103,0.0,True,307.2144042577936
BART_070,BART,vst_BART_2018,2018,tower,800.0,107,107,0.0,True,315.6474842245612
BART_070,BART,vst_BART_2019,2019,tower,800.0,103,103,0.0,True,308.97971462447174
BART_070,BART,vst_BART_2024,2024,tower,800.0,103,103,0.0,True,337.09701138517676
BART_071,BART,vst_BART_2015,2015,tower,800.0,98,96,0.020408163265306145,True,146.08113751758663
BART_071,BART,vst_BART_2016,2016,tower,800.0,96,96,0.0,True,154.5666292234541
BART_071,BART,vst_BART_2017,2017,tower,800.0,98,98,0.0,True,155.88002016470153
BART_071,BART,vst_BART_2018,2018,tower,800.0,103,103,0.0,True,164.76408640175555
BART_071,BART,vst_BART_2019,2019,tower,800.0,102,102,0.0,True,169.61248955496117
BART_071,BART,vst_BART_2020,2020,tower,800.0,102,102,0.0,True,166.68354989665298
BART_071,BART,vst_BART_2021,2021,tower,800.0,101,101,0.0,True,174.39538554389938
BART_071,BART,vst_BART_2022,2022,tower,800.0,101,101,0.0,True,174.79648993177324
BART_071,BART,vst_BART_2023,2023,tower,800.0,106,106,0.0,True,170.37108762421568
BART_071,BART,vst_BART_2024,2024,tower,800.0,107,107,0.0,True,176.12980723383134
BART_071,BART,vst_BART_2025,2025,tower,800.0,103,103,0.0,True,180.13512716475225
BART_072,BART,vst_BART_2015,2015,tower,800.0,55,55,0.0,True,273.8973802195369
BART_072,BART,vst_BART_2016,2016,tower,800.0,59,59,0.0,True,248.84796447463043
BART_072,BART,vst_BART_2017,2017,tower,800.0,58,58,0.0,True,253.81578440419852
BART_072,BART,vst_BART_2018,2018,tower,800.0,59,59,0.0,True,259.58283871101787
BART_072,BART,vst_BART_2019,2019,tower,800.0,59,59,0.0,True,259.50686520438217
BART_072,BART,vst_BART_2024,2024,tower,800.0,62,62,0.0,True,273.1808004268578
BART_073,BART,vst_BART_2015,2015,tower,800.0,88,88,0.0,True,217.6010727432566
BART_073,BART,vst_BART_2016,2016,tower,800.0,89,89,0.0,True,211.1327723922968
BART_073,BART,vst_BART_2017,2017,tower,800.0,92,92,0.0,True,205.7651300653882
BART_073,BART,vst_BART_2018,2018,tower,800.0,92,92,0.0,True,227.81829105123435
BART_073,BART,vst_BART_2019,2019,tower,800.0,89,89,0.0,True,225.91749182177992
BART_073,BART,vst_BART_2020,2020,tower,800.0,85,85,0.0,True,222.71001059725577
BART_073,BART,vst_BART_2021,2021,tower,800.0,86,86,0.0,True,227.33240587318207
BART_073,BART,vst_BART_2022,2022,tower,800.0,87,87,0.0,True,226.96286749203898
BART_073,BART,vst_BART_2023,2023,tower,800.0,86,86,0.0,True,228.23130314752652
BART_073,BART,vst_BART_2024,2024,tower,800.0,87,87,0.0,True,223.7483313685448
BART_073,BART,vst_BART_2025,2025,tower,800.0,86,86,0.0,True,223.30231641364352
BART_074,BART,vst_BART_2015,2015,tower,800.0,54,54,0.0,True,248.1910583112662
BART_074,BART,vst_BART_2016,2016,tower,800.0,57,57,0.0,True,270.5692654406481
BART_074,BART,vst_BART_2017,2017,tower,800.0,55,55,0.0,True,265.3942089701538
BART_074,BART,vst_BART_2018,2018,tower,800.0,56,56,0.0,True,272.36768382535763
BART_074,BART,vst_BART_2019,2019,tower,800.0,61,61,0.0,True,273.65516670775304
BART_074,BART,vst_BART_2024,2024,tower,800.0,62,62,0.0,True,272.9175192192148
BART_075,BART,vst_BART_2015,2015,tower,800.0,105,104,0.00952380952380949,True,275.0679601433752
BART_075,BART,vst_BART_2016,2016,tower,800.0,107,107,0.0,True,271.27914446671485
BART_075,BART,vst_BART_2017,2017,tower,800.0,108,108,0.0,True,270.4848447195372
BART_075,BART,vst_BART_2018,2018,tower,800.0,108,108,0.0,True,271.48873498857364
BART_075,BART,vst_BART_2019,2019,tower,800.0,101,101,0.0,True,277.43951360914645
BLAN_001,BLAN,vst_BLAN_2015,2015,distributed,400.0,53,19,0.6415094339622642,False,239.6995265675428
BLAN_001,BLAN,vst_BLAN_2019,2019,distributed,400.0,54,17,0.6851851851851851,False,216.05344170863225
BLAN_001,BLAN,vst_BLAN_2023,2023,distributed,400.0,56,17,0.6964285714285714,False,249.39796088551847
BLAN_005,BLAN,vst_BLAN_2015,2015,distributed,400.0,37,14,0.6216216216216216,False,68.93121981341629
BLAN_005,BLAN,vst_BLAN_2019,2019,distributed,400.0,45,12,0.7333333333333334,False,89.38502616034052
BLAN_005,BLAN,vst_BLAN_2023,2023,distributed,400.0,44,12,0.7272727272727273,False,94.78765981972694
BLAN_007,BLAN,vst_BLAN_2015,2015,distributed,400.0,38,8,0.7894736842105263,False,146.67836924284666
BLAN_007,BLAN,vst_BLAN_2019,2019,distributed,400.0,39,8,0.7948717948717949,False,147.85763779944176
BLAN_007,BLAN,vst_BLAN_2023,2023,distributed,400.0,39,4,0.8974358974358975,False,119.90437241261043
BLAN_009,BLAN,vst_BLAN_2015,2015,distributed,400.0,28,13,0.5357142857142857,False,87.81721668940739
BLAN_009,BLAN,vst_BLAN_2019,2019,distributed,400.0,30,13,0.5666666666666667,False,103.32934805175928
BLAN_009,BLAN,vst_BLAN_2023,2023,distributed,400.0,33,13,0.6060606060606061,False,117.38423805094278
BLAN_011,BLAN,vst_BLAN_2015,2015,distributed,400.0,48,9,0.8125,False,226.19948545871867
BLAN_011,BLAN,vst_BLAN_2019,2019,distributed,400.0,50,9,0.8200000000000001,False,152.81184662360957
BLAN_011,BLAN,vst_BLAN_2023,2023,distributed,400.0,45,7,0.8444444444444444,False,161.722699910255
BLAN_012,BLAN,vst_BLAN_2015,2015,distributed,400.0,45,21,0.5333333333333333,False,102.57543631182327
BLAN_012,BLAN,vst_BLAN_2019,2019,distributed,400.0,54,20,0.6296296296296297,False,114.25741094468704
BLAN_012,BLAN,vst_BLAN_2023,2023,distributed,400.0,60,19,0.6833333333333333,False,121.88025116164557
BLAN_013,BLAN,vst_BLAN_2015,2015,distributed,400.0,43,18,0.5813953488372092,False,195.5005871667442
BLAN_013,BLAN,vst_BLAN_2019,2019,distributed,400.0,54,17,0.6851851851851851,False,216.27358394980368
BLAN_013,BLAN,vst_BLAN_2023,2023,distributed,400.0,72,15,0.7916666666666666,False,185.99350300001765
BLAN_015,BLAN,vst_BLAN_2015,2015,distributed,400.0,34,27,0.20588235294117652,False,103.01378894070679
BLAN_015,BLAN,vst_BLAN_2019,2019,distributed,400.0,31,21,0.32258064516129037,False,108.14911541370647
BLAN_015,BLAN,vst_BLAN_2023,2023,distributed,400.0,35,20,0.4285714285714286,False,125.25629095652977
BLAN_017,BLAN,vst_BLAN_2015,2015,distributed,400.0,30,13,0.5666666666666667,False,410.80762894247033
BLAN_017,BLAN,vst_BLAN_2019,2019,distributed,400.0,34,12,0.6470588235294117,False,449.6789618275472
BLAN_017,BLAN,vst_BLAN_2023,2023,distributed,400.0,31,10,0.6774193548387097,False,368.130258853577
BLAN_018,BLAN,vst_BLAN_2015,2015,distributed,400.0,32,7,0.78125,False,54.83799654260597
BLAN_018,BLAN,vst_BLAN_2019,2019,distributed,400.0,26,7,0.7307692307692308,False,59.81462825501041
BLAN_018,BLAN,vst_BLAN_2023,2023,distributed,400.0,29,7,0.7586206896551724,False,64.70158384237097
BLAN_032,BLAN,vst_BLAN_2015,2015,tower,400.0,1,1,0.0,True,0.003445564948200488
BLAN_035,BLAN,vst_BLAN_2015,2015,tower,400.0,4,1,0.75,False,0.009851669992080692
BLAN_036,BLAN,vst_BLAN_2015,2015,tower,400.0,25,25,0.0,True,32.26226845451732
BLAN_036,BLAN,vst_BLAN_2016,2016,tower,400.0,20,20,0.0,True,32.811909216353335
BLAN_036,BLAN,vst_BLAN_2017,2017,tower,400.0,21,21,0.0,True,37.838644304949554
BLAN_036,BLAN,vst_BLAN_2018,2018,tower,400.0,21,21,0.0,True,42.599084241775635
BLAN_036,BLAN,vst_BLAN_2019,2019,tower,400.0,21,21,0.0,True,44.504580396289654
BLAN_036,BLAN,vst_BLAN_2020,2020,tower,400.0,21,21,0.0,True,52.73119790624189
BLAN_036,BLAN,vst_BLAN_2021,2021,tower,400.0,21,21,0.0,True,56.273879358548626
BLAN_036,BLAN,vst_BLAN_2022,2022,tower,400.0,23,23,0.0,True,60.012270450084756
BLAN_036,BLAN,vst_BLAN_2023,2023,tower,400.0,22,22,0.0,True,67.11022238226218
BLAN_036,BLAN,vst_BLAN_2024,2024,tower,400.0,20,20,0.0,True,72.49544912916204
BLAN_036,BLAN,vst_BLAN_2025,2025,tower,400.0,20,20,0.0,True,76.39093587052693
BLAN_041,BLAN,vst_BLAN_2015,2015,tower,400.0,2,1,0.5,False,0.02746772269530744
BLAN_047,BLAN,vst_BLAN_2015,2015,tower,400.0,19,19,0.0,True,31.054618691804336
BLAN_047,BLAN,vst_BLAN_2016,2016,tower,400.0,14,14,0.0,True,36.56908695583054
BLAN_047,BLAN,vst_BLAN_2017,2017,tower,400.0,20,20,0.0,True,44.554296384492105
BLAN_047,BLAN,vst_BLAN_2018,2018,tower,400.0,22,22,0.0,True,50.71008671073459
BLAN_047,BLAN,vst_BLAN_2019,2019,tower,400.0,21,21,0.0,True,53.78090240566203
BLAN_047,BLAN,vst_BLAN_2020,2020,tower,400.0,20,20,0.0,True,55.765394529119426
BLAN_047,BLAN,vst_BLAN_2021,2021,tower,400.0,20,20,0.0,True,59.297550192387604
BLAN_047,BLAN,vst_BLAN_2022,2022,tower,400.0,24,24,0.0,True,68.87589291967099
BLAN_047,BLAN,vst_BLAN_2023,2023,tower,400.0,25,25,0.0,True,72.50178771210524
BLAN_047,BLAN,vst_BLAN_2024,2024,tower,400.0,24,24,0.0,True,77.64147634019433
BLAN_047,BLAN,vst_BLAN_2025,2025,tower,400.0,24,24,0.0,True,88.22571573013084
BLAN_048,BLAN,vst_BLAN_2015,2015,tower,400.0,16,12,0.25,False,134.3040914285908
BLAN_048,BLAN,vst_BLAN_2016,2016,tower,400.0,13,9,0.3076923076923077,False,134.56672764067397
BLAN_048,BLAN,vst_BLAN_2017,2017,tower,400.0,12,9,0.25,False,141.04771919393846
BLAN_048,BLAN,vst_BLAN_2018,2018,tower,400.0,11,9,0.18181818181818177,False,145.85489003722836
BLAN_048,BLAN,vst_BLAN_2021,2021,tower,400.0,13,8,0.3846153846153846,False,163.56542219008162
BLAN_050,BLAN,vst_BLAN_2015,2015,tower,400.0,7,2,0.7142857142857143,False,0.11889198706736634
BLAN_050,BLAN,vst_BLAN_2016,2016,tower,400.0,6,1,0.8333333333333334,False,0.1463181976289942
BLAN_050,BLAN,vst_BLAN_2017,2017,tower,400.0,9,1,0.8888888888888888,False,0.18260819462362726
BLAN_050,BLAN,vst_BLAN_2018,2018,tower,400.0,12,1,0.9166666666666666,False,0.2415024855126631
BLAN_050,BLAN,vst_BLAN_2021,2021,tower,400.0,21,1,0.9523809523809523,False,0.3541219284011226
BLAN_052,BLAN,vst_BLAN_2015,2015,tower,400.0,14,8,0.4285714285714286,False,1.8111979550042179
BLAN_052,BLAN,vst_BLAN_2016,2016,tower,400.0,7,2,0.7142857142857143,False,1.348928051536352
BLAN_052,BLAN,vst_BLAN_2017,2017,tower,400.0,8,3,0.625,False,2.8034134826392747
BLAN_052,BLAN,vst_BLAN_2018,2018,tower,400.0,8,3,0.625,False,3.7703115247469636
BLAN_052,BLAN,vst_BLAN_2021,2021,tower,400.0,13,4,0.6923076923076923,False,7.440098686718066
BLAN_053,BLAN,vst_BLAN_2015,2015,tower,400.0,6,6,0.0,True,0.10462037435949008
BLAN_055,BLAN,vst_BLAN_2015,2015,tower,400.0,6,6,0.0,True,0.022783159680299724
BLAN_057,BLAN,vst_BLAN_2015,2015,tower,400.0,10,8,0.19999999999999996,False,0.38625840904283476
BLAN_063,BLAN,vst_BLAN_2015,2015,tower,400.0,25,22,0.12,False,258.161044196973
BLAN_063,BLAN,vst_BLAN_2016,2016,tower,400.0,18,17,0.05555555555555558,True,281.413722876987
BLAN_063,BLAN,vst_BLAN_2017,2017,tower,400.0,18,17,0.05555555555555558,True,275.77980330949333
BLAN_063,BLAN,vst_BLAN_2018,2018,tower,400.0,18,17,0.05555555555555558,True,287.1522886368228
BLAN_063,BLAN,vst_BLAN_2021,2021,tower,400.0,17,16,0.05882352941176472,True,293.5801270609676
BONA_001,BONA,vst_BONA_2017,2017,distributed,400.0,50,50,0.0,True,135.56909209632005
BONA_001,BONA,vst_BONA_2020,2020,distributed,400.0,54,54,0.0,True,132.70731017255886
BONA_001,BONA,vst_BONA_2024,2024,distributed,400.0,53,53,0.0,True,147.4915658159374
BONA_002,BONA,vst_BONA_2017,2017,distributed,400.0,35,35,0.0,True,107.87982089022248
BONA_002,BONA,vst_BONA_2020,2020,distributed,400.0,31,31,0.0,True,100.4932397744387
BONA_002,BONA,vst_BONA_2024,2024,distributed,400.0,34,34,0.0,True,122.31491878694516
BONA_003,BONA,vst_BONA_2020,2020,distributed,400.0,12,12,0.0,True,6.375810635684105
BONA_003,BONA,vst_BONA_2024,2024,distributed,400.0,12,12,0.0,True,6.916547623166322
BONA_004,BONA,vst_BONA_2020,2020,distributed,400.0,38,38,0.0,True,27.814058733318497
BONA_004,BONA,vst_BONA_2024,2024,distributed,400.0,43,43,0.0,True,32.265683483652815
BONA_005,BONA,vst_BONA_2017,2017,distributed,400.0,20,20,0.0,True,40.0840308843962
BONA_005,BONA,vst_BONA_2020,2020,distributed,400.0,16,16,0.0,True,42.686188109940424
BONA_005,BONA,vst_BONA_2024,2024,distributed,400.0,17,17,0.0,True,36.610075277788724
BONA_006,BONA,vst_BONA_2020,2020,distributed,400.0,9,9,0.0,True,1.2623676210999382
BONA_006,BONA,vst_BONA_2024,2024,distributed,400.0,18,18,0.0,True,5.951918177488971
BONA_007,BONA,vst_BONA_2017,2017,distributed,400.0,67,67,0.0,True,80.45740950716159
BONA_007,BONA,vst_BONA_2020,2020,distributed,400.0,70,70,0.0,True,88.63245869327582
BONA_008,BONA,vst_BONA_2017,2017,distributed,400.0,34,34,0.0,True,92.49120984329085
BONA_008,BONA,vst_BONA_2020,2020,distributed,400.0,35,35,0.0,True,104.14086202284473
BONA_009,BONA,vst_BONA_2017,2017,distributed,400.0,21,21,0.0,True,5.818672694564838
BONA_009,BONA,vst_BONA_2020,2020,distributed,400.0,23,23,0.0,True,6.361899866004754
BONA_009,BONA,vst_BONA_2024,2024,distributed,400.0,33,33,0.0,True,19.98366403125453
BONA_011,BONA,vst_BONA_2017,2017,distributed,400.0,51,51,0.0,True,25.53182641317651
BONA_011,BONA,vst_BONA_2020,2020,distributed,400.0,55,55,0.0,True,26.620372571601497
BONA_012,BONA,vst_BONA_2017,2017,distributed,400.0,57,57,0.0,True,100.5319672314333
BONA_012,BONA,vst_BONA_2020,2020,distributed,400.0,50,50,0.0,True,96.46535661585723
BONA_012,BONA,vst_BONA_2024,2024,distributed,400.0,55,55,0.0,True,102.07534128723931
BONA_013,BONA,vst_BONA_2020,2020,distributed,400.0,40,40,0.0,True,77.30356004688404
BONA_013,BONA,vst_BONA_2024,2024,distributed,400.0,41,41,0.0,True,83.13447372145085
BONA_014,BONA,vst_BONA_2017,2017,distributed,400.0,28,28,0.0,True,57.64802710515319
BONA_014,BONA,vst_BONA_2020,2020,distributed,400.0,24,24,0.0,True,61.856876600721755
BONA_016,BONA,vst_BONA_2020,2020,distributed,400.0,20,20,0.0,True,11.076960586127495
BONA_018,BONA,vst_BONA_2017,2017,distributed,400.0,10,10,0.0,True,17.988518591920823
BONA_018,BONA,vst_BONA_2020,2020,distributed,400.0,12,12,0.0,True,18.99560988637296
BONA_021,BONA,vst_BONA_2017,2017,distributed,400.0,6,6,0.0,True,0.8689315788963926
BONA_021,BONA,vst_BONA_2020,2020,distributed,400.0,19,19,0.0,True,0.25530962329370527
BONA_023,BONA,vst_BONA_2017,2017,distributed,400.0,4,4,0.0,True,0.12603202984084566
BONA_023,BONA,vst_BONA_2020,2020,distributed,400.0,7,7,0.0,True,0.34124958110251696
BONA_026,BONA,vst_BONA_2017,2017,distributed,400.0,33,33,0.0,True,63.67574425377153
BONA_026,BONA,vst_BONA_2020,2020,distributed,400.0,35,35,0.0,True,64.08126681072264
BONA_070,BONA,vst_BONA_2016,2016,tower,800.0,108,108,0.0,True,21.576836710803363
BONA_070,BONA,vst_BONA_2020,2020,tower,800.0,60,60,0.0,True,12.194605042438033
BONA_070,BONA,vst_BONA_2021,2021,tower,800.0,61,61,0.0,True,12.450623442867723
BONA_070,BONA,vst_BONA_2022,2022,tower,800.0,61,61,0.0,True,12.42314696714305
BONA_070,BONA,vst_BONA_2023,2023,tower,800.0,62,62,0.0,True,13.185479131914141
BONA_070,BONA,vst_BONA_2024,2024,tower,800.0,60,60,0.0,True,12.779061492969424
BONA_070,BONA,vst_BONA_2025,2025,tower,800.0,60,60,0.0,True,12.903442567105522
BONA_071,BONA,vst_BONA_2016,2016,tower,800.0,135,135,0.0,True,130.0919183086668
BONA_071,BONA,vst_BONA_2022,2022,tower,800.0,65,65,0.0,True,16.160710512995234
BONA_072,BONA,vst_BONA_2016,2016,tower,800.0,246,246,0.0,True,212.83822993162119
BONA_072,BONA,vst_BONA_2020,2020,tower,800.0,121,121,0.0,True,111.22286682924651
BONA_072,BONA,vst_BONA_2021,2021,tower,800.0,120,120,0.0,True,113.12156520343888
BONA_072,BONA,vst_BONA_2022,2022,tower,800.0,116,116,0.0,True,112.54289587411026
BONA_072,BONA,vst_BONA_2023,2023,tower,800.0,119,119,0.0,True,117.04862963009923
BONA_072,BONA,vst_BONA_2024,2024,tower,800.0,120,120,0.0,True,117.73545219811282
BONA_072,BONA,vst_BONA_2025,2025,tower,800.0,122,122,0.0,True,120.26902577371976
BONA_073,BONA,vst_BONA_2016,2016,tower,800.0,20,20,0.0,True,1.71050754857836
BONA_073,BONA,vst_BONA_2020,2020,tower,800.0,16,16,0.0,True,3.504838985412246
BONA_073,BONA,vst_BONA_2021,2021,tower,800.0,15,15,0.0,True,2.059733219087437
BONA_073,BONA,vst_BONA_2022,2022,tower,800.0,20,20,0.0,True,3.957730039632113
BONA_073,BONA,vst_BONA_2023,2023,tower,400.0,17,17,0.0,True,5.928067347943352
BONA_073,BONA,vst_BONA_2024,2024,tower,800.0,18,18,0.0,True,2.3918497507356977
BONA_073,BONA,vst_BONA_2025,2025,tower,800.0,20,20,0.0,True,2.751904407835444
BONA_074,BONA,vst_BONA_2016,2016,tower,800.0,24,24,0.0,True,1.3142160618682202
BONA_074,BONA,vst_BONA_2022,2022,tower,800.0,13,13,0.0,True,0.5559960880463044
BONA_075,BONA,vst_BONA_2016,2016,tower,800.0,116,116,0.0,True,186.05090472958355
BONA_075,BONA,vst_BONA_2022,2022,tower,800.0,58,58,0.0,True,88.69656093661592
BONA_076,BONA,vst_BONA_2016,2016,tower,800.0,191,191,0.0,True,96.36098470009449
BONA_077,BONA,vst_BONA_2016,2016,tower,800.0,24,24,0.0,True,4.101905142797993
BONA_077,BONA,vst_BONA_2022,2022,tower,800.0,21,21,0.0,True,2.9777465176293005
BONA_078,BONA,vst_BONA_2016,2016,tower,800.0,140,140,0.0,True,163.04201734608844
BONA_078,BONA,vst_BONA_2020,2020,tower,800.0,71,71,0.0,True,86.11998887324205
BONA_078,BONA,vst_BONA_2021,2021,tower,400.0,75,75,0.0,True,182.56575186860212
BONA_078,BONA,vst_BONA_2022,2022,tower,800.0,77,77,0.0,True,91.70467735671937
BONA_078,BONA,vst_BONA_2023,2023,tower,800.0,77,77,0.0,True,91.96543698897416
BONA_078,BONA,vst_BONA_2024,2024,tower,800.0,83,83,0.0,True,97.47141778132281
BONA_078,BONA,vst_BONA_2025,2025,tower,800.0,81,81,0.0,True,101.49222753904299
BONA_079,BONA,vst_BONA_2016,2016,tower,800.0,161,161,0.0,True,179.18927862873298
BONA_079,BONA,vst_BONA_2022,2022,tower,800.0,81,81,0.0,True,93.63556943836483
BONA_080,BONA,vst_BONA_2016,2016,tower,800.0,142,141,0.007042253521126751,True,49.043491634114595
BONA_081,BONA,vst_BONA_2016,2016,tower,800.0,44,44,0.0,True,6.735196303496757
BONA_082,BONA,vst_BONA_2016,2016,tower,800.0,117,117,0.0,True,491.25646408164926
BONA_083,BONA,vst_BONA_2016,2016,tower,800.0,17,17,0.0,True,2.3116373284112015
BONA_084,BONA,vst_BONA_2016,2016,tower,800.0,152,152,0.0,True,365.0895838302732
BONA_084,BONA,vst_BONA_2020,2020,tower,800.0,74,74,0.0,True,99.44528202700437
BONA_084,BONA,vst_BONA_2021,2021,tower,800.0,70,70,0.0,True,96.45934324110858
BONA_084,BONA,vst_BONA_2022,2022,tower,800.0,67,67,0.0,True,97.44548970736575
BONA_084,BONA,vst_BONA_2023,2023,tower,400.0,68,68,0.0,True,198.99084176235814
BONA_084,BONA,vst_BONA_2024,2024,tower,800.0,70,70,0.0,True,102.62179162181772
BONA_084,BONA,vst_BONA_2025,2025,tower,800.0,68,68,0.0,True,186.86986990154702
BONA_085,BONA,vst_BONA_2016,2016,tower,800.0,75,75,0.0,True,13.752346710969432
BONA_086,BONA,vst_BONA_2016,2016,tower,800.0,34,34,0.0,True,15.738787875612111
BONA_086,BONA,vst_BONA_2022,2022,tower,800.0,14,14,0.0,True,5.000601940727551
BONA_087,BONA,vst_BONA_2016,2016,tower,800.0,144,139,0.03472222222222221,True,125.31453733641395
BONA_088,BONA,vst_BONA_2016,2016,tower,800.0,185,183,0.010810810810810811,True,409.04208982087437
BONA_089,BONA,vst_BONA_2016,2016,tower,800.0,105,105,0.0,True,121.00154488745885
BONA_093,BONA,vst_BONA_2017,2017,tower,800.0,101,101,0.0,True,75.1606968441883
CLBJ_001,CLBJ,vst_CLBJ_2016,2016,tower,400.0,1,1,0.0,True,1.09843111955751
CLBJ_001,CLBJ,vst_CLBJ_2017,2017,tower,400.0,1,1,0.0,True,1.500688745876767
CLBJ_001,CLBJ,vst_CLBJ_2018,2018,tower,400.0,1,1,0.0,True,1.6514636039850532
CLBJ_001,CLBJ,vst_CLBJ_2019,2019,tower,400.0,1,1,0.0,True,2.1198060489461095
CLBJ_001,CLBJ,vst_CLBJ_2020,2020,tower,400.0,2,2,0.0,True,2.384193027776152
CLBJ_001,CLBJ,vst_CLBJ_2021,2021,tower,400.0,2,2,0.0,True,2.7098059783409134
CLBJ_001,CLBJ,vst_CLBJ_2022,2022,tower,400.0,2,2,0.0,True,3.0702958110346263
CLBJ_001,CLBJ,vst_CLBJ_2023,2023,tower,400.0,2,2,0.0,True,3.4507705223244303
CLBJ_001,CLBJ,vst_CLBJ_2024,2024,tower,400.0,2,2,0.0,True,3.6971225086421895
CLBJ_001,CLBJ,vst_CLBJ_2025,2025,tower,400.0,1,1,0.0,True,3.9592632675949777
CLBJ_002,CLBJ,vst_CLBJ_2016,2016,tower,400.0,38,35,0.07894736842105265,True,102.28894039013458
CLBJ_002,CLBJ,vst_CLBJ_2017,2017,tower,400.0,45,41,0.0888888888888889,True,169.2348292555719
CLBJ_002,CLBJ,vst_CLBJ_2018,2018,tower,400.0,38,35,0.07894736842105265,True,86.28028350400439
CLBJ_002,CLBJ,vst_CLBJ_2019,2019,tower,400.0,35,32,0.08571428571428574,True,99.47716876909112
CLBJ_002,CLBJ,vst_CLBJ_2020,2020,tower,400.0,30,26,0.1333333333333333,False,97.88503251746901
CLBJ_002,CLBJ,vst_CLBJ_2021,2021,tower,400.0,31,28,0.09677419354838712,True,99.57801102505374
CLBJ_002,CLBJ,vst_CLBJ_2022,2022,tower,400.0,36,33,0.08333333333333337,True,104.81854963426214
CLBJ_002,CLBJ,vst_CLBJ_2023,2023,tower,400.0,38,35,0.07894736842105265,True,105.54510299548396
CLBJ_002,CLBJ,vst_CLBJ_2024,2024,tower,400.0,36,33,0.08333333333333337,True,100.83133313476658
CLBJ_002,CLBJ,vst_CLBJ_2025,2025,tower,400.0,38,34,0.10526315789473684,False,100.42514452481498
CLBJ_003,CLBJ,vst_CLBJ_2016,2016,tower,400.0,39,34,0.1282051282051282,False,132.08838189345335
CLBJ_003,CLBJ,vst_CLBJ_2017,2017,tower,400.0,36,35,0.02777777777777779,True,133.03830879393615
CLBJ_003,CLBJ,vst_CLBJ_2018,2018,tower,400.0,18,18,0.0,True,130.71640870083715
CLBJ_003,CLBJ,vst_CLBJ_2019,2019,tower,400.0,16,16,0.0,True,135.94104514481808
CLBJ_003,CLBJ,vst_CLBJ_2020,2020,tower,400.0,17,17,0.0,True,146.83035589347202
CLBJ_003,CLBJ,vst_CLBJ_2021,2021,tower,400.0,23,23,0.0,True,152.30556080519008
CLBJ_003,CLBJ,vst_CLBJ_2022,2022,tower,400.0,25,25,0.0,True,156.34011575150458
CLBJ_003,CLBJ,vst_CLBJ_2023,2023,tower,400.0,26,26,0.0,True,159.73023355675778
CLBJ_003,CLBJ,vst_CLBJ_2024,2024,tower,400.0,29,29,0.0,True,160.78741400828466
CLBJ_003,CLBJ,vst_CLBJ_2025,2025,tower,400.0,26,26,0.0,True,162.70454764989475
CLBJ_004,CLBJ,vst_CLBJ_2016,2016,tower,400.0,10,10,0.0,True,15.935156595182196
CLBJ_004,CLBJ,vst_CLBJ_2017,2017,tower,400.0,10,10,0.0,True,20.138673521060703
CLBJ_004,CLBJ,vst_CLBJ_2018,2018,tower,400.0,9,9,0.0,True,21.918448427284417
CLBJ_004,CLBJ,vst_CLBJ_2019,2019,tower,400.0,8,8,0.0,True,23.924995335488894
CLBJ_004,CLBJ,vst_CLBJ_2020,2020,tower,400.0,7,7,0.0,True,20.62363756338732
CLBJ_004,CLBJ,vst_CLBJ_2021,2021,tower,400.0,10,10,0.0,True,22.005136660563796
CLBJ_004,CLBJ,vst_CLBJ_2022,2022,tower,400.0,8,8,0.0,True,24.155759837490784
CLBJ_004,CLBJ,vst_CLBJ_2023,2023,tower,400.0,9,9,0.0,True,25.36778272752049
CLBJ_004,CLBJ,vst_CLBJ_2024,2024,tower,400.0,9,9,0.0,True,27.348723304225402
CLBJ_004,CLBJ,vst_CLBJ_2025,2025,tower,400.0,9,9,0.0,True,29.524532900411558
CLBJ_005,CLBJ,vst_CLBJ_2016,2016,tower,400.0,38,31,0.1842105263157895,False,109.43558299006601
CLBJ_005,CLBJ,vst_CLBJ_2017,2017,tower,400.0,35,33,0.05714285714285716,True,119.13481644408259
CLBJ_005,CLBJ,vst_CLBJ_2018,2018,tower,400.0,30,29,0.033333333333333326,True,120.96389933429359
CLBJ_005,CLBJ,vst_CLBJ_2019,2019,tower,400.0,34,32,0.05882352941176472,True,125.08798040190088
CLBJ_005,CLBJ,vst_CLBJ_2020,2020,tower,400.0,31,29,0.06451612903225812,True,123.33580549936582
CLBJ_005,CLBJ,vst_CLBJ_2024,2024,tower,400.0,36,31,0.13888888888888884,False,131.34559295730637
CLBJ_006,CLBJ,vst_CLBJ_2016,2016,tower,400.0,8,8,0.0,True,1.2522342152084152
CLBJ_006,CLBJ,vst_CLBJ_2017,2017,tower,400.0,19,19,0.0,True,3.179471032868751
CLBJ_006,CLBJ,vst_CLBJ_2018,2018,tower,400.0,18,18,0.0,True,3.5958633207451274
CLBJ_006,CLBJ,vst_CLBJ_2019,2019,tower,400.0,17,17,0.0,True,4.471665163456726
CLBJ_006,CLBJ,vst_CLBJ_2021,2021,tower,400.0,20,20,0.0,True,6.730885494519756
CLBJ_006,CLBJ,vst_CLBJ_2022,2022,tower,400.0,22,22,0.0,True,8.38410817994371
CLBJ_006,CLBJ,vst_CLBJ_2023,2023,tower,400.0,23,23,0.0,True,9.35414352527326
CLBJ_006,CLBJ,vst_CLBJ_2024,2024,tower,400.0,21,21,0.0,True,10.061946169427623
CLBJ_007,CLBJ,vst_CLBJ_2016,2016,tower,400.0,53,42,0.2075471698113207,False,44.351187430072244
CLBJ_007,CLBJ,vst_CLBJ_2017,2017,tower,400.0,50,39,0.21999999999999997,False,51.42170071691145
CLBJ_007,CLBJ,vst_CLBJ_2018,2018,tower,400.0,44,33,0.25,False,53.36979832976173
CLBJ_007,CLBJ,vst_CLBJ_2019,2019,tower,400.0,41,30,0.2682926829268293,False,60.79725953397802
CLBJ_007,CLBJ,vst_CLBJ_2024,2024,tower,400.0,35,26,0.2571428571428571,False,60.6050183699797
CLBJ_008,CLBJ,vst_CLBJ_2016,2016,tower,400.0,44,42,0.045454545454545414,True,147.34836306673907
CLBJ_008,CLBJ,vst_CLBJ_2017,2017,tower,400.0,42,41,0.023809523809523836,True,158.14910403452146
CLBJ_008,CLBJ,vst_CLBJ_2018,2018,tower,400.0,40,39,0.025000000000000022,True,159.68590002041242
CLBJ_008,CLBJ,vst_CLBJ_2019,2019,tower,400.0,26,25,0.038461538461538436,True,139.88623594288254
CLBJ_008,CLBJ,vst_CLBJ_2024,2024,tower,400.0,28,27,0.0357142857142857,True,179.6915939079271
CLBJ_009,CLBJ,vst_CLBJ_2016,2016,tower,400.0,17,14,0.17647058823529416,False,87.01308280346457
CLBJ_009,CLBJ,vst_CLBJ_2017,2017,tower,400.0,15,13,0.1333333333333333,False,44.74625992580972
CLBJ_009,CLBJ,vst_CLBJ_2018,2018,tower,400.0,12,10,0.16666666666666663,False,51.73144073331973
CLBJ_009,CLBJ,vst_CLBJ_2019,2019,tower,400.0,11,10,0.09090909090909094,True,46.50466465404999
CLBJ_009,CLBJ,vst_CLBJ_2024,2024,tower,400.0,17,16,0.05882352941176472,True,54.94127099121646
CLBJ_010,CLBJ,vst_CLBJ_2016,2016,tower,400.0,5,5,0.0,True,9.577197436043646
CLBJ_010,CLBJ,vst_CLBJ_2017,2017,tower,400.0,5,3,0.4,False,12.003957829529865
CLBJ_010,CLBJ,vst_CLBJ_2018,2018,tower,400.0,3,3,0.0,True,12.31308606910941
CLBJ_010,CLBJ,vst_CLBJ_2019,2019,tower,400.0,3,3,0.0,True,14.664083397140482
CLBJ_010,CLBJ,vst_CLBJ_2024,2024,tower,400.0,3,2,0.33333333333333337,False,13.760962161946042
CLBJ_011,CLBJ,vst_CLBJ_2016,2016,tower,400.0,48,34,0.29166666666666663,False,139.97083727409415
CLBJ_011,CLBJ,vst_CLBJ_2017,2017,tower,400.0,42,33,0.2142857142857143,False,141.71917086148463
CLBJ_011,CLBJ,vst_CLBJ_2018,2018,tower,400.0,19,18,0.052631578947368474,True,134.0667911849696
CLBJ_011,CLBJ,vst_CLBJ_2019,2019,tower,400.0,17,17,0.0,True,143.3999626776825
CLBJ_011,CLBJ,vst_CLBJ_2024,2024,tower,400.0,21,20,0.04761904761904767,True,137.7566698797586
CLBJ_012,CLBJ,vst_CLBJ_2016,2016,tower,400.0,51,40,0.21568627450980393,False,134.4409529093822
CLBJ_012,CLBJ,vst_CLBJ_2017,2017,tower,400.0,47,43,0.08510638297872342,True,131.2476534471671
CLBJ_012,CLBJ,vst_CLBJ_2018,2018,tower,400.0,41,36,0.12195121951219512,False,124.14736290441441
CLBJ_012,CLBJ,vst_CLBJ_2019,2019,tower,400.0,37,31,0.16216216216216217,False,126.81299199154532
CLBJ_012,CLBJ,vst_CLBJ_2024,2024,tower,400.0,49,36,0.26530612244897955,False,136.0196159487094
CLBJ_014,CLBJ,vst_CLBJ_2016,2016,tower,400.0,43,40,0.06976744186046513,True,136.92447446034566
CLBJ_014,CLBJ,vst_CLBJ_2017,2017,tower,400.0,50,46,0.07999999999999996,True,89.75527371360252
CLBJ_014,CLBJ,vst_CLBJ_2018,2018,tower,400.0,44,40,0.09090909090909094,True,144.62226283948496
CLBJ_014,CLBJ,vst_CLBJ_2019,2019,tower,400.0,37,32,0.1351351351351351,False,114.94002953769535
CLBJ_014,CLBJ,vst_CLBJ_2024,2024,tower,400.0,44,37,0.15909090909090906,False,124.95668843836434
CLBJ_015,CLBJ,vst_CLBJ_2016,2016,tower,400.0,32,25,0.21875,False,180.01766832090303
CLBJ_015,CLBJ,vst_CLBJ_2017,2017,tower,400.0,29,25,0.13793103448275867,False,166.76780526131898
CLBJ_015,CLBJ,vst_CLBJ_2018,2018,tower,400.0,22,19,0.13636363636363635,False,171.09243700039724
CLBJ_015,CLBJ,vst_CLBJ_2019,2019,tower,400.0,20,17,0.15000000000000002,False,176.27091355809526
CLBJ_015,CLBJ,vst_CLBJ_2024,2024,tower,400.0,30,28,0.06666666666666665,True,183.3912983733726
CLBJ_016,CLBJ,vst_CLBJ_2016,2016,tower,400.0,34,28,0.17647058823529416,False,95.358878512708
CLBJ_016,CLBJ,vst_CLBJ_2017,2017,tower,400.0,31,28,0.09677419354838712,True,93.50210347494213
CLBJ_016,CLBJ,vst_CLBJ_2018,2018,tower,400.0,31,28,0.09677419354838712,True,94.68578603770892
CLBJ_016,CLBJ,vst_CLBJ_2019,2019,tower,400.0,25,22,0.12,False,97.29876715941867
CLBJ_016,CLBJ,vst_CLBJ_2024,2024,tower,400.0,23,19,0.17391304347826086,False,106.04806157087758
CLBJ_017,CLBJ,vst_CLBJ_2016,2016,tower,400.0,16,14,0.125,False,87.24872490134179
CLBJ_017,CLBJ,vst_CLBJ_2017,2017,tower,400.0,26,23,0.11538461538461542,False,90.55145561373514
CLBJ_017,CLBJ,vst_CLBJ_2018,2018,tower,400.0,11,11,0.0,True,90.0668608267131
CLBJ_017,CLBJ,vst_CLBJ_2019,2019,tower,400.0,10,10,0.0,True,79.74831989022603
CLBJ_018,CLBJ,vst_CLBJ_2016,2016,tower,400.0,20,17,0.15000000000000002,False,8.671289458937407
CLBJ_018,CLBJ,vst_CLBJ_2017,2017,tower,400.0,15,14,0.06666666666666665,True,10.434049230091459
CLBJ_018,CLBJ,vst_CLBJ_2018,2018,tower,400.0,12,11,0.08333333333333337,True,10.62817147291427
CLBJ_018,CLBJ,vst_CLBJ_2019,2019,tower,400.0,14,13,0.0714285714285714,True,11.572925314574638
CLBJ_019,CLBJ,vst_CLBJ_2016,2016,tower,400.0,3,3,0.0,True,0.5403984085990106
CLBJ_019,CLBJ,vst_CLBJ_2017,2017,tower,400.0,3,3,0.0,True,1.7603978607918642
CLBJ_019,CLBJ,vst_CLBJ_2018,2018,tower,400.0,3,3,0.0,True,1.2800600084744616
CLBJ_019,CLBJ,vst_CLBJ_2019,2019,tower,400.0,4,4,0.0,True,1.7890039286322834
CLBJ_019,CLBJ,vst_CLBJ_2024,2024,tower,400.0,3,3,0.0,True,2.3287384155318747
CLBJ_020,CLBJ,vst_CLBJ_2024,2024,tower,400.0,3,3,0.0,True,0.053796182260811634
CLBJ_021,CLBJ,vst_CLBJ_2016,2016,tower,400.0,34,32,0.05882352941176472,True,126.34160835264572
CLBJ_021,CLBJ,vst_CLBJ_2017,2017,tower,400.0,52,52,0.0,True,124.97883075236477
CLBJ_021,CLBJ,vst_CLBJ_2018,2018,tower,400.0,23,23,0.0,True,97.605902369018
CLBJ_021,CLBJ,vst_CLBJ_2019,2019,tower,400.0,19,19,0.0,True,88.44701409200583
CLBJ_021,CLBJ,vst_CLBJ_2024,2024,tower,400.0,16,16,0.0,True,98.32756434019491
CLBJ_022,CLBJ,vst_CLBJ_2016,2016,tower,400.0,19,17,0.10526315789473684,False,110.29964279662336
CLBJ_022,CLBJ,vst_CLBJ_2017,2017,tower,400.0,26,25,0.038461538461538436,True,86.40580935223568
CLBJ_022,CLBJ,vst_CLBJ_2018,2018,tower,400.0,21,20,0.04761904761904767,True,75.13323029435692
CLBJ_022,CLBJ,vst_CLBJ_2019,2019,tower,400.0,23,22,0.04347826086956519,True,81.99847774499108
CLBJ_023,CLBJ,vst_CLBJ_2016,2016,tower,400.0,4,4,0.0,True,12.484330837496792
CLBJ_023,CLBJ,vst_CLBJ_2017,2017,tower,400.0,6,4,0.33333333333333337,False,14.838714780101675
CLBJ_023,CLBJ,vst_CLBJ_2018,2018,tower,400.0,3,3,0.0,True,16.117520528966764
CLBJ_023,CLBJ,vst_CLBJ_2019,2019,tower,400.0,3,3,0.0,True,17.06768812804095
CLBJ_023,CLBJ,vst_CLBJ_2024,2024,tower,400.0,5,5,0.0,True,23.449050387094797
CLBJ_024,CLBJ,vst_CLBJ_2017,2017,tower,400.0,18,3,0.8333333333333334,False,0.11153797811127876
CLBJ_024,CLBJ,vst_CLBJ_2024,2024,tower,400.0,12,6,0.5,False,0.05259166792819102
CLBJ_025,CLBJ,vst_CLBJ_2016,2016,tower,400.0,3,3,0.0,True,2.544192684880974
CLBJ_025,CLBJ,vst_CLBJ_2017,2017,tower,400.0,14,2,0.8571428571428572,False,1.929924042467166
CLBJ_025,CLBJ,vst_CLBJ_2018,2018,tower,400.0,9,2,0.7777777777777778,False,2.221913217819231
CLBJ_025,CLBJ,vst_CLBJ_2019,2019,tower,400.0,11,3,0.7272727272727273,False,5.103489305283474
CLBJ_025,CLBJ,vst_CLBJ_2024,2024,tower,400.0,9,1,0.8888888888888888,False,0.30412686659764054
CLBJ_026,CLBJ,vst_CLBJ_2016,2016,tower,400.0,15,11,0.2666666666666667,False,31.74140721785471
CLBJ_026,CLBJ,vst_CLBJ_2017,2017,tower,400.0,20,18,0.09999999999999998,True,59.80587676096288
CLBJ_026,CLBJ,vst_CLBJ_2018,2018,tower,400.0,23,21,0.08695652173913049,True,70.46432100280731
CLBJ_026,CLBJ,vst_CLBJ_2019,2019,tower,400.0,17,16,0.05882352941176472,True,74.51657148137018
CLBJ_027,CLBJ,vst_CLBJ_2016,2016,tower,400.0,46,44,0.04347826086956519,True,201.1759882375047
CLBJ_027,CLBJ,vst_CLBJ_2017,2017,tower,400.0,52,51,0.019230769230769273,True,202.7034195867278
CLBJ_027,CLBJ,vst_CLBJ_2018,2018,tower,400.0,47,46,0.021276595744680882,True,206.06025518413205
CLBJ_027,CLBJ,vst_CLBJ_2019,2019,tower,400.0,44,44,0.0,True,212.64427639707017
CLBJ_028,CLBJ,vst_CLBJ_2016,2016,tower,400.0,29,28,0.03448275862068961,True,194.4242187333406
CLBJ_028,CLBJ,vst_CLBJ_2017,2017,tower,400.0,46,44,0.04347826086956519,True,219.21232715774352
CLBJ_028,CLBJ,vst_CLBJ_2018,2018,tower,400.0,46,43,0.06521739130434778,True,214.18495241596565
CLBJ_028,CLBJ,vst_CLBJ_2019,2019,tower,400.0,36,32,0.11111111111111116,False,225.45152474992847
CLBJ_029,CLBJ,vst_CLBJ_2016,2016,tower,400.0,22,21,0.045454545454545414,True,177.1034934427452
CLBJ_029,CLBJ,vst_CLBJ_2017,2017,tower,400.0,31,28,0.09677419354838712,True,162.99404180143998
CLBJ_029,CLBJ,vst_CLBJ_2018,2018,tower,400.0,17,17,0.0,True,159.691956220498
CLBJ_029,CLBJ,vst_CLBJ_2019,2019,tower,400.0,20,19,0.050000000000000044,True,171.44933035569736
CLBJ_030,CLBJ,vst_CLBJ_2016,2016,tower,400.0,9,9,0.0,True,1.3087241897947048
CLBJ_030,CLBJ,vst_CLBJ_2017,2017,tower,400.0,8,8,0.0,True,2.3071029790352697
CLBJ_030,CLBJ,vst_CLBJ_2018,2018,tower,400.0,6,6,0.0,True,2.651812592954853
CLBJ_030,CLBJ,vst_CLBJ_2019,2019,tower,400.0,6,6,0.0,True,3.321990340579175
CLBJ_032,CLBJ,vst_CLBJ_2021,2021,distributed,400.0,3,3,0.0,True,0.014109320162915533
CLBJ_033,CLBJ,vst_CLBJ_2016,2016,distributed,400.0,36,35,0.02777777777777779,True,54.06942087268577
CLBJ_033,CLBJ,vst_CLBJ_2021,2021,distributed,400.0,42,41,0.023809523809523836,True,87.51676137057856
CLBJ_036,CLBJ,vst_CLBJ_2016,2016,distributed,400.0,2,2,0.0,True,14.837206781759901
CLBJ_036,CLBJ,vst_CLBJ_2021,2021,distributed,400.0,26,26,0.0,True,17.412701012132775
CLBJ_038,CLBJ,vst_CLBJ_2016,2016,distributed,400.0,19,16,0.1578947368421053,False,71.28604526959809
CLBJ_038,CLBJ,vst_CLBJ_2021,2021,distributed,400.0,26,20,0.23076923076923073,False,79.99831093426157
CLBJ_039,CLBJ,vst_CLBJ_2016,2016,distributed,400.0,4,4,0.0,True,3.0676723584686147
CLBJ_040,CLBJ,vst_CLBJ_2016,2016,distributed,400.0,58,46,0.2068965517241379,False,139.05227140451112
CLBJ_040,CLBJ,vst_CLBJ_2021,2021,distributed,400.0,61,46,0.24590163934426235,False,147.83680842160186
CLBJ_041,CLBJ,vst_CLBJ_2016,2016,distributed,400.0,1,1,0.0,True,5.768082909234979
CLBJ_042,CLBJ,vst_CLBJ_2016,2016,distributed,400.0,33,25,0.24242424242424243,False,150.58808818060095
CLBJ_042,CLBJ,vst_CLBJ_2021,2021,distributed,400.0,31,21,0.32258064516129037,False,155.02419043716867
CLBJ_043,CLBJ,vst_CLBJ_2016,2016,distributed,400.0,40,34,0.15000000000000002,False,103.41919831988568
CLBJ_043,CLBJ,vst_CLBJ_2021,2021,distributed,400.0,49,38,0.22448979591836737,False,114.0389444628263
CLBJ_044,CLBJ,vst_CLBJ_2016,2016,distributed,400.0,4,4,0.0,True,8.471204270056468
CLBJ_045,CLBJ,vst_CLBJ_2016,2016,distributed,400.0,5,5,0.0,True,34.14617766731973
CLBJ_046,CLBJ,vst_CLBJ_2016,2016,distributed,400.0,48,47,0.02083333333333337,True,156.09873270978
CLBJ_047,CLBJ,vst_CLBJ_2016,2016,distributed,400.0,9,9,0.0,True,1.7462615196488076
CLBJ_049,CLBJ,vst_CLBJ_2016,2016,distributed,400.0,19,15,0.21052631578947367,False,87.10717838268795
CLBJ_051,CLBJ,vst_CLBJ_2016,2016,distributed,400.0,31,27,0.12903225806451613,False,153.22514394718013
CLBJ_052,CLBJ,vst_CLBJ_2016,2016,distributed,400.0,46,34,0.26086956521739135,False,144.43847484800565
DEJU_001,DEJU,vst_DEJU_2016,2016,distributed,400.0,3,3,0.0,True,0.015764888063954607
DEJU_001,DEJU,vst_DEJU_2019,2019,distributed,400.0,8,8,0.0,True,0.12345064295264437
DEJU_001,DEJU,vst_DEJU_2023,2023,distributed,400.0,3,3,0.0,True,0.02252585615803418
DEJU_002,DEJU,vst_DEJU_2016,2016,distributed,400.0,22,22,0.0,True,0.15536587500859814
DEJU_002,DEJU,vst_DEJU_2019,2019,distributed,400.0,24,24,0.0,True,0.17653998499685597
DEJU_002,DEJU,vst_DEJU_2023,2023,distributed,400.0,10,10,0.0,True,0.0502464586750958
DEJU_003,DEJU,vst_DEJU_2016,2016,distributed,400.0,6,6,0.0,True,0.09305465592221268
DEJU_003,DEJU,vst_DEJU_2019,2019,distributed,400.0,10,10,0.0,True,0.13931537125880455
DEJU_003,DEJU,vst_DEJU_2023,2023,distributed,400.0,7,7,0.0,True,0.129612058126065
DEJU_005,DEJU,vst_DEJU_2016,2016,distributed,400.0,2,2,0.0,True,0.5597186963681445
DEJU_005,DEJU,vst_DEJU_2019,2019,distributed,400.0,2,2,0.0,True,0.628580555352852
DEJU_005,DEJU,vst_DEJU_2023,2023,distributed,400.0,2,2,0.0,True,0.7633809339843455
DEJU_006,DEJU,vst_DEJU_2016,2016,distributed,400.0,16,16,0.0,True,11.432202478348303
DEJU_006,DEJU,vst_DEJU_2019,2019,distributed,400.0,19,19,0.0,True,17.461731664746367
DEJU_006,DEJU,vst_DEJU_2023,2023,distributed,400.0,19,19,0.0,True,22.697069747679453
DEJU_007,DEJU,vst_DEJU_2016,2016,distributed,400.0,13,13,0.0,True,0.3798708554709138
DEJU_007,DEJU,vst_DEJU_2019,2019,distributed,400.0,20,20,0.0,True,0.3431594786127335
DEJU_008,DEJU,vst_DEJU_2016,2016,distributed,400.0,9,9,0.0,True,0.06326306977019835
DEJU_008,DEJU,vst_DEJU_2019,2019,distributed,400.0,14,14,0.0,True,0.1534086232874591
DEJU_009,DEJU,vst_DEJU_2016,2016,distributed,400.0,35,35,0.0,True,16.46644146928401
DEJU_009,DEJU,vst_DEJU_2019,2019,distributed,400.0,35,35,0.0,True,15.898039474298535
DEJU_009,DEJU,vst_DEJU_2023,2023,distributed,400.0,35,35,0.0,True,26.066453589280542
DEJU_010,DEJU,vst_DEJU_2016,2016,distributed,400.0,5,5,0.0,True,0.0402383173499987
DEJU_010,DEJU,vst_DEJU_2019,2019,distributed,400.0,7,7,0.0,True,0.09899556669484293
DEJU_014,DEJU,vst_DEJU_2016,2016,distributed,400.0,71,71,0.0,True,93.21355545637054
DEJU_014,DEJU,vst_DEJU_2019,2019,distributed,400.0,73,73,0.0,True,100.06684600083176
DEJU_014,DEJU,vst_DEJU_2023,2023,distributed,400.0,78,78,0.0,True,101.88900535555211
DEJU_015,DEJU,vst_DEJU_2016,2016,distributed,400.0,8,8,0.0,True,6.976051807167753
DEJU_015,DEJU,vst_DEJU_2019,2019,distributed,400.0,7,7,0.0,True,6.660381012122361
DEJU_015,DEJU,vst_DEJU_2023,2023,distributed,400.0,7,7,0.0,True,5.590372006431201
DEJU_016,DEJU,vst_DEJU_2016,2016,distributed,400.0,24,24,0.0,True,20.548774242698457
DEJU_016,DEJU,vst_DEJU_2019,2019,distributed,400.0,23,23,0.0,True,18.801195202171296
DEJU_017,DEJU,vst_DEJU_2016,2016,distributed,400.0,27,27,0.0,True,3.3328199956576814
DEJU_017,DEJU,vst_DEJU_2019,2019,distributed,400.0,31,31,0.0,True,4.516172798163607
DEJU_017,DEJU,vst_DEJU_2023,2023,distributed,400.0,15,15,0.0,True,3.6963549725790847
DEJU_018,DEJU,vst_DEJU_2016,2016,distributed,400.0,30,30,0.0,True,11.414946895887123
DEJU_018,DEJU,vst_DEJU_2019,2019,distributed,400.0,29,29,0.0,True,11.011799921809233
DEJU_019,DEJU,vst_DEJU_2016,2016,distributed,400.0,29,29,0.0,True,13.747760539380998
DEJU_019,DEJU,vst_DEJU_2019,2019,distributed,400.0,31,31,0.0,True,14.92391035541657
DEJU_020,DEJU,vst_DEJU_2016,2016,distributed,400.0,60,60,0.0,True,43.33943098894414
DEJU_020,DEJU,vst_DEJU_2019,2019,distributed,400.0,63,63,0.0,True,45.25125690419217
DEJU_021,DEJU,vst_DEJU_2016,2016,distributed,400.0,80,80,0.0,True,20.802167037029985
DEJU_021,DEJU,vst_DEJU_2019,2019,distributed,400.0,84,84,0.0,True,21.973292683226184
DEJU_021,DEJU,vst_DEJU_2023,2023,distributed,400.0,32,32,0.0,True,16.78545258175701
DEJU_023,DEJU,vst_DEJU_2016,2016,distributed,400.0,27,27,0.0,True,16.079603116276527
DEJU_023,DEJU,vst_DEJU_2019,2019,distributed,400.0,29,29,0.0,True,16.990466593326573
DEJU_024,DEJU,vst_DEJU_2016,2016,distributed,400.0,43,43,0.0,True,12.252512678099313
DEJU_024,DEJU,vst_DEJU_2019,2019,distributed,400.0,51,51,0.0,True,12.968039542950837
DEJU_045,DEJU,vst_DEJU_2015,2015,tower,800.0,13,13,0.0,True,3.1488918428130437
DEJU_045,DEJU,vst_DEJU_2016,2016,tower,800.0,21,21,0.0,True,4.444972986984314
DEJU_045,DEJU,vst_DEJU_2021,2021,tower,800.0,26,26,0.0,True,5.492797588920604
DEJU_046,DEJU,vst_DEJU_2015,2015,tower,800.0,29,29,0.0,True,15.597881610456446
DEJU_046,DEJU,vst_DEJU_2016,2016,tower,800.0,26,26,0.0,True,14.028235927174872
DEJU_046,DEJU,vst_DEJU_2020,2020,tower,800.0,27,27,0.0,True,14.49224542277574
DEJU_046,DEJU,vst_DEJU_2021,2021,tower,800.0,29,29,0.0,True,15.380934343051816
DEJU_046,DEJU,vst_DEJU_2022,2022,tower,800.0,28,28,0.0,True,15.71670848296339
DEJU_046,DEJU,vst_DEJU_2023,2023,tower,800.0,27,27,0.0,True,15.554791922494218
DEJU_046,DEJU,vst_DEJU_2024,2024,tower,800.0,29,29,0.0,True,16.632969163181187
DEJU_046,DEJU,vst_DEJU_2025,2025,tower,800.0,29,29,0.0,True,16.849666381801956
DEJU_047,DEJU,vst_DEJU_2015,2015,tower,800.0,107,107,0.0,True,59.17284830636578
DEJU_047,DEJU,vst_DEJU_2016,2016,tower,800.0,95,95,0.0,True,50.76469023785077
DEJU_047,DEJU,vst_DEJU_2020,2020,tower,800.0,103,103,0.0,True,56.25579288219059
DEJU_047,DEJU,vst_DEJU_2021,2021,tower,800.0,108,108,0.0,True,58.52900149897698
DEJU_047,DEJU,vst_DEJU_2022,2022,tower,800.0,106,106,0.0,True,57.411593813337646
DEJU_047,DEJU,vst_DEJU_2023,2023,tower,800.0,104,104,0.0,True,54.892854328988925
DEJU_047,DEJU,vst_DEJU_2024,2024,tower,800.0,113,113,0.0,True,63.167954094693
DEJU_047,DEJU,vst_DEJU_2025,2025,tower,800.0,118,118,0.0,True,64.7945768485786
DEJU_048,DEJU,vst_DEJU_2015,2015,tower,800.0,71,71,0.0,True,24.15566695899354
DEJU_048,DEJU,vst_DEJU_2016,2016,tower,800.0,64,64,0.0,True,21.053995473980784
DEJU_048,DEJU,vst_DEJU_2020,2020,tower,800.0,61,61,0.0,True,21.34525380500319
DEJU_048,DEJU,vst_DEJU_2021,2021,tower,800.0,56,56,0.0,True,20.613476223386016
DEJU_048,DEJU,vst_DEJU_2022,2022,tower,800.0,56,56,0.0,True,19.780678555331644
DEJU_048,DEJU,vst_DEJU_2023,2023,tower,800.0,56,56,0.0,True,20.64691372837374
DEJU_048,DEJU,vst_DEJU_2024,2024,tower,800.0,65,65,0.0,True,24.51006992839682
DEJU_048,DEJU,vst_DEJU_2025,2025,tower,800.0,65,65,0.0,True,23.968735538824593
DEJU_049,DEJU,vst_DEJU_2015,2015,tower,800.0,27,27,0.0,True,17.17973423757272
DEJU_049,DEJU,vst_DEJU_2016,2016,tower,800.0,27,27,0.0,True,17.039047447666793
DEJU_049,DEJU,vst_DEJU_2020,2020,tower,800.0,26,26,0.0,True,16.696096837127318
DEJU_049,DEJU,vst_DEJU_2021,2021,tower,800.0,31,31,0.0,True,19.559647726503066
DEJU_049,DEJU,vst_DEJU_2022,2022,tower,800.0,30,30,0.0,True,19.07450868189084
DEJU_049,DEJU,vst_DEJU_2023,2023,tower,800.0,35,35,0.0,True,21.85740436813994
DEJU_049,DEJU,vst_DEJU_2024,2024,tower,800.0,37,37,0.0,True,22.39419636774787
DEJU_049,DEJU,vst_DEJU_2025,2025,tower,800.0,34,34,0.0,True,20.330083834861423
DEJU_050,DEJU,vst_DEJU_2015,2015,tower,800.0,22,22,0.0,True,4.695456317723172
DEJU_050,DEJU,vst_DEJU_2016,2016,tower,800.0,29,29,0.0,True,4.805660481679885
DEJU_050,DEJU,vst_DEJU_2020,2020,tower,800.0,25,25,0.0,True,5.113143081950824
DEJU_050,DEJU,vst_DEJU_2021,2021,tower,800.0,26,26,0.0,True,5.299315875307171
DEJU_050,DEJU,vst_DEJU_2022,2022,tower,800.0,25,25,0.0,True,5.361616545615946
DEJU_050,DEJU,vst_DEJU_2023,2023,tower,800.0,25,25,0.0,True,5.433668025371528
DEJU_050,DEJU,vst_DEJU_2024,2024,tower,800.0,27,27,0.0,True,6.288366376349931
DEJU_050,DEJU,vst_DEJU_2025,2025,tower,800.0,27,27,0.0,True,6.000329462820028
DEJU_051,DEJU,vst_DEJU_2015,2015,tower,800.0,41,41,0.0,True,14.327532524629088
DEJU_051,DEJU,vst_DEJU_2016,2016,tower,800.0,36,36,0.0,True,12.45089179079745
DEJU_051,DEJU,vst_DEJU_2021,2021,tower,800.0,38,38,0.0,True,13.675884432902649
DEJU_052,DEJU,vst_DEJU_2015,2015,tower,800.0,11,11,0.0,True,2.369193132332428
DEJU_052,DEJU,vst_DEJU_2016,2016,tower,800.0,14,14,0.0,True,2.244896116013238
DEJU_052,DEJU,vst_DEJU_2021,2021,tower,800.0,17,17,0.0,True,3.516763009560991
DEJU_053,DEJU,vst_DEJU_2015,2015,tower,800.0,63,63,0.0,True,30.856604035800967
DEJU_053,DEJU,vst_DEJU_2016,2016,tower,800.0,62,62,0.0,True,27.60016043999574
DEJU_053,DEJU,vst_DEJU_2021,2021,tower,800.0,56,56,0.0,True,27.539245987229055
DEJU_054,DEJU,vst_DEJU_2015,2015,tower,800.0,45,45,0.0,True,15.170254129421453
DEJU_054,DEJU,vst_DEJU_2016,2016,tower,800.0,50,50,0.0,True,15.790590514992255
DEJU_054,DEJU,vst_DEJU_2021,2021,tower,800.0,53,53,0.0,True,18.81554446126909
DEJU_055,DEJU,vst_DEJU_2015,2015,tower,800.0,58,58,0.0,True,27.731803936997785
DEJU_055,DEJU,vst_DEJU_2016,2016,tower,800.0,56,56,0.0,True,25.314616839172356
DEJU_056,DEJU,vst_DEJU_2015,2015,tower,800.0,35,35,0.0,True,12.367550711398941
DEJU_056,DEJU,vst_DEJU_2016,2016,tower,800.0,40,40,0.0,True,11.948560082051761
DEJU_057,DEJU,vst_DEJU_2015,2015,tower,800.0,16,15,0.0625,True,6.202950649236003
DEJU_057,DEJU,vst_DEJU_2016,2016,tower,800.0,19,18,0.052631578947368474,True,6.775527330536243
DEJU_058,DEJU,vst_DEJU_2015,2015,tower,800.0,73,73,0.0,True,30.36968031404479
DEJU_058,DEJU,vst_DEJU_2016,2016,tower,800.0,77,77,0.0,True,32.35027899435979
DEJU_059,DEJU,vst_DEJU_2015,2015,tower,800.0,29,29,0.0,True,9.491919552392433
DEJU_059,DEJU,vst_DEJU_2016,2016,tower,800.0,29,29,0.0,True,9.815842835694905
DEJU_060,DEJU,vst_DEJU_2015,2015,tower,800.0,55,55,0.0,True,22.41058934071756
DEJU_060,DEJU,vst_DEJU_2016,2016,tower,800.0,59,59,0.0,True,23.530216587815588
DEJU_061,DEJU,vst_DEJU_2015,2015,tower,800.0,77,77,0.0,True,22.542790320088415
DEJU_061,DEJU,vst_DEJU_2016,2016,tower,800.0,71,71,0.0,True,19.89997191733224
DEJU_062,DEJU,vst_DEJU_2015,2015,tower,800.0,51,49,0.039215686274509776,True,16.975602203222255
DEJU_062,DEJU,vst_DEJU_2016,2016,tower,800.0,60,58,0.033333333333333326,True,20.504117887044956
DEJU_063,DEJU,vst_DEJU_2015,2015,tower,800.0,70,70,0.0,True,22.649529884908205
DEJU_063,DEJU,vst_DEJU_2016,2016,tower,800.0,74,74,0.0,True,22.635140695233787
DEJU_064,DEJU,vst_DEJU_2015,2015,tower,800.0,35,35,0.0,True,19.201461652358393
DEJU_064,DEJU,vst_DEJU_2016,2016,tower,800.0,35,35,0.0,True,19.646959466469475
DELA_001,DELA,vst_DELA_2019,2019,distributed,400.0,34,34,0.0,True,248.65886909796842
DELA_001,DELA,vst_DELA_2022,2022,distributed,400.0,35,35,0.0,True,314.6345922884866
DELA_002,DELA,vst_DELA_2019,2019,distributed,400.0,30,30,0.0,True,112.38635575142352
DELA_002,DELA,vst_DELA_2022,2022,distributed,400.0,21,21,0.0,True,121.9425936066785
DELA_003,DELA,vst_DELA_2019,2019,distributed,400.0,32,32,0.0,True,323.67287448241547
DELA_003,DELA,vst_DELA_2022,2022,distributed,400.0,30,30,0.0,True,324.57493449183977
DELA_004,DELA,vst_DELA_2019,2019,distributed,400.0,32,32,0.0,True,145.40074744411783
DELA_004,DELA,vst_DELA_2022,2022,distributed,400.0,31,31,0.0,True,169.1799350102917
DELA_005,DELA,vst_DELA_2019,2019,distributed,400.0,26,26,0.0,True,111.11241926815285
DELA_005,DELA,vst_DELA_2022,2022,distributed,400.0,27,27,0.0,True,112.64779808050007
DELA_006,DELA,vst_DELA_2019,2019,distributed,400.0,28,28,0.0,True,307.5878809061499
DELA_006,DELA,vst_DELA_2022,2022,distributed,400.0,23,23,0.0,True,328.45485343390965
DELA_008,DELA,vst_DELA_2019,2019,distributed,400.0,13,12,0.07692307692307687,True,59.06305093730183
DELA_008,DELA,vst_DELA_2022,2022,distributed,400.0,13,11,0.15384615384615385,False,75.75288277944573
DELA_009,DELA,vst_DELA_2019,2019,distributed,400.0,21,19,0.09523809523809523,True,192.8523215898484
DELA_009,DELA,vst_DELA_2022,2022,distributed,400.0,16,14,0.125,False,172.53737213495353
DELA_011,DELA,vst_DELA_2019,2019,distributed,400.0,39,39,0.0,True,174.92803490393106
DELA_011,DELA,vst_DELA_2022,2022,distributed,400.0,35,35,0.0,True,189.2593472586702
DELA_012,DELA,vst_DELA_2019,2019,distributed,400.0,44,42,0.045454545454545414,True,206.89714997309122
DELA_012,DELA,vst_DELA_2022,2022,distributed,400.0,37,35,0.05405405405405406,True,221.51820881762706
DELA_013,DELA,vst_DELA_2019,2019,distributed,400.0,25,25,0.0,True,374.58082875453704
DELA_013,DELA,vst_DELA_2022,2022,distributed,400.0,22,22,0.0,True,304.7541344204424
DELA_014,DELA,vst_DELA_2019,2019,distributed,400.0,26,25,0.038461538461538436,True,320.58534969653454
DELA_014,DELA,vst_DELA_2022,2022,distributed,400.0,31,25,0.19354838709677424,False,371.15004702550567
DELA_015,DELA,vst_DELA_2019,2019,distributed,400.0,34,33,0.02941176470588236,True,215.832459781199
DELA_015,DELA,vst_DELA_2022,2022,distributed,400.0,27,26,0.03703703703703709,True,243.61115748149177
DELA_016,DELA,vst_DELA_2019,2019,distributed,400.0,31,29,0.06451612903225812,True,242.25617555392316
DELA_016,DELA,vst_DELA_2022,2022,distributed,400.0,9,9,0.0,True,155.3602921498429
DELA_017,DELA,vst_DELA_2019,2019,distributed,400.0,21,21,0.0,True,526.9578926084082
DELA_017,DELA,vst_DELA_2022,2022,distributed,400.0,21,21,0.0,True,582.1900822903328
DELA_018,DELA,vst_DELA_2019,2019,distributed,400.0,29,29,0.0,True,134.729700057959
DELA_018,DELA,vst_DELA_2022,2022,distributed,400.0,24,24,0.0,True,102.73597164618333
DELA_020,DELA,vst_DELA_2019,2019,distributed,400.0,29,27,0.06896551724137934,True,125.7167229965959
DELA_020,DELA,vst_DELA_2022,2022,distributed,400.0,29,27,0.06896551724137934,True,136.42847254105845
DELA_021,DELA,vst_DELA_2019,2019,distributed,400.0,49,41,0.16326530612244894,False,132.30971668945654
DELA_021,DELA,vst_DELA_2022,2022,distributed,400.0,58,45,0.22413793103448276,False,135.3900796636004
DELA_022,DELA,vst_DELA_2019,2019,distributed,400.0,47,46,0.021276595744680882,True,160.34329437166065
DELA_022,DELA,vst_DELA_2022,2022,distributed,400.0,41,40,0.024390243902439046,True,191.9126124173572
DELA_023,DELA,vst_DELA_2019,2019,distributed,400.0,33,32,0.030303030303030276,True,277.24862678398654
DELA_023,DELA,vst_DELA_2022,2022,distributed,400.0,29,29,0.0,True,262.12579157751867
DELA_037,DELA,vst_DELA_2015,2015,tower,800.0,43,36,0.16279069767441856,False,146.66329443468777
DELA_037,DELA,vst_DELA_2016,2016,tower,800.0,44,39,0.11363636363636365,False,159.68226571078486
DELA_037,DELA,vst_DELA_2017,2017,tower,800.0,43,39,0.09302325581395354,True,146.02550857502928
DELA_037,DELA,vst_DELA_2018,2018,tower,800.0,44,40,0.09090909090909094,True,167.09407761542022
DELA_037,DELA,vst_DELA_2019,2019,tower,800.0,45,41,0.0888888888888889,True,145.44304169054763
DELA_037,DELA,vst_DELA_2020,2020,tower,800.0,44,40,0.09090909090909094,True,156.7084448827559
DELA_037,DELA,vst_DELA_2021,2021,tower,800.0,48,42,0.125,False,159.2807766906902
DELA_037,DELA,vst_DELA_2022,2022,tower,400.0,53,45,0.15094339622641506,False,337.65385592131435
DELA_037,DELA,vst_DELA_2023,2023,tower,800.0,43,34,0.2093023255813954,False,66.72348459284177
DELA_037,DELA,vst_DELA_2024,2024,tower,800.0,47,38,0.19148936170212771,False,76.88255846635363
DELA_037,DELA,vst_DELA_2025,2025,tower,800.0,47,36,0.23404255319148937,False,81.00217385701596
DELA_038,DELA,vst_DELA_2015,2015,tower,800.0,91,90,0.01098901098901095,True,100.3989722840473
DELA_038,DELA,vst_DELA_2016,2016,tower,800.0,88,88,0.0,True,107.81285353839864
DELA_038,DELA,vst_DELA_2017,2017,tower,800.0,82,82,0.0,True,102.15734480048263
DELA_038,DELA,vst_DELA_2018,2018,tower,800.0,80,80,0.0,True,109.05513837947595
DELA_038,DELA,vst_DELA_2019,2019,tower,800.0,80,79,0.012499999999999956,True,108.5476316250025
DELA_038,DELA,vst_DELA_2020,2020,tower,800.0,75,74,0.013333333333333308,True,115.0027679761411
DELA_038,DELA,vst_DELA_2021,2021,tower,800.0,75,74,0.013333333333333308,True,120.35032007369367
DELA_038,DELA,vst_DELA_2022,2022,tower,800.0,72,71,0.01388888888888884,True,119.69591084611288
DELA_038,DELA,vst_DELA_2023,2023,tower,800.0,71,70,0.014084507042253502,True,121.75779502437989
DELA_038,DELA,vst_DELA_2024,2024,tower,800.0,64,62,0.03125,True,124.80800974121713
DELA_038,DELA,vst_DELA_2025,2025,tower,800.0,61,59,0.032786885245901676,True,127.21663773980984
DELA_039,DELA,vst_DELA_2015,2015,tower,800.0,73,68,0.06849315068493156,True,194.36623729790801
DELA_039,DELA,vst_DELA_2016,2016,tower,800.0,72,67,0.06944444444444442,True,218.8780375239755
DELA_039,DELA,vst_DELA_2017,2017,tower,800.0,74,68,0.08108108108108103,True,210.17347250308674
DELA_039,DELA,vst_DELA_2018,2018,tower,800.0,74,69,0.06756756756756754,True,216.023766513054
DELA_039,DELA,vst_DELA_2019,2019,tower,800.0,75,70,0.06666666666666665,True,218.12670260745418
DELA_039,DELA,vst_DELA_2021,2021,tower,800.0,66,62,0.06060606060606055,True,236.34988258401023
DELA_039,DELA,vst_DELA_2022,2022,tower,800.0,62,59,0.048387096774193505,True,226.5315687956669
DELA_039,DELA,vst_DELA_2025,2025,tower,800.0,50,48,0.040000000000000036,True,238.9546466444727
DELA_040,DELA,vst_DELA_2015,2015,tower,800.0,72,72,0.0,True,127.71669443617716
DELA_040,DELA,vst_DELA_2016,2016,tower,800.0,65,65,0.0,True,114.657320892282
DELA_040,DELA,vst_DELA_2017,2017,tower,800.0,64,64,0.0,True,131.76480047425454
DELA_040,DELA,vst_DELA_2018,2018,tower,800.0,62,62,0.0,True,132.98868445093493
DELA_040,DELA,vst_DELA_2019,2019,tower,800.0,60,60,0.0,True,140.09338421231757
DELA_040,DELA,vst_DELA_2020,2020,tower,800.0,58,58,0.0,True,141.91345297393931
DELA_040,DELA,vst_DELA_2021,2021,tower,400.0,50,50,0.0,True,263.6008703597656
DELA_040,DELA,vst_DELA_2022,2022,tower,800.0,51,51,0.0,True,136.10591993436356
DELA_040,DELA,vst_DELA_2023,2023,tower,800.0,52,52,0.0,True,140.2121818195491
DELA_040,DELA,vst_DELA_2024,2024,tower,800.0,50,50,0.0,True,131.42852361946115
DELA_040,DELA,vst_DELA_2025,2025,tower,800.0,46,46,0.0,True,126.40238713893379
DELA_041,DELA,vst_DELA_2015,2015,tower,800.0,64,59,0.078125,True,198.5306819073107
DELA_041,DELA,vst_DELA_2016,2016,tower,800.0,58,56,0.03448275862068961,True,187.01838578330413
DELA_041,DELA,vst_DELA_2017,2017,tower,800.0,55,53,0.036363636363636376,True,180.58327376053165
DELA_041,DELA,vst_DELA_2018,2018,tower,800.0,59,57,0.03389830508474578,True,151.64174688071506
DELA_041,DELA,vst_DELA_2019,2019,tower,800.0,68,60,0.11764705882352944,False,144.85943129532598
DELA_041,DELA,vst_DELA_2020,2020,tower,800.0,90,59,0.34444444444444444,False,112.11536297438731
DELA_041,DELA,vst_DELA_2021,2021,tower,800.0,108,57,0.4722222222222222,False,108.69666154226391
DELA_041,DELA,vst_DELA_2022,2022,tower,800.0,69,47,0.3188405797101449,False,97.51733048666904
DELA_041,DELA,vst_DELA_2023,2023,tower,800.0,87,52,0.4022988505747126,False,104.97613487309644
DELA_041,DELA,vst_DELA_2024,2024,tower,800.0,111,56,0.49549549549549554,False,107.48662119995265
DELA_041,DELA,vst_DELA_2025,2025,tower,800.0,131,62,0.5267175572519084,False,85.29334783397047
DELA_042,DELA,vst_DELA_2015,2015,tower,800.0,34,28,0.17647058823529416,False,117.28808344999133
DELA_042,DELA,vst_DELA_2016,2016,tower,800.0,40,30,0.25,False,130.3131752295866
DELA_042,DELA,vst_DELA_2017,2017,tower,800.0,38,29,0.23684210526315785,False,134.93236339333737
DELA_042,DELA,vst_DELA_2021,2021,tower,800.0,35,24,0.3142857142857143,False,147.13971581410115
DELA_042,DELA,vst_DELA_2023,2023,tower,800.0,35,23,0.34285714285714286,False,135.0281410540034
DELA_042,DELA,vst_DELA_2024,2024,tower,800.0,34,22,0.3529411764705882,False,139.36435311202973
DELA_042,DELA,vst_DELA_2025,2025,tower,800.0,34,22,0.3529411764705882,False,140.6025755264651
DELA_043,DELA,vst_DELA_2015,2015,tower,800.0,39,34,0.1282051282051282,False,99.36820473462528
DELA_043,DELA,vst_DELA_2016,2016,tower,800.0,41,36,0.12195121951219512,False,101.53582982157805
DELA_043,DELA,vst_DELA_2017,2017,tower,800.0,40,34,0.15000000000000002,False,102.53487288076678
DELA_043,DELA,vst_DELA_2021,2021,tower,800.0,42,37,0.11904761904761907,False,116.93470160521564
DELA_043,DELA,vst_DELA_2025,2025,tower,800.0,38,33,0.13157894736842102,False,122.64292166268417
DELA_044,DELA,vst_DELA_2015,2015,tower,800.0,78,64,0.17948717948717952,False,297.49653019195057
DELA_044,DELA,vst_DELA_2016,2016,tower,800.0,63,56,0.11111111111111116,False,161.29439583047773
DELA_044,DELA,vst_DELA_2017,2017,tower,800.0,62,56,0.09677419354838712,True,292.01989818778674
DELA_044,DELA,vst_DELA_2021,2021,tower,800.0,62,52,0.16129032258064513,False,176.87828122475932
DELA_044,DELA,vst_DELA_2025,2025,tower,800.0,50,45,0.09999999999999998,True,183.0314514094064
DELA_045,DELA,vst_DELA_2015,2015,tower,800.0,49,39,0.20408163265306123,False,203.8734563590765
DELA_045,DELA,vst_DELA_2016,2016,tower,800.0,49,38,0.22448979591836737,False,174.43373705250318
DELA_045,DELA,vst_DELA_2017,2017,tower,800.0,52,40,0.23076923076923073,False,192.12534006564192
DELA_045,DELA,vst_DELA_2021,2021,tower,400.0,53,42,0.2075471698113207,False,436.42316322704573
DELA_045,DELA,vst_DELA_2025,2025,tower,800.0,45,34,0.24444444444444446,False,184.74094698276213
DELA_046,DELA,vst_DELA_2015,2015,tower,800.0,63,59,0.06349206349206349,True,210.3126592886368
DELA_046,DELA,vst_DELA_2016,2016,tower,800.0,58,57,0.017241379310344862,True,177.55708074196792
DELA_046,DELA,vst_DELA_2017,2017,tower,800.0,55,55,0.0,True,201.07038263407023
DELA_046,DELA,vst_DELA_2021,2021,tower,800.0,68,65,0.044117647058823484,True,147.8195676262693
DELA_046,DELA,vst_DELA_2025,2025,tower,800.0,98,94,0.04081632653061229,True,173.63291977317135
DELA_047,DELA,vst_DELA_2015,2015,tower,800.0,79,65,0.17721518987341767,False,100.29514572852264
DELA_047,DELA,vst_DELA_2016,2016,tower,800.0,90,67,0.25555555555555554,False,115.18798697896166
DELA_047,DELA,vst_DELA_2017,2017,tower,800.0,73,60,0.17808219178082196,False,112.98215716422031
DELA_047,DELA,vst_DELA_2021,2021,tower,800.0,64,55,0.140625,False,145.3367011703131
DELA_047,DELA,vst_DELA_2025,2025,tower,800.0,54,42,0.2222222222222222,False,98.7892617132354
DELA_048,DELA,vst_DELA_2015,2015,tower,800.0,67,63,0.05970149253731338,True,180.58750319320478
DELA_048,DELA,vst_DELA_2016,2016,tower,800.0,70,65,0.0714285714285714,True,190.88263036111258
DELA_048,DELA,vst_DELA_2017,2017,tower,800.0,66,62,0.06060606060606055,True,202.07848147036188
DELA_048,DELA,vst_DELA_2021,2021,tower,800.0,56,53,0.0535714285714286,True,213.75547709229963
DELA_048,DELA,vst_DELA_2025,2025,tower,800.0,50,46,0.07999999999999996,True,172.99431059434193
DELA_049,DELA,vst_DELA_2015,2015,tower,800.0,6,4,0.33333333333333337,False,55.10493206438113
DELA_049,DELA,vst_DELA_2016,2016,tower,800.0,7,3,0.5714285714285714,False,53.82410313594668
DELA_050,DELA,vst_DELA_2015,2015,tower,800.0,121,120,0.008264462809917328,True,201.90772763349227
DELA_050,DELA,vst_DELA_2016,2016,tower,800.0,104,102,0.019230769230769273,True,216.82589682639608
DELA_050,DELA,vst_DELA_2017,2017,tower,800.0,86,84,0.023255813953488413,True,216.39907830478595
DELA_050,DELA,vst_DELA_2021,2021,tower,800.0,75,73,0.026666666666666616,True,169.1862076231651
DELA_050,DELA,vst_DELA_2025,2025,tower,800.0,56,54,0.0357142857142857,True,181.81270058441692
DELA_051,DELA,vst_DELA_2015,2015,tower,800.0,56,55,0.017857142857142905,True,91.99819842013406
DELA_051,DELA,vst_DELA_2016,2016,tower,800.0,58,58,0.0,True,90.0488582770217
DELA_051,DELA,vst_DELA_2017,2017,tower,800.0,55,55,0.0,True,89.77266145667475
DELA_051,DELA,vst_DELA_2021,2021,tower,800.0,55,55,0.0,True,118.98616693340689
DELA_051,DELA,vst_DELA_2025,2025,tower,800.0,51,50,0.019607843137254943,True,112.44966759985132
DELA_052,DELA,vst_DELA_2015,2015,tower,800.0,91,89,0.02197802197802201,True,221.28700724580264
DELA_052,DELA,vst_DELA_2016,2016,tower,800.0,99,98,0.010101010101010055,True,239.14267499338274
DELA_052,DELA,vst_DELA_2017,2017,tower,800.0,100,100,0.0,True,240.7131282972268
DELA_052,DELA,vst_DELA_2021,2021,tower,800.0,95,90,0.052631578947368474,True,285.64047193309375
DELA_052,DELA,vst_DELA_2025,2025,tower,800.0,83,70,0.15662650602409633,False,310.07141480856217
DELA_053,DELA,vst_DELA_2015,2015,tower,800.0,62,61,0.016129032258064502,True,168.61519761535155
DELA_053,DELA,vst_DELA_2016,2016,tower,800.0,59,59,0.0,True,183.31023511342124
DELA_053,DELA,vst_DELA_2017,2017,tower,800.0,56,56,0.0,True,164.9336786611749
DELA_053,DELA,vst_DELA_2021,2021,tower,800.0,40,40,0.0,True,84.4487550320273
DELA_053,DELA,vst_DELA_2025,2025,tower,800.0,47,47,0.0,True,107.57472206747198
DELA_054,DELA,vst_DELA_2015,2015,tower,800.0,38,38,0.0,True,328.7570617845859
DELA_054,DELA,vst_DELA_2016,2016,tower,800.0,35,35,0.0,True,319.018989618973
DELA_054,DELA,vst_DELA_2017,2017,tower,800.0,35,35,0.0,True,323.68941745146475
DELA_054,DELA,vst_DELA_2020,2020,tower,800.0,21,21,0.0,True,167.74292662172044
DELA_054,DELA,vst_DELA_2021,2021,tower,800.0,38,38,0.0,True,369.28998285939497
DELA_054,DELA,vst_DELA_2025,2025,tower,800.0,37,37,0.0,True,408.7839468969443
DELA_055,DELA,vst_DELA_2015,2015,tower,800.0,53,53,0.0,True,202.52672298292723
DELA_055,DELA,vst_DELA_2016,2016,tower,800.0,61,60,0.016393442622950838,True,194.51934906663124
DELA_055,DELA,vst_DELA_2017,2017,tower,800.0,61,61,0.0,True,225.40165770705963
DELA_055,DELA,vst_DELA_2021,2021,tower,800.0,55,54,0.018181818181818188,True,232.62505169109158
DELA_055,DELA,vst_DELA_2025,2025,tower,800.0,47,38,0.19148936170212771,False,90.52055152803501
DELA_056,DELA,vst_DELA_2015,2015,tower,800.0,47,41,0.12765957446808507,False,226.08416424759375
DELA_056,DELA,vst_DELA_2016,2016,tower,800.0,50,43,0.14,False,232.15958360619675
DELA_056,DELA,vst_DELA_2017,2017,tower,800.0,44,43,0.022727272727272707,True,248.05945114461556
DELA_056,DELA,vst_DELA_2021,2021,tower,800.0,33,32,0.030303030303030276,True,278.3204328070574
DELA_056,DELA,vst_DELA_2025,2025,tower,800.0,24,22,0.08333333333333337,True,183.00015149252067
DELA_059,DELA,vst_DELA_2021,2021,tower,800.0,47,47,0.0,True,203.10576944657512
DELA_059,DELA,vst_DELA_2025,2025,tower,800.0,40,40,0.0,True,239.32548925838742
DSNY_003,DSNY,vst_DSNY_2017,2017,distributed,400.0,1,1,0.0,True,50.316621696588605
DSNY_003,DSNY,vst_DSNY_2022,2022,distributed,400.0,1,1,0.0,True,51.995305305691275
DSNY_006,DSNY,vst_DSNY_2017,2017,distributed,400.0,5,5,0.0,True,24.655248984123357
DSNY_006,DSNY,vst_DSNY_2022,2022,distributed,400.0,5,5,0.0,True,27.98327253840397
DSNY_007,DSNY,vst_DSNY_2017,2017,distributed,400.0,4,4,0.0,True,39.46548442166169
DSNY_008,DSNY,vst_DSNY_2017,2017,distributed,400.0,6,6,0.0,True,18.272628465571465
DSNY_008,DSNY,vst_DSNY_2022,2022,distributed,400.0,6,6,0.0,True,21.924541760237698
DSNY_009,DSNY,vst_DSNY_2022,2022,distributed,400.0,3,2,0.33333333333333337,False,0.3696917752582716
DSNY_010,DSNY,vst_DSNY_2017,2017,distributed,400.0,3,3,0.0,True,32.57802159114093
DSNY_010,DSNY,vst_DSNY_2022,2022,distributed,400.0,3,3,0.0,True,34.66742231175059
DSNY_011,DSNY,vst_DSNY_2017,2017,distributed,400.0,15,15,0.0,True,133.2757685828492
DSNY_012,DSNY,vst_DSNY_2017,2017,distributed,400.0,4,4,0.0,True,22.83531867697456
DSNY_012,DSNY,vst_DSNY_2022,2022,distributed,400.0,5,5,0.0,True,25.705290742374704
DSNY_013,DSNY,vst_DSNY_2017,2017,distributed,400.0,14,14,0.0,True,23.707532192837316
DSNY_014,DSNY,vst_DSNY_2017,2017,distributed,400.0,2,2,0.0,True,37.310833657639
DSNY_014,DSNY,vst_DSNY_2022,2022,distributed,400.0,2,2,0.0,True,41.339272297298045
DSNY_018,DSNY,vst_DSNY_2017,2017,distributed,400.0,15,15,0.0,True,20.895151304087438
DSNY_019,DSNY,vst_DSNY_2017,2017,distributed,400.0,9,9,0.0,True,3.5771505020525893
DSNY_025,DSNY,vst_DSNY_2017,2017,distributed,400.0,4,4,0.0,True,7.785544120330393
DSNY_034,DSNY,vst_DSNY_2017,2017,distributed,400.0,2,2,0.0,True,3.2685876589953526
GRSM_001,GRSM,vst_GRSM_2016,2016,distributed,400.0,27,27,0.0,True,215.21038447689764
GRSM_001,GRSM,vst_GRSM_2021,2021,distributed,400.0,32,32,0.0,True,234.732984120533
GRSM_002,GRSM,vst_GRSM_2016,2016,distributed,400.0,47,47,0.0,True,196.57586011023386
GRSM_002,GRSM,vst_GRSM_2021,2021,distributed,400.0,47,47,0.0,True,214.53114779588088
GRSM_003,GRSM,vst_GRSM_2016,2016,distributed,400.0,15,15,0.0,True,180.81798603133848
GRSM_003,GRSM,vst_GRSM_2021,2021,distributed,400.0,11,11,0.0,True,182.27194445827038
GRSM_004,GRSM,vst_GRSM_2016,2016,distributed,400.0,49,49,0.0,True,137.80939014232206
GRSM_004,GRSM,vst_GRSM_2021,2021,distributed,400.0,34,34,0.0,True,147.6656686695554
GRSM_005,GRSM,vst_GRSM_2016,2016,distributed,400.0,13,13,0.0,True,206.99193119314597
GRSM_005,GRSM,vst_GRSM_2021,2021,distributed,400.0,12,12,0.0,True,174.3154050292954
GRSM_006,GRSM,vst_GRSM_2016,2016,distributed,400.0,55,55,0.0,True,139.1653605150316
GRSM_006,GRSM,vst_GRSM_2021,2021,distributed,400.0,52,52,0.0,True,139.48361940414273
GRSM_007,GRSM,vst_GRSM_2016,2016,distributed,400.0,35,35,0.0,True,168.5475765118625
GRSM_008,GRSM,vst_GRSM_2016,2016,distributed,400.0,33,33,0.0,True,228.03602858157376
GRSM_008,GRSM,vst_GRSM_2021,2021,distributed,400.0,25,25,0.0,True,246.42535487911877
GRSM_009,GRSM,vst_GRSM_2016,2016,distributed,400.0,27,27,0.0,True,237.08105654987924
GRSM_009,GRSM,vst_GRSM_2021,2021,distributed,400.0,20,20,0.0,True,264.7592326442863
GRSM_010,GRSM,vst_GRSM_2016,2016,distributed,400.0,22,22,0.0,True,150.52053882414197
GRSM_010,GRSM,vst_GRSM_2021,2021,distributed,400.0,32,32,0.0,True,169.43875795101152
GRSM_011,GRSM,vst_GRSM_2016,2016,distributed,400.0,41,41,0.0,True,675.1467522717351
GRSM_011,GRSM,vst_GRSM_2021,2021,distributed,400.0,45,45,0.0,True,821.9393851212083
GRSM_012,GRSM,vst_GRSM_2016,2016,distributed,400.0,35,35,0.0,True,690.8391536824996
GRSM_012,GRSM,vst_GRSM_2021,2021,distributed,400.0,29,29,0.0,True,829.4188615322214
GRSM_013,GRSM,vst_GRSM_2016,2016,distributed,400.0,28,28,0.0,True,176.63502707730558
GRSM_013,GRSM,vst_GRSM_2021,2021,distributed,400.0,27,27,0.0,True,195.71767835609222
GRSM_014,GRSM,vst_GRSM_2016,2016,distributed,400.0,70,70,0.0,True,335.176651853522
GRSM_014,GRSM,vst_GRSM_2021,2021,distributed,400.0,67,67,0.0,True,386.3099511697514
GRSM_015,GRSM,vst_GRSM_2016,2016,distributed,400.0,60,60,0.0,True,142.68016760052424
GRSM_015,GRSM,vst_GRSM_2021,2021,distributed,400.0,59,59,0.0,True,165.89971648043348
GRSM_016,GRSM,vst_GRSM_2016,2016,distributed,400.0,82,82,0.0,True,302.2256449185652
GRSM_016,GRSM,vst_GRSM_2021,2021,distributed,400.0,78,78,0.0,True,339.9659865930075
GRSM_017,GRSM,vst_GRSM_2016,2016,distributed,400.0,38,38,0.0,True,224.04828583083983
GRSM_017,GRSM,vst_GRSM_2021,2021,distributed,400.0,45,45,0.0,True,254.10261356675696
GRSM_018,GRSM,vst_GRSM_2016,2016,distributed,400.0,45,45,0.0,True,255.37797179593838
GRSM_018,GRSM,vst_GRSM_2021,2021,distributed,400.0,37,37,0.0,True,266.22989231301136
GRSM_019,GRSM,vst_GRSM_2016,2016,distributed,400.0,35,35,0.0,True,228.1590378656114
GRSM_019,GRSM,vst_GRSM_2021,2021,distributed,400.0,32,32,0.0,True,222.19682083046087
GRSM_025,GRSM,vst_GRSM_2016,2016,distributed,400.0,74,74,0.0,True,278.8436704359526
GRSM_025,GRSM,vst_GRSM_2021,2021,distributed,400.0,74,74,0.0,True,302.5130746938178
GRSM_047,GRSM,vst_GRSM_2015,2015,tower,800.0,67,67,0.0,True,127.80402378216465
GRSM_047,GRSM,vst_GRSM_2016,2016,tower,800.0,62,62,0.0,True,127.86292250179483
GRSM_047,GRSM,vst_GRSM_2017,2017,tower,800.0,58,58,0.0,True,118.48794487453169
GRSM_047,GRSM,vst_GRSM_2018,2018,tower,800.0,57,57,0.0,True,120.85389728321482
GRSM_047,GRSM,vst_GRSM_2019,2019,tower,800.0,48,48,0.0,True,105.85721176502652
GRSM_047,GRSM,vst_GRSM_2020,2020,tower,800.0,49,48,0.020408163265306145,True,93.1843984574511
GRSM_047,GRSM,vst_GRSM_2024,2024,tower,800.0,53,48,0.09433962264150941,True,96.47173131536124
GRSM_048,GRSM,vst_GRSM_2015,2015,tower,800.0,57,55,0.03508771929824561,True,459.99991356483326
GRSM_048,GRSM,vst_GRSM_2016,2016,tower,800.0,58,58,0.0,True,442.47366396200346
GRSM_048,GRSM,vst_GRSM_2017,2017,tower,800.0,47,47,0.0,True,323.80466536887474
GRSM_048,GRSM,vst_GRSM_2018,2018,tower,800.0,42,42,0.0,True,312.10281589449545
GRSM_048,GRSM,vst_GRSM_2019,2019,tower,800.0,44,44,0.0,True,319.09515212063843
GRSM_048,GRSM,vst_GRSM_2020,2020,tower,800.0,47,47,0.0,True,322.9756496869459
GRSM_048,GRSM,vst_GRSM_2024,2024,tower,800.0,72,72,0.0,True,340.7237722247899
GRSM_049,GRSM,vst_GRSM_2015,2015,tower,800.0,78,74,0.05128205128205132,True,266.65318628577444
GRSM_049,GRSM,vst_GRSM_2016,2016,tower,800.0,73,72,0.013698630136986356,True,268.97944695234605
GRSM_049,GRSM,vst_GRSM_2017,2017,tower,800.0,41,41,0.0,True,272.9099425412849
GRSM_049,GRSM,vst_GRSM_2018,2018,tower,800.0,43,43,0.0,True,293.6380329935137
GRSM_049,GRSM,vst_GRSM_2019,2019,tower,800.0,37,37,0.0,True,253.31422784904464
GRSM_049,GRSM,vst_GRSM_2020,2020,tower,800.0,47,47,0.0,True,257.6283594193409
GRSM_049,GRSM,vst_GRSM_2024,2024,tower,800.0,73,73,0.0,True,231.57200793473734
GRSM_050,GRSM,vst_GRSM_2015,2015,tower,800.0,66,66,0.0,True,276.3981697843803
GRSM_050,GRSM,vst_GRSM_2016,2016,tower,800.0,66,66,0.0,True,287.0638479744341
GRSM_050,GRSM,vst_GRSM_2017,2017,tower,800.0,59,59,0.0,True,303.8090592058436
GRSM_050,GRSM,vst_GRSM_2018,2018,tower,800.0,54,54,0.0,True,301.88832964013193
GRSM_050,GRSM,vst_GRSM_2019,2019,tower,800.0,53,53,0.0,True,299.3104177629381
GRSM_050,GRSM,vst_GRSM_2020,2020,tower,800.0,53,53,0.0,True,296.83103227537043
GRSM_050,GRSM,vst_GRSM_2024,2024,tower,800.0,57,57,0.0,True,308.91094443882025
GRSM_051,GRSM,vst_GRSM_2015,2015,tower,800.0,64,52,0.1875,False,56.625729491159426
GRSM_051,GRSM,vst_GRSM_2016,2016,tower,800.0,53,49,0.07547169811320753,True,54.1701252993554
GRSM_051,GRSM,vst_GRSM_2017,2017,tower,800.0,42,41,0.023809523809523836,True,50.43801754662467
GRSM_051,GRSM,vst_GRSM_2018,2018,tower,800.0,39,38,0.02564102564102566,True,44.916063805620404
GRSM_051,GRSM,vst_GRSM_2019,2019,tower,800.0,23,21,0.08695652173913049,True,17.288467451082326
GRSM_051,GRSM,vst_GRSM_2020,2020,tower,800.0,36,29,0.19444444444444442,False,16.468644379535995
GRSM_051,GRSM,vst_GRSM_2024,2024,tower,800.0,37,24,0.3513513513513513,False,8.302487548236195
GRSM_052,GRSM,vst_GRSM_2016,2016,tower,800.0,86,86,0.0,True,240.48622455225743
GRSM_052,GRSM,vst_GRSM_2017,2017,tower,800.0,43,43,0.0,True,210.45602619960508
GRSM_052,GRSM,vst_GRSM_2019,2019,tower,800.0,49,49,0.0,True,209.2282040147214
GRSM_052,GRSM,vst_GRSM_2024,2024,tower,800.0,126,126,0.0,True,193.367410444171
GRSM_053,GRSM,vst_GRSM_2015,2015,tower,800.0,60,60,0.0,True,443.4818148302092
GRSM_053,GRSM,vst_GRSM_2016,2016,tower,800.0,68,68,0.0,True,467.88741740424865
GRSM_053,GRSM,vst_GRSM_2017,2017,tower,800.0,51,51,0.0,True,417.7565554751135
GRSM_053,GRSM,vst_GRSM_2019,2019,tower,800.0,50,50,0.0,True,443.91723782286306
GRSM_053,GRSM,vst_GRSM_2024,2024,tower,800.0,47,47,0.0,True,457.2426909313931
GRSM_054,GRSM,vst_GRSM_2015,2015,tower,800.0,47,47,0.0,True,200.72280871595785
GRSM_054,GRSM,vst_GRSM_2016,2016,tower,800.0,46,46,0.0,True,203.80720959421268
GRSM_054,GRSM,vst_GRSM_2017,2017,tower,800.0,37,37,0.0,True,202.74239742542375
GRSM_054,GRSM,vst_GRSM_2019,2019,tower,800.0,40,40,0.0,True,205.58389990588415
GRSM_054,GRSM,vst_GRSM_2024,2024,tower,800.0,62,62,0.0,True,202.7949267711297
GRSM_055,GRSM,vst_GRSM_2016,2016,tower,800.0,40,40,0.0,True,455.9953875144891
GRSM_055,GRSM,vst_GRSM_2017,2017,tower,800.0,33,33,0.0,True,421.80774540989876
GRSM_055,GRSM,vst_GRSM_2019,2019,tower,800.0,29,29,0.0,True,439.0487174711649
GRSM_055,GRSM,vst_GRSM_2021,2021,tower,800.0,27,27,0.0,True,440.6073212527517
GRSM_055,GRSM,vst_GRSM_2022,2022,tower,800.0,27,27,0.0,True,491.81271603911637
GRSM_055,GRSM,vst_GRSM_2023,2023,tower,800.0,25,25,0.0,True,496.99452253230675
GRSM_055,GRSM,vst_GRSM_2024,2024,tower,800.0,26,26,0.0,True,507.84711861478297
GRSM_055,GRSM,vst_GRSM_2025,2025,tower,800.0,26,26,0.0,True,525.0407346448815
GRSM_056,GRSM,vst_GRSM_2016,2016,tower,800.0,67,67,0.0,True,283.9683585555599
GRSM_056,GRSM,vst_GRSM_2017,2017,tower,800.0,39,39,0.0,True,253.4392230068327
GRSM_056,GRSM,vst_GRSM_2019,2019,tower,800.0,83,83,0.0,True,253.76019054811354
GRSM_056,GRSM,vst_GRSM_2024,2024,tower,800.0,208,208,0.0,True,278.2468780723566
GRSM_057,GRSM,vst_GRSM_2015,2015,tower,800.0,55,55,0.0,True,385.34391082116827
GRSM_057,GRSM,vst_GRSM_2016,2016,tower,800.0,54,54,0.0,True,366.67965584197805
GRSM_057,GRSM,vst_GRSM_2017,2017,tower,800.0,46,46,0.0,True,324.87574064719365
GRSM_057,GRSM,vst_GRSM_2019,2019,tower,800.0,42,42,0.0,True,312.03149068494173
GRSM_057,GRSM,vst_GRSM_2021,2021,tower,800.0,59,59,0.0,True,319.35548657957446
GRSM_057,GRSM,vst_GRSM_2022,2022,tower,800.0,66,66,0.0,True,323.5502174081772
GRSM_057,GRSM,vst_GRSM_2023,2023,tower,800.0,40,40,0.0,True,326.48672355702536
GRSM_057,GRSM,vst_GRSM_2024,2024,tower,800.0,39,39,0.0,True,342.8633425867684
GRSM_057,GRSM,vst_GRSM_2025,2025,tower,800.0,46,46,0.0,True,350.2514912032451
GRSM_058,GRSM,vst_GRSM_2016,2016,tower,800.0,32,32,0.0,True,265.31736167769935
GRSM_058,GRSM,vst_GRSM_2017,2017,tower,800.0,32,32,0.0,True,272.2002697835856
GRSM_058,GRSM,vst_GRSM_2019,2019,tower,800.0,33,33,0.0,True,278.15034815445824
GRSM_058,GRSM,vst_GRSM_2021,2021,tower,800.0,36,36,0.0,True,285.06965905038675
GRSM_058,GRSM,vst_GRSM_2022,2022,tower,800.0,35,35,0.0,True,287.8594131338198
GRSM_058,GRSM,vst_GRSM_2023,2023,tower,800.0,36,36,0.0,True,292.1915248245353
GRSM_058,GRSM,vst_GRSM_2024,2024,tower,800.0,41,41,0.0,True,294.9695831040021
GRSM_058,GRSM,vst_GRSM_2025,2025,tower,800.0,53,53,0.0,True,299.68557877672373
GRSM_059,GRSM,vst_GRSM_2015,2015,tower,800.0,78,74,0.05128205128205132,True,167.5371014526759
GRSM_059,GRSM,vst_GRSM_2016,2016,tower,800.0,55,55,0.0,True,131.94534770413878
GRSM_059,GRSM,vst_GRSM_2017,2017,tower,800.0,65,65,0.0,True,148.62514994879666
GRSM_059,GRSM,vst_GRSM_2019,2019,tower,800.0,62,62,0.0,True,131.98506040721648
GRSM_059,GRSM,vst_GRSM_2021,2021,tower,800.0,86,86,0.0,True,139.06184287367603
GRSM_059,GRSM,vst_GRSM_2022,2022,tower,800.0,86,86,0.0,True,128.04420034317735
GRSM_059,GRSM,vst_GRSM_2023,2023,tower,400.0,64,64,0.0,True,262.5557451652788
GRSM_059,GRSM,vst_GRSM_2024,2024,tower,800.0,65,65,0.0,True,128.95723453639124
GRSM_059,GRSM,vst_GRSM_2025,2025,tower,800.0,73,72,0.013698630136986356,True,116.26135142122477
GRSM_060,GRSM,vst_GRSM_2015,2015,tower,800.0,85,84,0.0117647058823529,True,195.62353715697574
GRSM_060,GRSM,vst_GRSM_2016,2016,tower,800.0,98,98,0.0,True,191.21393775244113
GRSM_060,GRSM,vst_GRSM_2017,2017,tower,800.0,55,55,0.0,True,201.73627777061176
GRSM_060,GRSM,vst_GRSM_2019,2019,tower,800.0,37,37,0.0,True,197.95182074021224
GRSM_060,GRSM,vst_GRSM_2021,2021,tower,800.0,57,57,0.0,True,213.00595226857183
GRSM_060,GRSM,vst_GRSM_2022,2022,tower,800.0,62,62,0.0,True,194.31696843858057
GRSM_060,GRSM,vst_GRSM_2023,2023,tower,400.0,65,64,0.01538461538461533,True,396.0086030237402
GRSM_060,GRSM,vst_GRSM_2024,2024,tower,800.0,70,69,0.014285714285714235,True,175.13159319411903
GRSM_060,GRSM,vst_GRSM_2025,2025,tower,800.0,73,72,0.013698630136986356,True,163.858765248644
GRSM_061,GRSM,vst_GRSM_2016,2016,tower,800.0,63,63,0.0,True,189.96105271809455
GRSM_061,GRSM,vst_GRSM_2017,2017,tower,800.0,62,62,0.0,True,208.9909391962299
GRSM_061,GRSM,vst_GRSM_2019,2019,tower,800.0,74,74,0.0,True,198.15898118599128
GRSM_061,GRSM,vst_GRSM_2024,2024,tower,800.0,131,131,0.0,True,206.06241080605727
GRSM_062,GRSM,vst_GRSM_2015,2015,tower,800.0,62,62,0.0,True,107.05946043828627
GRSM_062,GRSM,vst_GRSM_2016,2016,tower,800.0,60,59,0.01666666666666672,True,119.12992704240139
GRSM_062,GRSM,vst_GRSM_2017,2017,tower,800.0,37,37,0.0,True,107.14678660266416
GRSM_062,GRSM,vst_GRSM_2019,2019,tower,800.0,32,32,0.0,True,9.21162748081387
GRSM_062,GRSM,vst_GRSM_2024,2024,tower,800.0,104,104,0.0,True,15.71718359904225
GRSM_063,GRSM,vst_GRSM_2015,2015,tower,800.0,51,51,0.0,True,389.5724342661207
GRSM_063,GRSM,vst_GRSM_2016,2016,tower,800.0,55,55,0.0,True,344.4134805774308
GRSM_063,GRSM,vst_GRSM_2017,2017,tower,800.0,48,48,0.0,True,330.9161760227332
GRSM_063,GRSM,vst_GRSM_2019,2019,tower,800.0,43,43,0.0,True,348.00911511176366
GRSM_063,GRSM,vst_GRSM_2024,2024,tower,800.0,45,45,0.0,True,378.3335504190114
GRSM_064,GRSM,vst_GRSM_2015,2015,tower,800.0,62,62,0.0,True,285.225638356142
GRSM_064,GRSM,vst_GRSM_2016,2016,tower,800.0,62,62,0.0,True,249.98067115548062
GRSM_064,GRSM,vst_GRSM_2017,2017,tower,800.0,39,39,0.0,True,250.3107912771511
GRSM_064,GRSM,vst_GRSM_2019,2019,tower,800.0,44,44,0.0,True,276.3551067516325
GRSM_064,GRSM,vst_GRSM_2024,2024,tower,800.0,80,80,0.0,True,296.85514673892294
GRSM_065,GRSM,vst_GRSM_2015,2015,tower,800.0,54,53,0.01851851851851849,True,174.16168830378155
GRSM_065,GRSM,vst_GRSM_2016,2016,tower,800.0,49,49,0.0,True,190.25553774746407
GRSM_065,GRSM,vst_GRSM_2017,2017,tower,800.0,44,44,0.0,True,186.8546468813907
GRSM_065,GRSM,vst_GRSM_2019,2019,tower,800.0,40,40,0.0,True,172.1781239282779
GRSM_065,GRSM,vst_GRSM_2024,2024,tower,800.0,50,50,0.0,True,210.2276727642752
GRSM_066,GRSM,vst_GRSM_2015,2015,tower,800.0,26,23,0.11538461538461542,False,266.73929236826376
GRSM_066,GRSM,vst_GRSM_2016,2016,tower,800.0,29,29,0.0,True,269.65691929836083
GRSM_066,GRSM,vst_GRSM_2017,2017,tower,800.0,28,28,0.0,True,272.52183199612887
GRSM_066,GRSM,vst_GRSM_2019,2019,tower,800.0,29,29,0.0,True,280.0987597648452
GRSM_066,GRSM,vst_GRSM_2024,2024,tower,800.0,41,41,0.0,True,284.8037852868649
GUAN_002,GUAN,vst_GUAN_2015,2015,distributed,400.0,61,1,0.9836065573770492,False,0.20217223287700767
GUAN_002,GUAN,vst_GUAN_2017,2017,distributed,400.0,20,1,0.95,False,0.17013625802661
GUAN_002,GUAN,vst_GUAN_2023,2023,distributed,400.0,19,1,0.9473684210526316,False,0.17783195115979314
GUAN_004,GUAN,vst_GUAN_2016,2016,distributed,400.0,65,2,0.9692307692307692,False,0.02876484116334921
GUAN_004,GUAN,vst_GUAN_2017,2017,distributed,400.0,15,2,0.8666666666666667,False,0.0378206600969738
GUAN_004,GUAN,vst_GUAN_2023,2023,distributed,400.0,17,2,0.8823529411764706,False,0.024870276821763654
GUAN_005,GUAN,vst_GUAN_2023,2023,distributed,400.0,15,1,0.9333333333333333,False,0.0020327220880183836
GUAN_006,GUAN,vst_GUAN_2017,2017,distributed,400.0,39,27,0.3076923076923077,False,1.6795144559127206
GUAN_006,GUAN,vst_GUAN_2023,2023,distributed,400.0,20,10,0.5,False,0.9276798514409488
GUAN_009,GUAN,vst_GUAN_2016,2016,distributed,400.0,40,26,0.35,False,2.559402056035725
GUAN_009,GUAN,vst_GUAN_2017,2017,distributed,400.0,41,27,0.3414634146341463,False,3.171419058649369
GUAN_012,GUAN,vst_GUAN_2017,2017,distributed,400.0,9,2,0.7777777777777778,False,0.010429595679708293
GUAN_012,GUAN,vst_GUAN_2023,2023,distributed,400.0,8,1,0.875,False,0.0025904104271457454
GUAN_015,GUAN,vst_GUAN_2016,2016,distributed,400.0,30,2,0.9333333333333333,False,0.4473080426515401
GUAN_015,GUAN,vst_GUAN_2017,2017,distributed,400.0,38,6,0.8421052631578947,False,0.7545635227980275
GUAN_015,GUAN,vst_GUAN_2023,2023,distributed,400.0,33,3,0.9090909090909091,False,0.5000310612836183
GUAN_016,GUAN,vst_GUAN_2023,2023,distributed,400.0,20,1,0.95,False,0.009065978349158253
GUAN_018,GUAN,vst_GUAN_2016,2016,distributed,400.0,33,21,0.36363636363636365,False,5.192736908131551
GUAN_018,GUAN,vst_GUAN_2017,2017,distributed,400.0,23,21,0.08695652173913049,True,5.630633217695907
GUAN_018,GUAN,vst_GUAN_2023,2023,distributed,400.0,19,16,0.1578947368421053,False,4.758484191079006
GUAN_020,GUAN,vst_GUAN_2017,2017,distributed,400.0,4,1,0.75,False,0.049206660375893496
GUAN_042,GUAN,vst_GUAN_2016,2016,tower,800.0,95,9,0.9052631578947369,False,0.28413244085243855
GUAN_042,GUAN,vst_GUAN_2017,2017,tower,800.0,103,10,0.9029126213592233,False,0.29147125123379947
GUAN_042,GUAN,vst_GUAN_2018,2018,tower,800.0,58,6,0.896551724137931,False,0.15816510032991365
GUAN_042,GUAN,vst_GUAN_2019,2019,tower,800.0,57,6,0.8947368421052632,False,0.16553758250709422
GUAN_042,GUAN,vst_GUAN_2020,2020,tower,800.0,57,5,0.9122807017543859,False,0.16995161785705726
GUAN_042,GUAN,vst_GUAN_2021,2021,tower,800.0,58,5,0.9137931034482758,False,0.17263259696620614
GUAN_042,GUAN,vst_GUAN_2022,2022,tower,800.0,58,5,0.9137931034482758,False,0.17093344839151772
GUAN_042,GUAN,vst_GUAN_2023,2023,tower,800.0,64,4,0.9375,False,0.12999791303829158
GUAN_042,GUAN,vst_GUAN_2024,2024,tower,800.0,64,3,0.953125,False,0.13998996204052866
GUAN_043,GUAN,vst_GUAN_2016,2016,tower,800.0,99,30,0.696969696969697,False,9.871864619861126
GUAN_043,GUAN,vst_GUAN_2017,2017,tower,800.0,83,24,0.7108433734939759,False,57.872215173288986
GUAN_043,GUAN,vst_GUAN_2018,2018,tower,800.0,52,13,0.75,False,3.855822146328763
GUAN_043,GUAN,vst_GUAN_2019,2019,tower,800.0,50,13,0.74,False,4.130067215646306
GUAN_043,GUAN,vst_GUAN_2020,2020,tower,800.0,46,10,0.782608695652174,False,5.062524419696986
GUAN_043,GUAN,vst_GUAN_2021,2021,tower,800.0,45,9,0.8,False,4.967995451670847
GUAN_043,GUAN,vst_GUAN_2022,2022,tower,800.0,42,8,0.8095238095238095,False,4.655126605118653
GUAN_043,GUAN,vst_GUAN_2023,2023,tower,800.0,36,6,0.8333333333333334,False,3.895590198224708
GUAN_043,GUAN,vst_GUAN_2024,2024,tower,800.0,36,6,0.8333333333333334,False,4.134991273701137
GUAN_045,GUAN,vst_GUAN_2016,2016,tower,800.0,94,1,0.9893617021276596,False,0.0067093002983108566
GUAN_045,GUAN,vst_GUAN_2017,2017,tower,800.0,94,1,0.9893617021276596,False,0.007552114814107363
GUAN_045,GUAN,vst_GUAN_2018,2018,tower,800.0,49,1,0.9795918367346939,False,0.007552114814107363
GUAN_045,GUAN,vst_GUAN_2021,2021,tower,800.0,47,1,0.9787234042553191,False,0.009423046759781764
GUAN_047,GUAN,vst_GUAN_2017,2017,tower,800.0,24,4,0.8333333333333334,False,0.04206025437901569
GUAN_047,GUAN,vst_GUAN_2021,2021,tower,800.0,24,5,0.7916666666666666,False,0.07100979557641525
GUAN_048,GUAN,vst_GUAN_2016,2016,tower,800.0,76,2,0.9736842105263158,False,0.08306761029804378
GUAN_048,GUAN,vst_GUAN_2019,2019,tower,800.0,37,1,0.972972972972973,False,0.04153380514902189
GUAN_048,GUAN,vst_GUAN_2020,2020,tower,800.0,38,1,0.9736842105263158,False,0.0440350591302271
GUAN_048,GUAN,vst_GUAN_2021,2021,tower,800.0,38,1,0.9736842105263158,False,0.046625626668646794
GUAN_048,GUAN,vst_GUAN_2022,2022,tower,800.0,38,1,0.9736842105263158,False,0.046625626668646794
GUAN_048,GUAN,vst_GUAN_2023,2023,tower,800.0,37,1,0.972972972972973,False,0.046625626668646794
GUAN_048,GUAN,vst_GUAN_2024,2024,tower,800.0,35,1,0.9714285714285714,False,0.052079083391153476
GUAN_049,GUAN,vst_GUAN_2016,2016,tower,800.0,116,27,0.7672413793103449,False,0.2688668758570467
GUAN_049,GUAN,vst_GUAN_2019,2019,tower,800.0,57,13,0.7719298245614035,False,0.14351475900892194
GUAN_049,GUAN,vst_GUAN_2020,2020,tower,800.0,57,18,0.6842105263157895,False,0.2346977591603376
GUAN_049,GUAN,vst_GUAN_2021,2021,tower,800.0,50,10,0.8,False,0.12267619681210343
GUAN_049,GUAN,vst_GUAN_2022,2022,tower,800.0,47,8,0.8297872340425532,False,0.12267011093942674
GUAN_049,GUAN,vst_GUAN_2023,2023,tower,800.0,47,8,0.8297872340425532,False,0.13589011431632486
GUAN_049,GUAN,vst_GUAN_2024,2024,tower,800.0,46,9,0.8043478260869565,False,0.15235022486725625
GUAN_051,GUAN,vst_GUAN_2016,2016,tower,800.0,104,12,0.8846153846153846,False,0.9932742953177288
GUAN_051,GUAN,vst_GUAN_2021,2021,tower,800.0,55,3,0.9454545454545454,False,0.39731193851863444
GUAN_052,GUAN,vst_GUAN_2016,2016,tower,800.0,96,5,0.9479166666666666,False,0.029892701242291795
GUAN_052,GUAN,vst_GUAN_2021,2021,tower,800.0,44,2,0.9545454545454546,False,0.011749337966477261
GUAN_054,GUAN,vst_GUAN_2016,2016,tower,800.0,54,16,0.7037037037037037,False,3.033550219404155
GUAN_054,GUAN,vst_GUAN_2021,2021,tower,800.0,25,5,0.8,False,1.0782218273789823
GUAN_055,GUAN,vst_GUAN_2016,2016,tower,800.0,76,30,0.6052631578947368,False,4.64672614564482
GUAN_055,GUAN,vst_GUAN_2021,2021,tower,800.0,29,8,0.7241379310344828,False,0.40325831283714186
GUAN_056,GUAN,vst_GUAN_2016,2016,tower,800.0,92,18,0.8043478260869565,False,0.04367286277809662
GUAN_056,GUAN,vst_GUAN_2021,2021,tower,800.0,48,9,0.8125,False,0.022801076003016556
GUAN_057,GUAN,vst_GUAN_2016,2016,tower,800.0,22,9,0.5909090909090908,False,0.21779571676489662
GUAN_057,GUAN,vst_GUAN_2021,2021,tower,800.0,18,5,0.7222222222222222,False,0.14409222569244123
GUAN_058,GUAN,vst_GUAN_2016,2016,tower,800.0,80,20,0.75,False,6.155322331742745
GUAN_058,GUAN,vst_GUAN_2021,2021,tower,800.0,38,8,0.7894736842105263,False,2.293043841096537
GUAN_059,GUAN,vst_GUAN_2016,2016,tower,800.0,58,12,0.7931034482758621,False,0.2851950441659924
GUAN_059,GUAN,vst_GUAN_2021,2021,tower,800.0,27,4,0.8518518518518519,False,0.08004239040240724
GUAN_060,GUAN,vst_GUAN_2016,2016,tower,800.0,75,2,0.9733333333333334,False,0.08306761029804378
GUAN_060,GUAN,vst_GUAN_2021,2021,tower,800.0,39,1,0.9743589743589743,False,0.03679478817019367
GUAN_061,GUAN,vst_GUAN_2016,2016,tower,800.0,30,6,0.8,False,0.33346839250524796
GUAN_061,GUAN,vst_GUAN_2021,2021,tower,800.0,8,1,0.875,False,0.026431066165254598
HARV_001,HARV,vst_HARV_2014,2014,distributed,400.0,91,89,0.02197802197802201,True,123.80250267232707
HARV_001,HARV,vst_HARV_2019,2019,distributed,400.0,20,20,0.0,True,174.524047304673
HARV_001,HARV,vst_HARV_2023,2023,distributed,400.0,26,26,0.0,True,189.32632461673205
HARV_002,HARV,vst_HARV_2015,2015,distributed,400.0,29,29,0.0,True,249.41955453935844
HARV_002,HARV,vst_HARV_2019,2019,distributed,400.0,38,38,0.0,True,170.28641219448625
HARV_002,HARV,vst_HARV_2023,2023,distributed,400.0,40,40,0.0,True,189.6135917679846
HARV_004,HARV,vst_HARV_2015,2015,distributed,400.0,15,15,0.0,True,227.23363277532485
HARV_004,HARV,vst_HARV_2019,2019,distributed,400.0,13,13,0.0,True,103.81984033904669
HARV_004,HARV,vst_HARV_2023,2023,distributed,400.0,8,8,0.0,True,91.05357368578757
HARV_005,HARV,vst_HARV_2014,2014,distributed,400.0,85,84,0.0117647058823529,True,275.6309325656979
HARV_005,HARV,vst_HARV_2019,2019,distributed,400.0,28,28,0.0,True,156.3815476912187
HARV_005,HARV,vst_HARV_2023,2023,distributed,400.0,25,25,0.0,True,168.7682640444136
HARV_006,HARV,vst_HARV_2014,2014,distributed,400.0,64,64,0.0,True,226.87549850163413
HARV_006,HARV,vst_HARV_2015,2015,distributed,400.0,59,59,0.0,True,218.33913606198712
HARV_006,HARV,vst_HARV_2019,2019,distributed,400.0,56,56,0.0,True,168.5581516518244
HARV_006,HARV,vst_HARV_2023,2023,distributed,400.0,33,33,0.0,True,179.72578240396254
HARV_008,HARV,vst_HARV_2015,2015,distributed,400.0,51,51,0.0,True,186.125706295837
HARV_008,HARV,vst_HARV_2019,2019,distributed,400.0,53,53,0.0,True,184.7692117947021
HARV_008,HARV,vst_HARV_2023,2023,distributed,400.0,51,51,0.0,True,199.46080824324778
HARV_010,HARV,vst_HARV_2019,2019,distributed,400.0,45,45,0.0,True,170.65797640748238
HARV_010,HARV,vst_HARV_2023,2023,distributed,400.0,46,46,0.0,True,160.20874359804458
HARV_011,HARV,vst_HARV_2015,2015,distributed,400.0,32,31,0.03125,True,261.4284981520763
HARV_011,HARV,vst_HARV_2019,2019,distributed,400.0,30,30,0.0,True,268.09086054759155
HARV_011,HARV,vst_HARV_2023,2023,distributed,400.0,29,29,0.0,True,290.09828721919894
HARV_012,HARV,vst_HARV_2015,2015,distributed,400.0,42,42,0.0,True,324.66094586073586
HARV_012,HARV,vst_HARV_2019,2019,distributed,400.0,56,56,0.0,True,48.797842961062145
HARV_012,HARV,vst_HARV_2023,2023,distributed,400.0,41,41,0.0,True,65.69954878603123
HARV_013,HARV,vst_HARV_2014,2014,distributed,400.0,13,13,0.0,True,284.5402203809422
HARV_013,HARV,vst_HARV_2015,2015,distributed,400.0,16,16,0.0,True,348.5708930518096
HARV_013,HARV,vst_HARV_2019,2019,distributed,400.0,13,13,0.0,True,318.7230837206768
HARV_013,HARV,vst_HARV_2023,2023,distributed,400.0,36,36,0.0,True,337.85341946204426
HARV_014,HARV,vst_HARV_2015,2015,distributed,400.0,31,31,0.0,True,346.6426374378324
HARV_014,HARV,vst_HARV_2019,2019,distributed,400.0,35,35,0.0,True,289.23124024339205
HARV_014,HARV,vst_HARV_2023,2023,distributed,400.0,50,50,0.0,True,261.9384382030681
HARV_015,HARV,vst_HARV_2019,2019,distributed,400.0,48,48,0.0,True,134.28431939566607
HARV_015,HARV,vst_HARV_2023,2023,distributed,400.0,44,44,0.0,True,154.17739835950655
HARV_016,HARV,vst_HARV_2015,2015,distributed,400.0,56,53,0.0535714285714286,True,120.33497625853077
HARV_016,HARV,vst_HARV_2019,2019,distributed,400.0,51,51,0.0,True,135.0531052497091
HARV_016,HARV,vst_HARV_2023,2023,distributed,400.0,47,47,0.0,True,146.78505737917678
HARV_017,HARV,vst_HARV_2019,2019,distributed,400.0,43,43,0.0,True,109.05254168461052
HARV_017,HARV,vst_HARV_2023,2023,distributed,400.0,41,41,0.0,True,116.2862779396979
HARV_020,HARV,vst_HARV_2015,2015,distributed,400.0,31,31,0.0,True,178.1559502269642
HARV_021,HARV,vst_HARV_2015,2015,distributed,400.0,31,30,0.032258064516129004,True,81.98132058068437
HARV_021,HARV,vst_HARV_2019,2019,distributed,400.0,16,16,0.0,True,99.51777064908073
HARV_021,HARV,vst_HARV_2023,2023,distributed,400.0,14,14,0.0,True,106.07762777000546
HARV_022,HARV,vst_HARV_2014,2014,distributed,400.0,58,58,0.0,True,319.56186863057746
HARV_022,HARV,vst_HARV_2015,2015,distributed,400.0,43,43,0.0,True,307.5581600993336
HARV_022,HARV,vst_HARV_2019,2019,distributed,400.0,48,48,0.0,True,324.7592774333314
HARV_022,HARV,vst_HARV_2023,2023,distributed,400.0,38,38,0.0,True,353.5192171948816
HARV_023,HARV,vst_HARV_2015,2015,distributed,400.0,103,102,0.009708737864077666,True,155.75591181891835
HARV_023,HARV,vst_HARV_2019,2019,distributed,400.0,74,74,0.0,True,148.31852345586464
HARV_023,HARV,vst_HARV_2023,2023,distributed,400.0,41,41,0.0,True,152.77540742627187
HARV_024,HARV,vst_HARV_2015,2015,distributed,400.0,34,32,0.05882352941176472,True,16.42842337858275
HARV_025,HARV,vst_HARV_2019,2019,distributed,400.0,34,34,0.0,True,351.7771609603062
HARV_025,HARV,vst_HARV_2023,2023,distributed,400.0,33,33,0.0,True,344.73717945468366
HARV_026,HARV,vst_HARV_2015,2015,distributed,400.0,26,26,0.0,True,243.6544891746321
HARV_026,HARV,vst_HARV_2019,2019,distributed,400.0,22,22,0.0,True,207.23305210804708
HARV_026,HARV,vst_HARV_2023,2023,distributed,400.0,27,27,0.0,True,219.15133054097194
HARV_027,HARV,vst_HARV_2014,2014,distributed,400.0,32,32,0.0,True,339.3630108121788
HARV_027,HARV,vst_HARV_2015,2015,distributed,400.0,31,31,0.0,True,349.8863129064362
HARV_027,HARV,vst_HARV_2019,2019,distributed,400.0,33,33,0.0,True,351.3108803055236
HARV_027,HARV,vst_HARV_2023,2023,distributed,400.0,27,27,0.0,True,362.1328576290272
HARV_033,HARV,vst_HARV_2015,2015,tower,800.0,59,59,0.0,True,201.87680852076556
HARV_033,HARV,vst_HARV_2016,2016,tower,800.0,62,62,0.0,True,201.3841880924651
HARV_033,HARV,vst_HARV_2017,2017,tower,800.0,64,64,0.0,True,202.32924891488952
HARV_033,HARV,vst_HARV_2018,2018,tower,800.0,67,67,0.0,True,203.25659056889603
HARV_033,HARV,vst_HARV_2019,2019,tower,800.0,71,71,0.0,True,207.76516105654034
HARV_033,HARV,vst_HARV_2020,2020,tower,800.0,74,74,0.0,True,210.1450275190316
HARV_033,HARV,vst_HARV_2021,2021,tower,800.0,74,74,0.0,True,213.80532893429532
HARV_033,HARV,vst_HARV_2022,2022,tower,800.0,74,74,0.0,True,207.03989351081424
HARV_033,HARV,vst_HARV_2023,2023,tower,800.0,73,73,0.0,True,219.46618055228853
HARV_033,HARV,vst_HARV_2024,2024,tower,800.0,72,72,0.0,True,223.19561164378126
HARV_033,HARV,vst_HARV_2025,2025,tower,800.0,75,75,0.0,True,222.0348921670614
HARV_034,HARV,vst_HARV_2015,2015,tower,800.0,77,75,0.025974025974025983,True,156.8611960227058
HARV_034,HARV,vst_HARV_2016,2016,tower,800.0,80,80,0.0,True,154.32906752049894
HARV_034,HARV,vst_HARV_2017,2017,tower,800.0,84,84,0.0,True,156.79629673113965
HARV_034,HARV,vst_HARV_2018,2018,tower,800.0,81,81,0.0,True,154.35194157584343
HARV_034,HARV,vst_HARV_2019,2019,tower,800.0,78,78,0.0,True,150.64028861372734
HARV_034,HARV,vst_HARV_2020,2020,tower,800.0,81,81,0.0,True,159.40618017945437
HARV_034,HARV,vst_HARV_2021,2021,tower,800.0,82,82,0.0,True,158.49924304622743
HARV_034,HARV,vst_HARV_2022,2022,tower,800.0,94,94,0.0,True,152.67488359172617
HARV_034,HARV,vst_HARV_2023,2023,tower,800.0,82,82,0.0,True,92.38705418047839
HARV_034,HARV,vst_HARV_2024,2024,tower,800.0,81,81,0.0,True,73.51861331498883
HARV_034,HARV,vst_HARV_2025,2025,tower,800.0,77,77,0.0,True,67.9431018886251
HARV_035,HARV,vst_HARV_2015,2015,tower,800.0,149,149,0.0,True,187.19490946803597
HARV_035,HARV,vst_HARV_2016,2016,tower,800.0,162,162,0.0,True,190.91864677208042
HARV_035,HARV,vst_HARV_2017,2017,tower,800.0,154,154,0.0,True,188.45617009701624
HARV_035,HARV,vst_HARV_2018,2018,tower,800.0,153,153,0.0,True,207.14325406913477
HARV_035,HARV,vst_HARV_2019,2019,tower,800.0,145,145,0.0,True,190.0296739341599
HARV_035,HARV,vst_HARV_2020,2020,tower,800.0,141,141,0.0,True,187.66239243289888
HARV_035,HARV,vst_HARV_2025,2025,tower,800.0,118,118,0.0,True,188.98019824506963
HARV_036,HARV,vst_HARV_2015,2015,tower,800.0,54,54,0.0,True,214.21028930577447
HARV_036,HARV,vst_HARV_2016,2016,tower,800.0,52,52,0.0,True,215.60603877940764
HARV_036,HARV,vst_HARV_2017,2017,tower,800.0,50,50,0.0,True,215.79383083967926
HARV_036,HARV,vst_HARV_2018,2018,tower,800.0,47,47,0.0,True,212.03790813714434
HARV_036,HARV,vst_HARV_2019,2019,tower,800.0,45,45,0.0,True,215.7456006050881
HARV_036,HARV,vst_HARV_2020,2020,tower,800.0,44,44,0.0,True,203.7535903542925
HARV_036,HARV,vst_HARV_2025,2025,tower,800.0,47,47,0.0,True,209.62955747417294
HARV_037,HARV,vst_HARV_2015,2015,tower,800.0,56,56,0.0,True,238.78248521446977
HARV_037,HARV,vst_HARV_2016,2016,tower,800.0,56,56,0.0,True,245.08589016777006
HARV_037,HARV,vst_HARV_2017,2017,tower,800.0,55,55,0.0,True,249.52792893221738
HARV_037,HARV,vst_HARV_2018,2018,tower,800.0,55,55,0.0,True,248.53849252477036
HARV_037,HARV,vst_HARV_2019,2019,tower,800.0,55,55,0.0,True,251.68134243381343
HARV_037,HARV,vst_HARV_2020,2020,tower,800.0,53,53,0.0,True,250.0238493173966
HARV_037,HARV,vst_HARV_2025,2025,tower,800.0,63,63,0.0,True,242.94203830244714
HARV_038,HARV,vst_HARV_2015,2015,tower,800.0,127,127,0.0,True,266.09436378018347
HARV_038,HARV,vst_HARV_2016,2016,tower,800.0,129,129,0.0,True,275.83659243463126
HARV_038,HARV,vst_HARV_2017,2017,tower,800.0,126,126,0.0,True,279.793689194061
HARV_038,HARV,vst_HARV_2018,2018,tower,800.0,128,128,0.0,True,287.5468125247718
HARV_038,HARV,vst_HARV_2020,2020,tower,800.0,122,122,0.0,True,276.24729642531645
HARV_038,HARV,vst_HARV_2021,2021,tower,800.0,124,124,0.0,True,286.9089784927575
HARV_038,HARV,vst_HARV_2022,2022,tower,800.0,118,118,0.0,True,258.15829103788263
HARV_038,HARV,vst_HARV_2023,2023,tower,400.0,116,116,0.0,True,536.4920490384125
HARV_038,HARV,vst_HARV_2024,2024,tower,800.0,123,123,0.0,True,292.2221902383758
HARV_038,HARV,vst_HARV_2025,2025,tower,800.0,119,119,0.0,True,291.7292859286893
HARV_039,HARV,vst_HARV_2015,2015,tower,800.0,88,88,0.0,True,240.8543678475747
HARV_039,HARV,vst_HARV_2016,2016,tower,800.0,90,90,0.0,True,238.46951096718647
HARV_039,HARV,vst_HARV_2017,2017,tower,800.0,87,87,0.0,True,239.7098558676057
HARV_039,HARV,vst_HARV_2018,2018,tower,800.0,87,87,0.0,True,237.31133142529364
HARV_039,HARV,vst_HARV_2020,2020,tower,800.0,85,85,0.0,True,235.14804500593866
HARV_039,HARV,vst_HARV_2021,2021,tower,800.0,84,84,0.0,True,239.3796198269026
HARV_039,HARV,vst_HARV_2022,2022,tower,800.0,79,79,0.0,True,226.76410749786854
HARV_039,HARV,vst_HARV_2023,2023,tower,800.0,81,81,0.0,True,228.01984686720775
HARV_039,HARV,vst_HARV_2024,2024,tower,800.0,79,79,0.0,True,235.37929023177887
HARV_039,HARV,vst_HARV_2025,2025,tower,800.0,81,81,0.0,True,238.512528137076
HARV_040,HARV,vst_HARV_2015,2015,tower,800.0,51,48,0.05882352941176472,True,50.331482901443756
HARV_040,HARV,vst_HARV_2016,2016,tower,800.0,43,43,0.0,True,55.09490682724698
HARV_040,HARV,vst_HARV_2017,2017,tower,800.0,41,41,0.0,True,50.3144949450962
HARV_040,HARV,vst_HARV_2018,2018,tower,800.0,42,42,0.0,True,51.08107605213908
HARV_040,HARV,vst_HARV_2020,2020,tower,800.0,40,40,0.0,True,47.995840311490774
HARV_040,HARV,vst_HARV_2021,2021,tower,800.0,42,42,0.0,True,52.08539702763023
HARV_040,HARV,vst_HARV_2022,2022,tower,800.0,42,42,0.0,True,50.82934581789728
HARV_040,HARV,vst_HARV_2023,2023,tower,800.0,42,42,0.0,True,51.024819203338296
HARV_040,HARV,vst_HARV_2024,2024,tower,800.0,41,40,0.024390243902439046,True,49.673667324518036
HARV_040,HARV,vst_HARV_2025,2025,tower,800.0,40,40,0.0,True,46.530402575128136
HARV_041,HARV,vst_HARV_2015,2015,tower,800.0,87,87,0.0,True,235.70773130722782
HARV_041,HARV,vst_HARV_2016,2016,tower,800.0,77,77,0.0,True,244.88642023884285
HARV_041,HARV,vst_HARV_2017,2017,tower,800.0,74,74,0.0,True,245.93733861281333
HARV_041,HARV,vst_HARV_2018,2018,tower,800.0,73,73,0.0,True,241.140030203006
HARV_041,HARV,vst_HARV_2020,2020,tower,800.0,72,72,0.0,True,239.10753188886167
HARV_041,HARV,vst_HARV_2025,2025,tower,800.0,50,50,0.0,True,241.40746401686556
HARV_042,HARV,vst_HARV_2015,2015,tower,800.0,71,69,0.028169014084507005,True,202.15716625751674
HARV_042,HARV,vst_HARV_2016,2016,tower,800.0,70,70,0.0,True,228.49872846162228
HARV_042,HARV,vst_HARV_2017,2017,tower,800.0,69,69,0.0,True,234.6738510433174
HARV_042,HARV,vst_HARV_2018,2018,tower,800.0,67,67,0.0,True,232.17318573185142
HARV_042,HARV,vst_HARV_2020,2020,tower,800.0,64,64,0.0,True,233.42769293370154
HARV_042,HARV,vst_HARV_2025,2025,tower,800.0,54,54,0.0,True,233.25662313336642
HARV_043,HARV,vst_HARV_2015,2015,tower,800.0,75,75,0.0,True,240.86763072741908
HARV_043,HARV,vst_HARV_2016,2016,tower,800.0,67,67,0.0,True,241.38543554535053
HARV_043,HARV,vst_HARV_2017,2017,tower,800.0,64,64,0.0,True,247.9545143360211
HARV_043,HARV,vst_HARV_2018,2018,tower,800.0,64,64,0.0,True,241.7275100328267
HARV_043,HARV,vst_HARV_2020,2020,tower,800.0,61,61,0.0,True,247.27924057874094
HARV_043,HARV,vst_HARV_2025,2025,tower,800.0,50,50,0.0,True,243.98280633254942
HARV_044,HARV,vst_HARV_2015,2015,tower,800.0,84,75,0.1071428571428571,False,169.71820205376326
HARV_044,HARV,vst_HARV_2016,2016,tower,800.0,80,80,0.0,True,192.15060721172824
HARV_044,HARV,vst_HARV_2017,2017,tower,800.0,78,78,0.0,True,197.21869705529608
HARV_044,HARV,vst_HARV_2018,2018,tower,800.0,83,83,0.0,True,202.03214680902838
HARV_044,HARV,vst_HARV_2020,2020,tower,800.0,73,73,0.0,True,187.9921606388487
HARV_044,HARV,vst_HARV_2025,2025,tower,800.0,66,66,0.0,True,189.32491919605226
HARV_045,HARV,vst_HARV_2015,2015,tower,800.0,93,93,0.0,True,230.0137551041996
HARV_045,HARV,vst_HARV_2016,2016,tower,800.0,105,105,0.0,True,253.02010669034578
HARV_045,HARV,vst_HARV_2017,2017,tower,800.0,101,101,0.0,True,223.1547577016936
HARV_045,HARV,vst_HARV_2018,2018,tower,800.0,99,99,0.0,True,242.78054792640864
HARV_045,HARV,vst_HARV_2020,2020,tower,800.0,101,101,0.0,True,251.10433062104178
HARV_045,HARV,vst_HARV_2025,2025,tower,800.0,67,67,0.0,True,252.68209628476046
HARV_046,HARV,vst_HARV_2015,2015,tower,800.0,102,98,0.039215686274509776,True,167.8894024965795
HARV_046,HARV,vst_HARV_2016,2016,tower,800.0,86,86,0.0,True,166.33951530982853
HARV_046,HARV,vst_HARV_2017,2017,tower,800.0,86,86,0.0,True,168.4562292801218
HARV_046,HARV,vst_HARV_2018,2018,tower,800.0,88,88,0.0,True,173.90315990145098
HARV_046,HARV,vst_HARV_2020,2020,tower,800.0,79,79,0.0,True,166.292441281953
HARV_046,HARV,vst_HARV_2025,2025,tower,800.0,68,68,0.0,True,153.36019695045542
HARV_047,HARV,vst_HARV_2015,2015,tower,800.0,102,100,0.019607843137254943,True,109.73350336138812
HARV_047,HARV,vst_HARV_2016,2016,tower,800.0,122,122,0.0,True,125.4616175728649
HARV_047,HARV,vst_HARV_2017,2017,tower,800.0,115,115,0.0,True,127.82908626955627
HARV_047,HARV,vst_HARV_2018,2018,tower,800.0,119,119,0.0,True,127.65565078599047
HARV_047,HARV,vst_HARV_2020,2020,tower,800.0,108,108,0.0,True,129.37404004187664
HARV_047,HARV,vst_HARV_2025,2025,tower,800.0,99,99,0.0,True,147.5880007044267
HARV_048,HARV,vst_HARV_2015,2015,tower,800.0,117,117,0.0,True,214.83459462219366
HARV_048,HARV,vst_HARV_2016,2016,tower,800.0,119,119,0.0,True,218.4803570340712
HARV_048,HARV,vst_HARV_2017,2017,tower,800.0,120,120,0.0,True,222.87862593172258
HARV_048,HARV,vst_HARV_2018,2018,tower,800.0,123,123,0.0,True,226.06403241830355
HARV_048,HARV,vst_HARV_2020,2020,tower,800.0,112,112,0.0,True,220.26314603844864
HARV_048,HARV,vst_HARV_2025,2025,tower,800.0,95,95,0.0,True,214.83145656525582
HARV_049,HARV,vst_HARV_2015,2015,tower,800.0,121,119,0.016528925619834656,True,207.49683143681975
HARV_049,HARV,vst_HARV_2016,2016,tower,800.0,120,120,0.0,True,215.60069982860344
HARV_049,HARV,vst_HARV_2017,2017,tower,800.0,113,112,0.008849557522123908,True,214.16779235072264
HARV_049,HARV,vst_HARV_2018,2018,tower,800.0,112,112,0.0,True,217.01426459354352
HARV_049,HARV,vst_HARV_2020,2020,tower,800.0,98,98,0.0,True,195.12123049907632
HARV_049,HARV,vst_HARV_2025,2025,tower,800.0,57,57,0.0,True,192.58150562804056
HARV_050,HARV,vst_HARV_2015,2015,tower,800.0,131,131,0.0,True,278.94980100716225
HARV_050,HARV,vst_HARV_2016,2016,tower,800.0,133,133,0.0,True,277.5200551096356
HARV_050,HARV,vst_HARV_2017,2017,tower,800.0,128,128,0.0,True,265.50337503884595
HARV_050,HARV,vst_HARV_2018,2018,tower,800.0,125,125,0.0,True,266.6642879349255
HARV_050,HARV,vst_HARV_2020,2020,tower,800.0,115,115,0.0,True,260.3723701915684
HARV_050,HARV,vst_HARV_2025,2025,tower,800.0,90,90,0.0,True,234.51116883713942
HARV_051,HARV,vst_HARV_2015,2015,tower,800.0,123,122,0.008130081300813052,True,274.979511394811
HARV_051,HARV,vst_HARV_2016,2016,tower,800.0,95,95,0.0,True,228.0909927423388
HARV_051,HARV,vst_HARV_2017,2017,tower,800.0,97,97,0.0,True,269.89562913472673
HARV_051,HARV,vst_HARV_2018,2018,tower,800.0,98,98,0.0,True,268.9452788031638
HARV_051,HARV,vst_HARV_2020,2020,tower,800.0,90,90,0.0,True,271.4162583824448
HARV_051,HARV,vst_HARV_2025,2025,tower,800.0,74,74,0.0,True,240.2328087523628
HARV_052,HARV,vst_HARV_2015,2015,tower,800.0,80,80,0.0,True,279.8463656361831
HARV_052,HARV,vst_HARV_2016,2016,tower,800.0,83,83,0.0,True,292.4151766156566
HARV_052,HARV,vst_HARV_2017,2017,tower,800.0,82,82,0.0,True,297.1902000361225
HARV_052,HARV,vst_HARV_2018,2018,tower,800.0,74,74,0.0,True,276.53570873754904
HARV_052,HARV,vst_HARV_2020,2020,tower,800.0,73,73,0.0,True,275.2667436097533
HARV_052,HARV,vst_HARV_2025,2025,tower,800.0,64,64,0.0,True,255.00825162052263
HEAL_004,HEAL,vst_HEAL_2016,2016,distributed,400.0,1,1,0.0,True,2.9676440448229293
HEAL_010,HEAL,vst_HEAL_2015,2015,distributed,400.0,7,7,0.0,True,0.33343296074242285
HEAL_010,HEAL,vst_HEAL_2016,2016,distributed,400.0,1,1,0.0,True,0.008797215550467143
HEAL_010,HEAL,vst_HEAL_2021,2021,distributed,400.0,1,1,0.0,True,0.018435880817991794
HEAL_014,HEAL,vst_HEAL_2015,2015,distributed,400.0,2,2,0.0,True,2.361532674714387
HEAL_014,HEAL,vst_HEAL_2016,2016,distributed,400.0,2,2,0.0,True,2.5038266701308984
HEAL_014,HEAL,vst_HEAL_2021,2021,distributed,400.0,2,2,0.0,True,3.4554231955021435
HEAL_015,HEAL,vst_HEAL_2016,2016,distributed,400.0,13,13,0.0,True,1.8665337345440534
HEAL_015,HEAL,vst_HEAL_2021,2021,distributed,400.0,2,2,0.0,True,0.3325623762235846
HEAL_016,HEAL,vst_HEAL_2016,2016,distributed,400.0,4,4,0.0,True,0.13153885211526148
HEAL_016,HEAL,vst_HEAL_2021,2021,distributed,400.0,4,4,0.0,True,0.18017946965725434
HEAL_017,HEAL,vst_HEAL_2016,2016,distributed,400.0,3,3,0.0,True,0.6345399209222936
HEAL_017,HEAL,vst_HEAL_2021,2021,distributed,400.0,3,3,0.0,True,0.8749812390075762
HEAL_020,HEAL,vst_HEAL_2016,2016,distributed,400.0,1,1,0.0,True,2.0743132036058545
HEAL_020,HEAL,vst_HEAL_2021,2021,distributed,400.0,3,3,0.0,True,5.001299615966033
HEAL_021,HEAL,vst_HEAL_2015,2015,distributed,400.0,8,8,0.0,True,1.0284081018831723
HEAL_022,HEAL,vst_HEAL_2015,2015,distributed,400.0,1,1,0.0,True,0.018435880817991794
HEAL_022,HEAL,vst_HEAL_2016,2016,distributed,400.0,1,1,0.0,True,0.024811173156868493
HEAL_022,HEAL,vst_HEAL_2021,2021,distributed,400.0,1,1,0.0,True,0.11293824749117477
HEAL_023,HEAL,vst_HEAL_2015,2015,distributed,400.0,8,8,0.0,True,2.6701394750483116
HEAL_023,HEAL,vst_HEAL_2021,2021,distributed,400.0,2,2,0.0,True,2.4553577476130015
HEAL_024,HEAL,vst_HEAL_2021,2021,distributed,400.0,2,2,0.0,True,0.01801690982235096
HEAL_025,HEAL,vst_HEAL_2016,2016,distributed,400.0,27,27,0.0,True,96.45189983161637
HEAL_025,HEAL,vst_HEAL_2021,2021,distributed,400.0,30,30,0.0,True,107.33985486448671
HEAL_026,HEAL,vst_HEAL_2016,2016,distributed,400.0,66,66,0.0,True,15.853046468421697
HEAL_047,HEAL,vst_HEAL_2015,2015,tower,400.0,2,2,0.0,True,2.0951175064685272
HEAL_047,HEAL,vst_HEAL_2016,2016,tower,400.0,2,2,0.0,True,2.3072778328344397
HEAL_047,HEAL,vst_HEAL_2020,2020,tower,400.0,2,2,0.0,True,2.76217995577139
HEAL_047,HEAL,vst_HEAL_2021,2021,tower,400.0,2,2,0.0,True,2.874668098563864
HEAL_047,HEAL,vst_HEAL_2022,2022,tower,400.0,2,2,0.0,True,3.037609099435558
HEAL_047,HEAL,vst_HEAL_2023,2023,tower,400.0,2,2,0.0,True,3.2555581074239983
HEAL_047,HEAL,vst_HEAL_2024,2024,tower,400.0,2,2,0.0,True,3.407094643938444
HEAL_047,HEAL,vst_HEAL_2025,2025,tower,400.0,2,2,0.0,True,3.5344615005679403
HEAL_051,HEAL,vst_HEAL_2015,2015,tower,400.0,1,1,0.0,True,0.9864000194259399
HEAL_051,HEAL,vst_HEAL_2016,2016,tower,400.0,1,1,0.0,True,1.1027935059937781
HEAL_051,HEAL,vst_HEAL_2020,2020,tower,400.0,1,1,0.0,True,1.143241202176828
HEAL_051,HEAL,vst_HEAL_2021,2021,tower,400.0,1,1,0.0,True,1.1845208017334563
HEAL_051,HEAL,vst_HEAL_2022,2022,tower,400.0,1,1,0.0,True,1.2480090132529897
HEAL_051,HEAL,vst_HEAL_2023,2023,tower,400.0,1,1,0.0,True,1.2480090132529897
HEAL_051,HEAL,vst_HEAL_2024,2024,tower,400.0,1,1,0.0,True,1.291386289407154
HEAL_051,HEAL,vst_HEAL_2025,2025,tower,400.0,1,1,0.0,True,1.3580399402428194
HEAL_055,HEAL,vst_HEAL_2016,2016,tower,400.0,2,2,0.0,True,0.009402763729161446
HEAL_055,HEAL,vst_HEAL_2020,2020,tower,400.0,3,3,0.0,True,0.16147990430113796
HEAL_056,HEAL,vst_HEAL_2015,2015,tower,400.0,1,1,0.0,True,0.014773937806858957
HEAL_056,HEAL,vst_HEAL_2016,2016,tower,400.0,2,2,0.0,True,0.026249851961121024
HEAL_056,HEAL,vst_HEAL_2020,2020,tower,400.0,2,2,0.0,True,0.08871390531390033
HEAL_057,HEAL,vst_HEAL_2020,2020,tower,400.0,1,1,0.0,True,0.650719852455482
HEAL_059,HEAL,vst_HEAL_2015,2015,tower,400.0,4,4,0.0,True,1.320141647052883
HEAL_059,HEAL,vst_HEAL_2016,2016,tower,400.0,2,2,0.0,True,0.3635743196052273
HEAL_059,HEAL,vst_HEAL_2020,2020,tower,400.0,2,2,0.0,True,0.44665129078667243
HEAL_061,HEAL,vst_HEAL_2015,2015,tower,400.0,1,1,0.0,True,0.6214601385607775
HEAL_061,HEAL,vst_HEAL_2020,2020,tower,400.0,1,1,0.0,True,0.8425977956982147
HEAL_062,HEAL,vst_HEAL_2015,2015,tower,400.0,2,2,0.0,True,0.08425640379854438
HEAL_066,HEAL,vst_HEAL_2015,2015,tower,400.0,1,1,0.0,True,1.1637767557545822
HEAL_066,HEAL,vst_HEAL_2016,2016,tower,400.0,1,1,0.0,True,1.313391976836907
HEAL_066,HEAL,vst_HEAL_2020,2020,tower,400.0,2,2,0.0,True,2.210829375755291
HEAL_066,HEAL,vst_HEAL_2021,2021,tower,400.0,2,2,0.0,True,2.314991860073711
HEAL_066,HEAL,vst_HEAL_2022,2022,tower,400.0,2,2,0.0,True,2.421895366868116
HEAL_066,HEAL,vst_HEAL_2023,2023,tower,400.0,2,2,0.0,True,2.531557182758047
HEAL_066,HEAL,vst_HEAL_2024,2024,tower,400.0,2,2,0.0,True,2.738891422202397
HEAL_066,HEAL,vst_HEAL_2025,2025,tower,400.0,2,2,0.0,True,2.7256746471961337
HEAL_068,HEAL,vst_HEAL_2015,2015,tower,400.0,1,1,0.0,True,0.6656378385465563
HEAL_068,HEAL,vst_HEAL_2016,2016,tower,400.0,1,1,0.0,True,0.7431332419319674
HEAL_068,HEAL,vst_HEAL_2020,2020,tower,400.0,1,1,0.0,True,1.1229136251155816
HEAL_073,HEAL,vst_HEAL_2015,2015,tower,400.0,3,3,0.0,True,1.5303076588936972
HEAL_073,HEAL,vst_HEAL_2016,2016,tower,400.0,4,4,0.0,True,1.7418814964211808
HEAL_073,HEAL,vst_HEAL_2020,2020,tower,400.0,1,1,0.0,True,1.4733962396406772
HEAL_073,HEAL,vst_HEAL_2021,2021,tower,400.0,1,1,0.0,True,1.6189387535945623
HEAL_073,HEAL,vst_HEAL_2022,2022,tower,400.0,1,1,0.0,True,1.5941386804280095
HEAL_073,HEAL,vst_HEAL_2023,2023,tower,400.0,1,1,0.0,True,1.9336984042977667
HEAL_073,HEAL,vst_HEAL_2024,2024,tower,400.0,2,2,0.0,True,1.8608153430925234
HEAL_073,HEAL,vst_HEAL_2025,2025,tower,400.0,2,2,0.0,True,1.8621459308091788
JERC_001,JERC,vst_JERC_2020,2020,distributed,400.0,9,9,0.0,True,110.16027845048694
JERC_002,JERC,vst_JERC_2020,2020,distributed,400.0,4,4,0.0,True,56.46252161994908
JERC_003,JERC,vst_JERC_2020,2020,distributed,400.0,70,66,0.05714285714285716,True,167.5104441294587
JERC_005,JERC,vst_JERC_2020,2020,distributed,400.0,4,4,0.0,True,61.585037436193
JERC_006,JERC,vst_JERC_2020,2020,distributed,400.0,1,1,0.0,True,0.005982311276835935
JERC_007,JERC,vst_JERC_2020,2020,distributed,400.0,4,4,0.0,True,57.22872625661276
JERC_009,JERC,vst_JERC_2020,2020,distributed,400.0,5,5,0.0,True,29.295419975625684
JERC_010,JERC,vst_JERC_2020,2020,distributed,400.0,17,17,0.0,True,89.84832714037455
JERC_011,JERC,vst_JERC_2020,2020,distributed,400.0,7,7,0.0,True,171.18345109044293
JERC_016,JERC,vst_JERC_2020,2020,distributed,400.0,16,16,0.0,True,50.180130159051075
JERC_047,JERC,vst_JERC_2015,2015,tower,800.0,38,36,0.052631578947368474,True,86.54949901615237
JERC_047,JERC,vst_JERC_2016,2016,tower,800.0,43,40,0.06976744186046513,True,93.97813135974665
JERC_047,JERC,vst_JERC_2017,2017,tower,800.0,47,45,0.04255319148936165,True,92.44918312534513
JERC_047,JERC,vst_JERC_2018,2018,tower,800.0,32,31,0.03125,True,85.55791684277767
JERC_047,JERC,vst_JERC_2019,2019,tower,800.0,23,23,0.0,True,68.27321694062216
JERC_047,JERC,vst_JERC_2020,2020,tower,800.0,30,30,0.0,True,64.89475929000652
JERC_047,JERC,vst_JERC_2021,2021,tower,800.0,36,36,0.0,True,68.20030237073918
JERC_047,JERC,vst_JERC_2022,2022,tower,800.0,41,41,0.0,True,67.41153827443352
JERC_047,JERC,vst_JERC_2023,2023,tower,800.0,42,42,0.0,True,63.643020312950604
JERC_047,JERC,vst_JERC_2024,2024,tower,800.0,46,46,0.0,True,65.62493127235066
JERC_048,JERC,vst_JERC_2015,2015,tower,800.0,7,7,0.0,True,67.36153449131454
JERC_048,JERC,vst_JERC_2016,2016,tower,800.0,7,7,0.0,True,66.90045647482486
JERC_048,JERC,vst_JERC_2017,2017,tower,800.0,7,7,0.0,True,68.49521956872563
JERC_048,JERC,vst_JERC_2018,2018,tower,800.0,7,7,0.0,True,69.74587952698722
JERC_048,JERC,vst_JERC_2019,2019,tower,400.0,7,7,0.0,True,146.42401926358397
JERC_048,JERC,vst_JERC_2020,2020,tower,800.0,8,8,0.0,True,72.76743755449623
JERC_048,JERC,vst_JERC_2021,2021,tower,800.0,24,24,0.0,True,74.48089789756608
JERC_048,JERC,vst_JERC_2022,2022,tower,800.0,30,30,0.0,True,74.1365155147955
JERC_048,JERC,vst_JERC_2023,2023,tower,800.0,7,7,0.0,True,75.64943378380737
JERC_048,JERC,vst_JERC_2024,2024,tower,800.0,8,8,0.0,True,69.22421747092056
JERC_049,JERC,vst_JERC_2015,2015,tower,800.0,18,17,0.05555555555555558,True,105.42130931747218
JERC_049,JERC,vst_JERC_2016,2016,tower,800.0,23,23,0.0,True,109.73868128677178
JERC_049,JERC,vst_JERC_2017,2017,tower,800.0,15,15,0.0,True,108.23071599651814
JERC_049,JERC,vst_JERC_2018,2018,tower,800.0,21,21,0.0,True,109.25447458212271
JERC_049,JERC,vst_JERC_2019,2019,tower,800.0,16,16,0.0,True,113.4174044300228
JERC_049,JERC,vst_JERC_2020,2020,tower,800.0,28,28,0.0,True,113.21221459219228
JERC_049,JERC,vst_JERC_2021,2021,tower,800.0,36,36,0.0,True,119.43846493934547
JERC_049,JERC,vst_JERC_2022,2022,tower,800.0,45,45,0.0,True,120.46578737519624
JERC_049,JERC,vst_JERC_2023,2023,tower,800.0,33,33,0.0,True,125.21192047088832
JERC_050,JERC,vst_JERC_2015,2015,tower,800.0,61,55,0.09836065573770492,True,73.99961908257161
JERC_050,JERC,vst_JERC_2016,2016,tower,800.0,64,57,0.109375,False,88.61412909732591
JERC_050,JERC,vst_JERC_2017,2017,tower,800.0,46,46,0.0,True,89.87332978678238
JERC_050,JERC,vst_JERC_2018,2018,tower,800.0,47,46,0.021276595744680882,True,89.8438437315612
JERC_050,JERC,vst_JERC_2019,2019,tower,800.0,43,43,0.0,True,95.03269725190492
JERC_050,JERC,vst_JERC_2020,2020,tower,800.0,35,35,0.0,True,95.60481288352067
JERC_050,JERC,vst_JERC_2021,2021,tower,800.0,34,34,0.0,True,98.6113848446346
JERC_050,JERC,vst_JERC_2022,2022,tower,800.0,35,35,0.0,True,99.39957230266945
JERC_050,JERC,vst_JERC_2023,2023,tower,800.0,31,31,0.0,True,103.42380616078015
JERC_050,JERC,vst_JERC_2024,2024,tower,800.0,28,28,0.0,True,100.60625994850596
JERC_051,JERC,vst_JERC_2015,2015,tower,800.0,36,32,0.11111111111111116,False,32.41236694201322
JERC_051,JERC,vst_JERC_2016,2016,tower,800.0,41,40,0.024390243902439046,True,57.974336029983476
JERC_051,JERC,vst_JERC_2018,2018,tower,800.0,25,25,0.0,True,60.65904232263388
JERC_051,JERC,vst_JERC_2019,2019,tower,800.0,27,27,0.0,True,63.246083950894494
JERC_051,JERC,vst_JERC_2020,2020,tower,800.0,22,22,0.0,True,49.207874646715034
JERC_051,JERC,vst_JERC_2021,2021,tower,800.0,26,26,0.0,True,50.89485452769551
JERC_051,JERC,vst_JERC_2022,2022,tower,800.0,24,24,0.0,True,52.75100122783831
JERC_051,JERC,vst_JERC_2023,2023,tower,800.0,25,25,0.0,True,54.4365050984862
JERC_051,JERC,vst_JERC_2024,2024,tower,800.0,27,27,0.0,True,57.04223336798565
JERC_052,JERC,vst_JERC_2015,2015,tower,800.0,4,4,0.0,True,42.20561576698869
JERC_052,JERC,vst_JERC_2016,2016,tower,800.0,9,9,0.0,True,35.53532528455882
JERC_052,JERC,vst_JERC_2017,2017,tower,800.0,3,3,0.0,True,43.54345779004795
JERC_052,JERC,vst_JERC_2019,2019,tower,800.0,5,5,0.0,True,46.9257864425734
JERC_052,JERC,vst_JERC_2022,2022,tower,800.0,8,8,0.0,True,50.23880284724942
JERC_053,JERC,vst_JERC_2015,2015,tower,800.0,30,30,0.0,True,96.77622032580045
JERC_053,JERC,vst_JERC_2016,2016,tower,800.0,35,35,0.0,True,96.62439567169454
JERC_053,JERC,vst_JERC_2019,2019,tower,800.0,22,22,0.0,True,76.14494109226418
JERC_053,JERC,vst_JERC_2022,2022,tower,800.0,25,25,0.0,True,83.99689228997073
JERC_054,JERC,vst_JERC_2015,2015,tower,800.0,39,36,0.07692307692307687,True,70.99707725711123
JERC_054,JERC,vst_JERC_2016,2016,tower,800.0,62,55,0.11290322580645162,False,126.73782739525801
JERC_054,JERC,vst_JERC_2019,2019,tower,800.0,48,48,0.0,True,128.70405833869353
JERC_054,JERC,vst_JERC_2022,2022,tower,800.0,50,50,0.0,True,136.11034343546584
JERC_055,JERC,vst_JERC_2016,2016,tower,800.0,14,14,0.0,True,0.028742818192575886
JERC_055,JERC,vst_JERC_2022,2022,tower,800.0,59,58,0.016949152542372836,True,1.1851618852541173
JERC_056,JERC,vst_JERC_2015,2015,tower,800.0,3,3,0.0,True,47.729611881020034
JERC_056,JERC,vst_JERC_2016,2016,tower,800.0,20,20,0.0,True,48.129026891399114
JERC_056,JERC,vst_JERC_2017,2017,tower,800.0,1,1,0.0,True,48.91051827458326
JERC_056,JERC,vst_JERC_2019,2019,tower,800.0,11,11,0.0,True,54.52989199544348
JERC_056,JERC,vst_JERC_2022,2022,tower,800.0,37,37,0.0,True,57.045144476237994
JERC_057,JERC,vst_JERC_2015,2015,tower,800.0,56,51,0.0892857142857143,True,32.30859508526952
JERC_057,JERC,vst_JERC_2016,2016,tower,800.0,66,63,0.045454545454545414,True,36.606243930040854
JERC_057,JERC,vst_JERC_2017,2017,tower,800.0,80,80,0.0,True,38.79440211930426
JERC_057,JERC,vst_JERC_2022,2022,tower,800.0,75,75,0.0,True,47.31555506195892
JERC_058,JERC,vst_JERC_2015,2015,tower,800.0,1,1,0.0,True,23.759072134944766
JERC_058,JERC,vst_JERC_2016,2016,tower,800.0,16,14,0.125,False,63.29476172192746
JERC_059,JERC,vst_JERC_2015,2015,tower,800.0,5,5,0.0,True,71.03213588296308
JERC_059,JERC,vst_JERC_2016,2016,tower,800.0,8,8,0.0,True,103.93895069854457
JERC_059,JERC,vst_JERC_2017,2017,tower,800.0,19,19,0.0,True,103.87384182944672
JERC_060,JERC,vst_JERC_2015,2015,tower,800.0,23,18,0.21739130434782605,False,56.35577592724802
JERC_060,JERC,vst_JERC_2016,2016,tower,800.0,28,28,0.0,True,55.58075943302445
JERC_061,JERC,vst_JERC_2015,2015,tower,800.0,7,7,0.0,True,64.20675148590105
JERC_061,JERC,vst_JERC_2016,2016,tower,800.0,9,9,0.0,True,89.44623663783841
JERC_061,JERC,vst_JERC_2017,2017,tower,800.0,9,9,0.0,True,91.70872520954298
JERC_062,JERC,vst_JERC_2015,2015,tower,800.0,13,13,0.0,True,142.19266255991081
JERC_062,JERC,vst_JERC_2016,2016,tower,800.0,13,13,0.0,True,86.20556379853515
JERC_063,JERC,vst_JERC_2015,2015,tower,800.0,5,5,0.0,True,46.23562734433648
JERC_063,JERC,vst_JERC_2016,2016,tower,800.0,16,15,0.0625,True,55.624209949624046
JERC_063,JERC,vst_JERC_2017,2017,tower,800.0,7,7,0.0,True,61.208736877810864
JERC_064,JERC,vst_JERC_2016,2016,tower,800.0,16,16,0.0,True,129.32827965900023
JERC_064,JERC,vst_JERC_2017,2017,tower,800.0,20,20,0.0,True,124.81389881762333
JERC_065,JERC,vst_JERC_2015,2015,tower,800.0,8,8,0.0,True,112.1669754714296
JERC_065,JERC,vst_JERC_2016,2016,tower,800.0,7,7,0.0,True,110.67516267296912
JERC_065,JERC,vst_JERC_2017,2017,tower,800.0,7,7,0.0,True,100.46820348645153
JERC_066,JERC,vst_JERC_2016,2016,tower,800.0,11,10,0.09090909090909094,True,65.89070831042648
JERC_066,JERC,vst_JERC_2017,2017,tower,800.0,5,5,0.0,True,69.05662179348619
KONZ_024,KONZ,vst_KONZ_2018,2018,distributed,400.0,3,2,0.33333333333333337,False,45.77231467095383
KONZ_025,KONZ,vst_KONZ_2018,2018,distributed,400.0,19,18,0.052631578947368474,True,83.11903617509331
KONZ_046,KONZ,vst_KONZ_2015,2015,tower,400.0,10,10,0.0,True,0.05606906045650295
KONZ_049,KONZ,vst_KONZ_2015,2015,tower,400.0,15,14,0.06666666666666665,True,0.4108248232254811
KONZ_049,KONZ,vst_KONZ_2016,2016,tower,400.0,2,1,0.5,False,0.0032321487666505705
KONZ_053,KONZ,vst_KONZ_2015,2015,tower,400.0,8,8,0.0,True,4.211396258144279
KONZ_053,KONZ,vst_KONZ_2016,2016,tower,400.0,2,2,0.0,True,1.5459286970300155
KONZ_053,KONZ,vst_KONZ_2017,2017,tower,400.0,1,1,0.0,True,0.25014998782261544
KONZ_053,KONZ,vst_KONZ_2018,2018,tower,400.0,1,1,0.0,True,0.31567488472545346
KONZ_053,KONZ,vst_KONZ_2019,2019,tower,400.0,1,1,0.0,True,0.39037491949870406
KONZ_059,KONZ,vst_KONZ_2015,2015,tower,400.0,8,6,0.25,False,0.057852685903257185
KONZ_059,KONZ,vst_KONZ_2016,2016,tower,400.0,2,2,0.0,True,1.7571075714361397
KONZ_061,KONZ,vst_KONZ_2015,2015,tower,400.0,12,10,0.16666666666666663,False,26.287169336155234
KONZ_061,KONZ,vst_KONZ_2016,2016,tower,400.0,17,17,0.0,True,29.977462871151072
KONZ_061,KONZ,vst_KONZ_2017,2017,tower,400.0,18,18,0.0,True,30.158968171317884
KONZ_061,KONZ,vst_KONZ_2018,2018,tower,400.0,21,21,0.0,True,31.977743135508906
KONZ_061,KONZ,vst_KONZ_2019,2019,tower,400.0,19,19,0.0,True,27.14913631910103
KONZ_061,KONZ,vst_KONZ_2021,2021,tower,400.0,28,20,0.2857142857142857,False,35.077914443907616
KONZ_061,KONZ,vst_KONZ_2022,2022,tower,400.0,17,17,0.0,True,40.50962270844286
KONZ_061,KONZ,vst_KONZ_2023,2023,tower,400.0,17,17,0.0,True,40.727855905683114
KONZ_061,KONZ,vst_KONZ_2024,2024,tower,400.0,22,22,0.0,True,46.917897643776314
KONZ_063,KONZ,vst_KONZ_2015,2015,tower,400.0,6,5,0.16666666666666663,False,0.04915606915810317
KONZ_063,KONZ,vst_KONZ_2016,2016,tower,400.0,2,1,0.5,False,1.0143202662764335
KONZ_064,KONZ,vst_KONZ_2015,2015,tower,400.0,12,9,0.25,False,8.92742165000176
KONZ_064,KONZ,vst_KONZ_2016,2016,tower,400.0,12,12,0.0,True,6.857066399526615
KONZ_064,KONZ,vst_KONZ_2017,2017,tower,400.0,3,3,0.0,True,9.456913063649095
KONZ_064,KONZ,vst_KONZ_2018,2018,tower,400.0,3,3,0.0,True,9.656604424703753
KONZ_064,KONZ,vst_KONZ_2019,2019,tower,400.0,3,3,0.0,True,12.044338464389012
KONZ_067,KONZ,vst_KONZ_2015,2015,tower,400.0,8,6,0.25,False,0.07050186523960093
KONZ_069,KONZ,vst_KONZ_2015,2015,tower,400.0,16,12,0.25,False,9.38358186815906
KONZ_069,KONZ,vst_KONZ_2017,2017,tower,400.0,5,5,0.0,True,6.180244042388328
KONZ_069,KONZ,vst_KONZ_2018,2018,tower,400.0,5,5,0.0,True,6.697554399387441
KONZ_069,KONZ,vst_KONZ_2019,2019,tower,400.0,6,6,0.0,True,10.807811770224141
KONZ_071,KONZ,vst_KONZ_2018,2018,tower,400.0,2,2,0.0,True,0.007924022631909755
LAJA_018,LAJA,vst_LAJA_2024,2024,distributed,400.0,26,26,0.0,True,8.910927966513817
LENO_001,LENO,vst_LENO_2017,2017,distributed,400.0,43,40,0.06976744186046513,True,215.4332042078352
LENO_001,LENO,vst_LENO_2021,2021,distributed,400.0,44,41,0.06818181818181823,True,301.1667809923136
LENO_001,LENO,vst_LENO_2025,2025,distributed,400.0,35,33,0.05714285714285716,True,310.5950220928197
LENO_002,LENO,vst_LENO_2017,2017,distributed,400.0,21,21,0.0,True,217.01287965428583
LENO_002,LENO,vst_LENO_2021,2021,distributed,400.0,15,15,0.0,True,32.97341076697533
LENO_002,LENO,vst_LENO_2025,2025,distributed,400.0,19,19,0.0,True,35.7975045032656
LENO_003,LENO,vst_LENO_2017,2017,distributed,400.0,19,19,0.0,True,608.3360140998619
LENO_003,LENO,vst_LENO_2021,2021,distributed,400.0,17,17,0.0,True,353.04775636895386
LENO_003,LENO,vst_LENO_2025,2025,distributed,400.0,12,12,0.0,True,387.9506681653034
LENO_004,LENO,vst_LENO_2017,2017,distributed,400.0,46,46,0.0,True,139.7146876532731
LENO_004,LENO,vst_LENO_2021,2021,distributed,400.0,39,39,0.0,True,172.00164231281894
LENO_004,LENO,vst_LENO_2025,2025,distributed,400.0,34,34,0.0,True,198.06822289061668
LENO_005,LENO,vst_LENO_2017,2017,distributed,400.0,29,28,0.03448275862068961,True,209.98027470684204
LENO_005,LENO,vst_LENO_2021,2021,distributed,400.0,25,23,0.07999999999999996,True,256.9642967224603
LENO_005,LENO,vst_LENO_2025,2025,distributed,400.0,31,29,0.06451612903225812,True,219.18617630649106
LENO_006,LENO,vst_LENO_2017,2017,distributed,400.0,18,18,0.0,True,532.7889953778823
LENO_006,LENO,vst_LENO_2021,2021,distributed,400.0,17,17,0.0,True,580.3879161415755
LENO_006,LENO,vst_LENO_2025,2025,distributed,400.0,17,17,0.0,True,417.268007803643
LENO_007,LENO,vst_LENO_2017,2017,distributed,400.0,30,30,0.0,True,250.96690933688004
LENO_007,LENO,vst_LENO_2021,2021,distributed,400.0,21,21,0.0,True,190.5403622802293
LENO_007,LENO,vst_LENO_2025,2025,distributed,400.0,18,17,0.05555555555555558,True,195.4147056536146
LENO_008,LENO,vst_LENO_2017,2017,distributed,400.0,20,20,0.0,True,143.75461845226872
LENO_008,LENO,vst_LENO_2021,2021,distributed,400.0,18,18,0.0,True,185.0669738668526
LENO_008,LENO,vst_LENO_2025,2025,distributed,400.0,16,16,0.0,True,184.32784157385174
LENO_009,LENO,vst_LENO_2017,2017,distributed,400.0,22,22,0.0,True,569.8777886833419
LENO_009,LENO,vst_LENO_2021,2021,distributed,400.0,21,21,0.0,True,745.6451462052472
LENO_009,LENO,vst_LENO_2025,2025,distributed,400.0,19,19,0.0,True,784.4800315319329
LENO_010,LENO,vst_LENO_2017,2017,distributed,400.0,10,10,0.0,True,214.7953129877287
LENO_010,LENO,vst_LENO_2021,2021,distributed,400.0,13,13,0.0,True,229.57518591486868
LENO_010,LENO,vst_LENO_2025,2025,distributed,400.0,12,12,0.0,True,231.73370714116518
LENO_011,LENO,vst_LENO_2017,2017,distributed,400.0,32,32,0.0,True,962.1597075619858
LENO_011,LENO,vst_LENO_2021,2021,distributed,400.0,30,30,0.0,True,50.73920166591609
LENO_011,LENO,vst_LENO_2025,2025,distributed,400.0,28,28,0.0,True,60.23135643699747
LENO_012,LENO,vst_LENO_2017,2017,distributed,400.0,21,21,0.0,True,548.7608102711483
LENO_012,LENO,vst_LENO_2021,2021,distributed,400.0,30,30,0.0,True,564.0230371330348
LENO_012,LENO,vst_LENO_2025,2025,distributed,400.0,26,26,0.0,True,561.9765351259947
LENO_013,LENO,vst_LENO_2017,2017,distributed,400.0,16,16,0.0,True,249.2168957065151
LENO_013,LENO,vst_LENO_2021,2021,distributed,400.0,15,15,0.0,True,275.588024445141
LENO_013,LENO,vst_LENO_2025,2025,distributed,400.0,14,14,0.0,True,297.38243259622703
LENO_014,LENO,vst_LENO_2017,2017,distributed,400.0,25,25,0.0,True,187.4877718588034
LENO_014,LENO,vst_LENO_2021,2021,distributed,400.0,16,16,0.0,True,68.7796745090835
LENO_014,LENO,vst_LENO_2025,2025,distributed,400.0,12,12,0.0,True,68.46887369894392
LENO_015,LENO,vst_LENO_2017,2017,distributed,400.0,26,26,0.0,True,152.39722720275856
LENO_015,LENO,vst_LENO_2021,2021,distributed,400.0,23,23,0.0,True,208.24938975567827
LENO_015,LENO,vst_LENO_2025,2025,distributed,400.0,22,22,0.0,True,222.69692439389075
LENO_016,LENO,vst_LENO_2017,2017,distributed,400.0,33,33,0.0,True,216.97554525010756
LENO_016,LENO,vst_LENO_2021,2021,distributed,400.0,24,24,0.0,True,192.38868747562023
LENO_016,LENO,vst_LENO_2025,2025,distributed,400.0,19,19,0.0,True,137.17657546750706
LENO_017,LENO,vst_LENO_2017,2017,distributed,400.0,32,31,0.03125,True,284.7036763314947
LENO_017,LENO,vst_LENO_2021,2021,distributed,400.0,33,32,0.030303030303030276,True,313.1299562060392
LENO_017,LENO,vst_LENO_2025,2025,distributed,400.0,29,28,0.03448275862068961,True,281.90609425633994
LENO_018,LENO,vst_LENO_2017,2017,distributed,400.0,19,19,0.0,True,280.99992611844027
LENO_018,LENO,vst_LENO_2021,2021,distributed,400.0,17,17,0.0,True,337.128589670282
LENO_018,LENO,vst_LENO_2025,2025,distributed,400.0,17,17,0.0,True,351.84747361406147
LENO_019,LENO,vst_LENO_2021,2021,distributed,400.0,31,31,0.0,True,147.66079507873658
LENO_019,LENO,vst_LENO_2025,2025,distributed,400.0,37,37,0.0,True,150.40415630037475
LENO_021,LENO,vst_LENO_2017,2017,distributed,400.0,45,45,0.0,True,286.71133104049085
LENO_021,LENO,vst_LENO_2021,2021,distributed,400.0,37,37,0.0,True,355.8686506118981
LENO_021,LENO,vst_LENO_2025,2025,distributed,400.0,32,32,0.0,True,404.3484750741549
LENO_022,LENO,vst_LENO_2017,2017,distributed,400.0,26,26,0.0,True,675.3301899413788
LENO_061,LENO,vst_LENO_2015,2015,tower,800.0,45,45,0.0,True,253.04151793903418
LENO_061,LENO,vst_LENO_2016,2016,tower,800.0,54,54,0.0,True,323.14986150681386
LENO_061,LENO,vst_LENO_2017,2017,tower,800.0,47,47,0.0,True,203.7071409935124
LENO_061,LENO,vst_LENO_2018,2018,tower,800.0,49,49,0.0,True,210.83788147757886
LENO_061,LENO,vst_LENO_2019,2019,tower,800.0,50,50,0.0,True,208.4698186187129
LENO_061,LENO,vst_LENO_2021,2021,tower,800.0,49,49,0.0,True,224.92886170662052
LENO_061,LENO,vst_LENO_2022,2022,tower,800.0,50,50,0.0,True,226.89883906504144
LENO_061,LENO,vst_LENO_2023,2023,tower,800.0,48,48,0.0,True,232.16731286279207
LENO_061,LENO,vst_LENO_2024,2024,tower,800.0,44,44,0.0,True,238.2923796715909
LENO_061,LENO,vst_LENO_2025,2025,tower,800.0,42,42,0.0,True,240.78414454139792
LENO_062,LENO,vst_LENO_2015,2015,tower,800.0,65,65,0.0,True,231.49637189391913
LENO_062,LENO,vst_LENO_2016,2016,tower,800.0,67,67,0.0,True,248.03484526873007
LENO_062,LENO,vst_LENO_2017,2017,tower,800.0,55,55,0.0,True,248.60423005025044
LENO_062,LENO,vst_LENO_2018,2018,tower,800.0,58,58,0.0,True,251.93511059111023
LENO_062,LENO,vst_LENO_2019,2019,tower,800.0,58,58,0.0,True,251.27271747377216
LENO_062,LENO,vst_LENO_2021,2021,tower,800.0,51,51,0.0,True,252.5218146630011
LENO_062,LENO,vst_LENO_2022,2022,tower,800.0,53,53,0.0,True,262.9051826476976
LENO_062,LENO,vst_LENO_2023,2023,tower,800.0,52,52,0.0,True,267.0878856496537
LENO_062,LENO,vst_LENO_2024,2024,tower,400.0,53,52,0.018867924528301883,True,537.1427065372145
LENO_062,LENO,vst_LENO_2025,2025,tower,800.0,51,50,0.019607843137254943,True,284.33344373449796
LENO_063,LENO,vst_LENO_2015,2015,tower,800.0,51,50,0.019607843137254943,True,156.5353549819448
LENO_063,LENO,vst_LENO_2016,2016,tower,800.0,68,67,0.014705882352941124,True,191.00474908123877
LENO_063,LENO,vst_LENO_2017,2017,tower,800.0,46,46,0.0,True,124.93333558413566
LENO_063,LENO,vst_LENO_2018,2018,tower,800.0,44,44,0.0,True,134.57905329525488
LENO_063,LENO,vst_LENO_2019,2019,tower,800.0,43,43,0.0,True,131.14120690375088
LENO_063,LENO,vst_LENO_2021,2021,tower,800.0,47,46,0.021276595744680882,True,148.0210586520696
LENO_063,LENO,vst_LENO_2022,2022,tower,800.0,47,46,0.021276595744680882,True,147.21749601633397
LENO_063,LENO,vst_LENO_2023,2023,tower,800.0,49,48,0.020408163265306145,True,153.0137943897781
LENO_063,LENO,vst_LENO_2024,2024,tower,800.0,47,47,0.0,True,159.9828759893434
LENO_063,LENO,vst_LENO_2025,2025,tower,800.0,47,47,0.0,True,163.8321276413778
LENO_064,LENO,vst_LENO_2015,2015,tower,800.0,69,69,0.0,True,189.2936847100423
LENO_064,LENO,vst_LENO_2016,2016,tower,800.0,72,72,0.0,True,213.45856360082223
LENO_064,LENO,vst_LENO_2017,2017,tower,800.0,67,67,0.0,True,227.07265746151356
LENO_064,LENO,vst_LENO_2018,2018,tower,800.0,67,67,0.0,True,232.11769627029514
LENO_064,LENO,vst_LENO_2019,2019,tower,800.0,65,65,0.0,True,224.10824014105305
LENO_064,LENO,vst_LENO_2021,2021,tower,800.0,63,63,0.0,True,232.26405722921527
LENO_064,LENO,vst_LENO_2022,2022,tower,800.0,61,61,0.0,True,239.0486317696111
LENO_064,LENO,vst_LENO_2023,2023,tower,800.0,62,62,0.0,True,244.6391096996497
LENO_064,LENO,vst_LENO_2024,2024,tower,800.0,56,56,0.0,True,223.27851769331298
LENO_064,LENO,vst_LENO_2025,2025,tower,800.0,56,56,0.0,True,226.90857182513642
LENO_065,LENO,vst_LENO_2015,2015,tower,800.0,38,36,0.052631578947368474,True,191.46310567349593
LENO_065,LENO,vst_LENO_2016,2016,tower,800.0,38,37,0.02631578947368418,True,200.6773920554051
LENO_065,LENO,vst_LENO_2017,2017,tower,800.0,42,41,0.023809523809523836,True,217.09426850498875
LENO_065,LENO,vst_LENO_2018,2018,tower,800.0,41,39,0.04878048780487809,True,220.01461762505386
LENO_065,LENO,vst_LENO_2019,2019,tower,800.0,36,36,0.0,True,221.96465339335364
LENO_065,LENO,vst_LENO_2021,2021,tower,800.0,36,36,0.0,True,242.5310685584488
LENO_065,LENO,vst_LENO_2022,2022,tower,800.0,41,40,0.024390243902439046,True,244.07459867833836
LENO_065,LENO,vst_LENO_2023,2023,tower,800.0,57,53,0.07017543859649122,True,130.87847882088414
LENO_066,LENO,vst_LENO_2015,2015,tower,800.0,56,55,0.017857142857142905,True,306.94853490790496
LENO_066,LENO,vst_LENO_2016,2016,tower,800.0,58,58,0.0,True,285.24772232428285
LENO_066,LENO,vst_LENO_2017,2017,tower,800.0,50,50,0.0,True,284.30331449589585
LENO_066,LENO,vst_LENO_2018,2018,tower,800.0,34,34,0.0,True,179.91536612594663
LENO_066,LENO,vst_LENO_2023,2023,tower,800.0,44,44,0.0,True,306.1330463370614
LENO_067,LENO,vst_LENO_2015,2015,tower,800.0,53,51,0.037735849056603765,True,287.9825095229255
LENO_067,LENO,vst_LENO_2016,2016,tower,800.0,64,60,0.0625,True,312.6772588335193
LENO_067,LENO,vst_LENO_2017,2017,tower,800.0,52,50,0.038461538461538436,True,223.6577178366876
LENO_067,LENO,vst_LENO_2018,2018,tower,800.0,58,56,0.03448275862068961,True,242.1821617244149
LENO_067,LENO,vst_LENO_2023,2023,tower,800.0,43,41,0.046511627906976716,True,260.1160017862175
LENO_067,LENO,vst_LENO_2024,2024,tower,800.0,42,40,0.04761904761904767,True,263.07575873125296
LENO_067,LENO,vst_LENO_2025,2025,tower,800.0,40,38,0.050000000000000044,True,264.0688274160533
LENO_068,LENO,vst_LENO_2015,2015,tower,800.0,101,101,0.0,True,282.7668641547722
LENO_068,LENO,vst_LENO_2016,2016,tower,800.0,122,122,0.0,True,308.23846892121753
LENO_068,LENO,vst_LENO_2017,2017,tower,800.0,113,113,0.0,True,286.5342256554371
LENO_068,LENO,vst_LENO_2018,2018,tower,800.0,104,104,0.0,True,291.3651956385334
LENO_068,LENO,vst_LENO_2023,2023,tower,800.0,92,92,0.0,True,333.86995659467755
LENO_069,LENO,vst_LENO_2015,2015,tower,800.0,42,42,0.0,True,117.17657972926571
LENO_069,LENO,vst_LENO_2016,2016,tower,800.0,49,49,0.0,True,142.01080855071262
LENO_069,LENO,vst_LENO_2017,2017,tower,800.0,43,43,0.0,True,168.2859906716779
LENO_069,LENO,vst_LENO_2018,2018,tower,800.0,45,45,0.0,True,159.1745524316612
LENO_069,LENO,vst_LENO_2023,2023,tower,800.0,51,51,0.0,True,210.1874494209215
LENO_070,LENO,vst_LENO_2015,2015,tower,800.0,64,64,0.0,True,259.0316626178588
LENO_070,LENO,vst_LENO_2016,2016,tower,800.0,79,79,0.0,True,268.2972134198366
LENO_070,LENO,vst_LENO_2017,2017,tower,800.0,65,65,0.0,True,271.61274694860066
LENO_070,LENO,vst_LENO_2018,2018,tower,800.0,66,66,0.0,True,283.58050793892113
LENO_070,LENO,vst_LENO_2023,2023,tower,800.0,67,67,0.0,True,183.90889584281285
MLBS_001,MLBS,vst_MLBS_2018,2018,distributed,400.0,37,37,0.0,True,194.2628994068999
MLBS_001,MLBS,vst_MLBS_2019,2019,distributed,400.0,38,38,0.0,True,195.755123303384
MLBS_001,MLBS,vst_MLBS_2024,2024,distributed,400.0,26,26,0.0,True,184.25735665192533
MLBS_002,MLBS,vst_MLBS_2018,2018,distributed,400.0,29,29,0.0,True,139.0818335440117
MLBS_002,MLBS,vst_MLBS_2019,2019,distributed,400.0,27,27,0.0,True,130.82511655000462
MLBS_002,MLBS,vst_MLBS_2024,2024,distributed,400.0,19,19,0.0,True,125.69626499259205
MLBS_003,MLBS,vst_MLBS_2018,2018,distributed,400.0,23,23,0.0,True,237.76453690262883
MLBS_003,MLBS,vst_MLBS_2019,2019,distributed,400.0,18,18,0.0,True,195.98007024297786
MLBS_003,MLBS,vst_MLBS_2024,2024,distributed,400.0,15,15,0.0,True,150.88161924573865
MLBS_004,MLBS,vst_MLBS_2018,2018,distributed,400.0,37,37,0.0,True,193.0538202869876
MLBS_004,MLBS,vst_MLBS_2019,2019,distributed,400.0,37,37,0.0,True,198.45231140896615
MLBS_004,MLBS,vst_MLBS_2024,2024,distributed,400.0,31,31,0.0,True,227.09128529071364
MLBS_005,MLBS,vst_MLBS_2018,2018,distributed,400.0,23,23,0.0,True,213.4260846011033
MLBS_005,MLBS,vst_MLBS_2019,2019,distributed,400.0,22,22,0.0,True,211.52100267016468
MLBS_005,MLBS,vst_MLBS_2024,2024,distributed,400.0,22,22,0.0,True,225.92644707124538
MLBS_006,MLBS,vst_MLBS_2018,2018,distributed,400.0,15,15,0.0,True,246.7094399123446
MLBS_006,MLBS,vst_MLBS_2019,2019,distributed,400.0,12,12,0.0,True,247.45342579468036
MLBS_006,MLBS,vst_MLBS_2024,2024,distributed,400.0,12,12,0.0,True,263.7344322918255
MLBS_007,MLBS,vst_MLBS_2018,2018,distributed,400.0,36,36,0.0,True,270.77907534581
MLBS_007,MLBS,vst_MLBS_2019,2019,distributed,400.0,38,38,0.0,True,280.1950484067668
MLBS_007,MLBS,vst_MLBS_2024,2024,distributed,400.0,33,33,0.0,True,287.88288693805123
MLBS_008,MLBS,vst_MLBS_2018,2018,distributed,400.0,34,34,0.0,True,530.6098365667714
MLBS_008,MLBS,vst_MLBS_2019,2019,distributed,400.0,32,32,0.0,True,512.3138632952564
MLBS_008,MLBS,vst_MLBS_2024,2024,distributed,400.0,37,37,0.0,True,558.0159458773832
MLBS_009,MLBS,vst_MLBS_2018,2018,distributed,400.0,49,49,0.0,True,165.12150492068326
MLBS_009,MLBS,vst_MLBS_2019,2019,distributed,400.0,41,41,0.0,True,137.70690248640094
MLBS_009,MLBS,vst_MLBS_2024,2024,distributed,400.0,37,37,0.0,True,151.35669100720915
MLBS_010,MLBS,vst_MLBS_2018,2018,distributed,400.0,30,30,0.0,True,192.5924642306817
MLBS_010,MLBS,vst_MLBS_2019,2019,distributed,400.0,33,33,0.0,True,204.43554445577928
MLBS_010,MLBS,vst_MLBS_2024,2024,distributed,400.0,16,16,0.0,True,49.08353214942074
MLBS_011,MLBS,vst_MLBS_2018,2018,distributed,400.0,37,37,0.0,True,273.14506550323085
MLBS_011,MLBS,vst_MLBS_2019,2019,distributed,400.0,34,34,0.0,True,224.7701527445868
MLBS_011,MLBS,vst_MLBS_2024,2024,distributed,400.0,25,25,0.0,True,180.0405365566332
MLBS_012,MLBS,vst_MLBS_2018,2018,distributed,400.0,25,25,0.0,True,153.17393835174
MLBS_012,MLBS,vst_MLBS_2019,2019,distributed,400.0,22,22,0.0,True,143.3006435457464
MLBS_012,MLBS,vst_MLBS_2024,2024,distributed,400.0,20,20,0.0,True,146.26377106313274
MLBS_013,MLBS,vst_MLBS_2018,2018,distributed,400.0,47,47,0.0,True,180.0877885695956
MLBS_013,MLBS,vst_MLBS_2019,2019,distributed,400.0,50,50,0.0,True,182.0094116604247
MLBS_013,MLBS,vst_MLBS_2024,2024,distributed,400.0,61,61,0.0,True,191.54649180320578
MLBS_014,MLBS,vst_MLBS_2018,2018,distributed,400.0,14,14,0.0,True,218.9246280484057
MLBS_014,MLBS,vst_MLBS_2019,2019,distributed,400.0,15,15,0.0,True,225.64928234695424
MLBS_014,MLBS,vst_MLBS_2024,2024,distributed,400.0,19,19,0.0,True,248.07592577943745
MLBS_015,MLBS,vst_MLBS_2018,2018,distributed,400.0,28,28,0.0,True,267.43574709180785
MLBS_015,MLBS,vst_MLBS_2019,2019,distributed,400.0,28,28,0.0,True,253.06419129557028
MLBS_015,MLBS,vst_MLBS_2024,2024,distributed,400.0,29,29,0.0,True,274.17774080222875
MLBS_016,MLBS,vst_MLBS_2018,2018,distributed,400.0,19,19,0.0,True,182.6317800293774
MLBS_016,MLBS,vst_MLBS_2019,2019,distributed,400.0,18,18,0.0,True,178.87641621339966
MLBS_016,MLBS,vst_MLBS_2024,2024,distributed,400.0,18,18,0.0,True,188.82738844195538
MLBS_017,MLBS,vst_MLBS_2018,2018,distributed,400.0,70,70,0.0,True,149.0188755962867
MLBS_017,MLBS,vst_MLBS_2019,2019,distributed,400.0,66,66,0.0,True,141.43773033976717
MLBS_017,MLBS,vst_MLBS_2024,2024,distributed,400.0,63,63,0.0,True,142.3785165877266
MLBS_018,MLBS,vst_MLBS_2018,2018,distributed,400.0,31,31,0.0,True,287.8755196484785
MLBS_018,MLBS,vst_MLBS_2019,2019,distributed,400.0,31,31,0.0,True,288.9397380865416
MLBS_018,MLBS,vst_MLBS_2024,2024,distributed,400.0,30,30,0.0,True,310.3531976581474
MLBS_019,MLBS,vst_MLBS_2018,2018,distributed,400.0,32,32,0.0,True,173.8816574772958
MLBS_019,MLBS,vst_MLBS_2019,2019,distributed,400.0,31,31,0.0,True,177.19514530459594
MLBS_019,MLBS,vst_MLBS_2024,2024,distributed,400.0,29,29,0.0,True,194.38560703605697
MLBS_020,MLBS,vst_MLBS_2018,2018,distributed,400.0,10,10,0.0,True,217.8651059529634
MLBS_020,MLBS,vst_MLBS_2019,2019,distributed,400.0,10,10,0.0,True,224.2968473887469
MLBS_020,MLBS,vst_MLBS_2024,2024,distributed,400.0,9,9,0.0,True,242.85276836932744
MLBS_061,MLBS,vst_MLBS_2015,2015,tower,800.0,93,93,0.0,True,192.99016325050786
MLBS_061,MLBS,vst_MLBS_2017,2017,tower,800.0,66,66,0.0,True,198.45970443772634
MLBS_061,MLBS,vst_MLBS_2018,2018,tower,800.0,65,65,0.0,True,199.19406047017694
MLBS_061,MLBS,vst_MLBS_2019,2019,tower,800.0,67,67,0.0,True,197.91061834748808
MLBS_061,MLBS,vst_MLBS_2020,2020,tower,800.0,63,63,0.0,True,202.40854399784732
MLBS_061,MLBS,vst_MLBS_2021,2021,tower,800.0,52,52,0.0,True,126.90867603016748
MLBS_061,MLBS,vst_MLBS_2022,2022,tower,800.0,52,52,0.0,True,132.8557964732078
MLBS_061,MLBS,vst_MLBS_2023,2023,tower,800.0,52,52,0.0,True,134.76866360893357
MLBS_061,MLBS,vst_MLBS_2024,2024,tower,800.0,52,52,0.0,True,138.46151477299463
MLBS_061,MLBS,vst_MLBS_2025,2025,tower,800.0,52,52,0.0,True,140.31808481605356
MLBS_062,MLBS,vst_MLBS_2015,2015,tower,800.0,63,63,0.0,True,208.96750814505532
MLBS_062,MLBS,vst_MLBS_2017,2017,tower,800.0,65,65,0.0,True,204.61442036604413
MLBS_062,MLBS,vst_MLBS_2018,2018,tower,800.0,65,65,0.0,True,205.5953934338954
MLBS_062,MLBS,vst_MLBS_2019,2019,tower,800.0,65,65,0.0,True,204.4370966421656
MLBS_062,MLBS,vst_MLBS_2020,2020,tower,800.0,63,63,0.0,True,218.7377465721704
MLBS_062,MLBS,vst_MLBS_2021,2021,tower,800.0,61,61,0.0,True,155.77841425184104
MLBS_062,MLBS,vst_MLBS_2022,2022,tower,800.0,60,60,0.0,True,161.56511874786395
MLBS_063,MLBS,vst_MLBS_2015,2015,tower,800.0,69,69,0.0,True,217.9194155155414
MLBS_063,MLBS,vst_MLBS_2017,2017,tower,800.0,76,76,0.0,True,196.09197898701765
MLBS_063,MLBS,vst_MLBS_2018,2018,tower,800.0,77,77,0.0,True,199.26191706304817
MLBS_063,MLBS,vst_MLBS_2019,2019,tower,800.0,78,78,0.0,True,201.98590569431641
MLBS_063,MLBS,vst_MLBS_2020,2020,tower,800.0,76,76,0.0,True,206.93223857383657
MLBS_063,MLBS,vst_MLBS_2021,2021,tower,800.0,73,73,0.0,True,164.07435774356446
MLBS_063,MLBS,vst_MLBS_2022,2022,tower,800.0,72,72,0.0,True,174.5085992152129
MLBS_063,MLBS,vst_MLBS_2023,2023,tower,800.0,71,71,0.0,True,179.5804739427982
MLBS_063,MLBS,vst_MLBS_2024,2024,tower,800.0,71,71,0.0,True,176.37774785355236
MLBS_063,MLBS,vst_MLBS_2025,2025,tower,800.0,70,70,0.0,True,181.67986708657816
MLBS_064,MLBS,vst_MLBS_2015,2015,tower,800.0,91,91,0.0,True,187.3134591049451
MLBS_064,MLBS,vst_MLBS_2017,2017,tower,800.0,85,85,0.0,True,208.2173680831722
MLBS_064,MLBS,vst_MLBS_2018,2018,tower,800.0,80,80,0.0,True,202.5276397026675
MLBS_064,MLBS,vst_MLBS_2019,2019,tower,800.0,82,82,0.0,True,205.688404468006
MLBS_064,MLBS,vst_MLBS_2020,2020,tower,800.0,85,85,0.0,True,213.7787478034102
MLBS_064,MLBS,vst_MLBS_2021,2021,tower,800.0,79,79,0.0,True,184.71038771669114
MLBS_064,MLBS,vst_MLBS_2022,2022,tower,800.0,79,79,0.0,True,192.85715933091066
MLBS_064,MLBS,vst_MLBS_2023,2023,tower,800.0,74,74,0.0,True,195.47166491669503
MLBS_064,MLBS,vst_MLBS_2024,2024,tower,800.0,73,73,0.0,True,198.23364663653257
MLBS_064,MLBS,vst_MLBS_2025,2025,tower,800.0,73,73,0.0,True,202.3995892797373
MLBS_065,MLBS,vst_MLBS_2015,2015,tower,800.0,55,55,0.0,True,249.59834070623504
MLBS_065,MLBS,vst_MLBS_2017,2017,tower,800.0,46,46,0.0,True,236.77013192339825
MLBS_065,MLBS,vst_MLBS_2018,2018,tower,800.0,46,46,0.0,True,248.46076227683585
MLBS_065,MLBS,vst_MLBS_2019,2019,tower,800.0,45,45,0.0,True,237.2104380530065
MLBS_065,MLBS,vst_MLBS_2020,2020,tower,800.0,42,42,0.0,True,225.4981282489423
MLBS_065,MLBS,vst_MLBS_2022,2022,tower,800.0,28,28,0.0,True,193.2684827769618
MLBS_066,MLBS,vst_MLBS_2015,2015,tower,800.0,46,46,0.0,True,212.8772557481932
MLBS_066,MLBS,vst_MLBS_2017,2017,tower,800.0,39,39,0.0,True,213.6729304573496
MLBS_066,MLBS,vst_MLBS_2018,2018,tower,800.0,39,39,0.0,True,218.48923337083716
MLBS_066,MLBS,vst_MLBS_2022,2022,tower,800.0,29,29,0.0,True,116.7687010884152
MLBS_067,MLBS,vst_MLBS_2015,2015,tower,800.0,88,88,0.0,True,151.91191846515542
MLBS_067,MLBS,vst_MLBS_2017,2017,tower,800.0,99,99,0.0,True,161.1586830277605
MLBS_067,MLBS,vst_MLBS_2018,2018,tower,800.0,94,94,0.0,True,159.93406151125285
MLBS_067,MLBS,vst_MLBS_2021,2021,tower,800.0,71,71,0.0,True,167.13046656530105
MLBS_067,MLBS,vst_MLBS_2022,2022,tower,800.0,63,63,0.0,True,158.45746474040604
MLBS_067,MLBS,vst_MLBS_2023,2023,tower,800.0,56,56,0.0,True,160.32984151113655
MLBS_067,MLBS,vst_MLBS_2024,2024,tower,800.0,54,54,0.0,True,143.0135399585381
MLBS_067,MLBS,vst_MLBS_2025,2025,tower,800.0,52,52,0.0,True,124.59285458615877
MLBS_068,MLBS,vst_MLBS_2015,2015,tower,800.0,83,83,0.0,True,252.03809742456252
MLBS_068,MLBS,vst_MLBS_2017,2017,tower,800.0,70,70,0.0,True,206.51714970295595
MLBS_068,MLBS,vst_MLBS_2018,2018,tower,800.0,70,70,0.0,True,219.94266536375
MLBS_068,MLBS,vst_MLBS_2022,2022,tower,800.0,56,56,0.0,True,172.95391227911017
MLBS_069,MLBS,vst_MLBS_2015,2015,tower,800.0,65,65,0.0,True,210.80470977962747
MLBS_069,MLBS,vst_MLBS_2017,2017,tower,800.0,57,57,0.0,True,198.95962716726638
MLBS_069,MLBS,vst_MLBS_2018,2018,tower,800.0,58,58,0.0,True,202.27489616529962
MLBS_069,MLBS,vst_MLBS_2021,2021,tower,800.0,57,57,0.0,True,228.10194910513934
MLBS_069,MLBS,vst_MLBS_2022,2022,tower,800.0,58,58,0.0,True,230.803242122459
MLBS_069,MLBS,vst_MLBS_2023,2023,tower,800.0,52,52,0.0,True,208.1511037133662
MLBS_069,MLBS,vst_MLBS_2024,2024,tower,800.0,49,49,0.0,True,211.6239179300849
MLBS_069,MLBS,vst_MLBS_2025,2025,tower,800.0,48,48,0.0,True,209.67859355119492
MLBS_070,MLBS,vst_MLBS_2015,2015,tower,800.0,52,52,0.0,True,182.51489940652914
MLBS_070,MLBS,vst_MLBS_2017,2017,tower,800.0,37,37,0.0,True,174.3033029437203
MLBS_070,MLBS,vst_MLBS_2018,2018,tower,800.0,36,36,0.0,True,181.20626565848954
MLBS_070,MLBS,vst_MLBS_2022,2022,tower,800.0,31,31,0.0,True,136.19278258056164
MLBS_071,MLBS,vst_MLBS_2015,2015,tower,800.0,71,71,0.0,True,297.32305406672225
MLBS_071,MLBS,vst_MLBS_2017,2017,tower,800.0,48,48,0.0,True,262.64008392368874
MLBS_071,MLBS,vst_MLBS_2018,2018,tower,800.0,45,45,0.0,True,253.3271119207845
MLBS_071,MLBS,vst_MLBS_2022,2022,tower,800.0,34,34,0.0,True,204.41675145466175
MLBS_072,MLBS,vst_MLBS_2015,2015,tower,800.0,37,37,0.0,True,151.1864421490126
MLBS_072,MLBS,vst_MLBS_2017,2017,tower,800.0,40,40,0.0,True,164.2862475796689
MLBS_072,MLBS,vst_MLBS_2018,2018,tower,800.0,45,45,0.0,True,163.2851798051512
MLBS_072,MLBS,vst_MLBS_2022,2022,tower,800.0,36,36,0.0,True,148.16576039188925
MLBS_073,MLBS,vst_MLBS_2015,2015,tower,800.0,78,78,0.0,True,286.1750185111478
MLBS_073,MLBS,vst_MLBS_2017,2017,tower,800.0,82,82,0.0,True,293.15670592063645
MLBS_073,MLBS,vst_MLBS_2018,2018,tower,800.0,84,84,0.0,True,294.2531082817059
MLBS_073,MLBS,vst_MLBS_2022,2022,tower,800.0,69,69,0.0,True,226.4332707298802
MLBS_074,MLBS,vst_MLBS_2015,2015,tower,800.0,64,64,0.0,True,242.63352150612712
MLBS_074,MLBS,vst_MLBS_2017,2017,tower,800.0,65,65,0.0,True,160.05545477319342
MLBS_074,MLBS,vst_MLBS_2018,2018,tower,800.0,60,60,0.0,True,150.32823761089807
MLBS_074,MLBS,vst_MLBS_2022,2022,tower,800.0,52,52,0.0,True,151.32117326043607
MLBS_075,MLBS,vst_MLBS_2015,2015,tower,800.0,92,91,0.010869565217391353,True,213.52621490228708
MLBS_075,MLBS,vst_MLBS_2017,2017,tower,800.0,78,78,0.0,True,257.9768938416362
MLBS_075,MLBS,vst_MLBS_2018,2018,tower,800.0,78,78,0.0,True,255.37469917367832
MLBS_075,MLBS,vst_MLBS_2022,2022,tower,800.0,75,75,0.0,True,251.13696044631095
MLBS_076,MLBS,vst_MLBS_2015,2015,tower,800.0,106,92,0.13207547169811318,False,174.09764193323943
MLBS_076,MLBS,vst_MLBS_2017,2017,tower,800.0,89,89,0.0,True,174.11179430813235
MLBS_076,MLBS,vst_MLBS_2018,2018,tower,800.0,83,83,0.0,True,186.08292405484485
MLBS_076,MLBS,vst_MLBS_2022,2022,tower,800.0,83,83,0.0,True,172.8072843227357
MOAB_003,MOAB,vst_MOAB_2016,2016,distributed,400.0,38,26,0.3157894736842105,False,19.74331767087761
MOAB_003,MOAB,vst_MOAB_2018,2018,distributed,400.0,38,26,0.3157894736842105,False,20.16722146482271
MOAB_003,MOAB,vst_MOAB_2023,2023,distributed,400.0,30,18,0.4,False,15.880041749204059
MOAB_024,MOAB,vst_MOAB_2016,2016,distributed,400.0,37,30,0.18918918918918914,False,12.139395513350603
MOAB_024,MOAB,vst_MOAB_2018,2018,distributed,400.0,40,31,0.22499999999999998,False,19.723143138710284
MOAB_024,MOAB,vst_MOAB_2023,2023,distributed,400.0,40,30,0.25,False,27.080630351340982
MOAB_025,MOAB,vst_MOAB_2016,2016,distributed,400.0,1,1,0.0,True,0.03258046973587369
MOAB_025,MOAB,vst_MOAB_2018,2018,distributed,400.0,30,21,0.30000000000000004,False,6.101517505376839
MOAB_025,MOAB,vst_MOAB_2023,2023,distributed,400.0,16,5,0.6875,False,1.4165634048689872
NIWO_001,NIWO,vst_NIWO_2015,2015,distributed,400.0,50,50,0.0,True,161.24044436303376
NIWO_001,NIWO,vst_NIWO_2016,2016,distributed,400.0,55,55,0.0,True,153.08642108336664
NIWO_001,NIWO,vst_NIWO_2019,2019,distributed,400.0,56,56,0.0,True,165.48339333522023
NIWO_001,NIWO,vst_NIWO_2023,2023,distributed,400.0,55,55,0.0,True,169.54393335979947
NIWO_002,NIWO,vst_NIWO_2015,2015,distributed,400.0,85,85,0.0,True,190.1231038214975
NIWO_002,NIWO,vst_NIWO_2016,2016,distributed,400.0,85,85,0.0,True,188.2639370637778
NIWO_002,NIWO,vst_NIWO_2019,2019,distributed,400.0,89,89,0.0,True,190.54618309323178
NIWO_002,NIWO,vst_NIWO_2023,2023,distributed,400.0,88,88,0.0,True,197.77971176692924
NIWO_004,NIWO,vst_NIWO_2015,2015,distributed,400.0,55,55,0.0,True,104.72538886722936
NIWO_004,NIWO,vst_NIWO_2016,2016,distributed,400.0,56,56,0.0,True,107.974230341328
NIWO_004,NIWO,vst_NIWO_2019,2019,distributed,400.0,55,55,0.0,True,106.83708215299812
NIWO_004,NIWO,vst_NIWO_2023,2023,distributed,400.0,60,60,0.0,True,115.207161668465
NIWO_005,NIWO,vst_NIWO_2015,2015,distributed,400.0,48,48,0.0,True,83.92676209566149
NIWO_005,NIWO,vst_NIWO_2016,2016,distributed,400.0,48,48,0.0,True,84.38250769774051
NIWO_005,NIWO,vst_NIWO_2019,2019,distributed,400.0,52,52,0.0,True,88.3039484204522
NIWO_005,NIWO,vst_NIWO_2023,2023,distributed,400.0,57,57,0.0,True,99.07983715397906
NIWO_007,NIWO,vst_NIWO_2015,2015,distributed,400.0,88,88,0.0,True,220.51674197426414
NIWO_007,NIWO,vst_NIWO_2016,2016,distributed,400.0,90,90,0.0,True,239.49879073741263
NIWO_007,NIWO,vst_NIWO_2019,2019,distributed,400.0,97,97,0.0,True,242.08250588799754
NIWO_007,NIWO,vst_NIWO_2023,2023,distributed,400.0,98,98,0.0,True,249.2407479617524
NIWO_009,NIWO,vst_NIWO_2015,2015,distributed,400.0,60,60,0.0,True,125.49424703657645
NIWO_009,NIWO,vst_NIWO_2016,2016,distributed,400.0,66,66,0.0,True,112.200029664141
NIWO_009,NIWO,vst_NIWO_2019,2019,distributed,400.0,67,67,0.0,True,122.74138540523269
NIWO_009,NIWO,vst_NIWO_2023,2023,distributed,400.0,68,68,0.0,True,126.55227587316506
NIWO_010,NIWO,vst_NIWO_2015,2015,distributed,400.0,76,76,0.0,True,197.1821069589991
NIWO_010,NIWO,vst_NIWO_2016,2016,distributed,400.0,80,80,0.0,True,237.25844837042783
NIWO_010,NIWO,vst_NIWO_2019,2019,distributed,400.0,88,88,0.0,True,182.05204913209081
NIWO_010,NIWO,vst_NIWO_2023,2023,distributed,400.0,89,89,0.0,True,182.08986851440517
NIWO_011,NIWO,vst_NIWO_2015,2015,distributed,400.0,63,63,0.0,True,178.98124796930654
NIWO_011,NIWO,vst_NIWO_2016,2016,distributed,400.0,64,64,0.0,True,170.1765287708297
NIWO_011,NIWO,vst_NIWO_2019,2019,distributed,400.0,63,63,0.0,True,166.80539756199445
NIWO_011,NIWO,vst_NIWO_2023,2023,distributed,400.0,63,63,0.0,True,166.11338017554738
NIWO_012,NIWO,vst_NIWO_2015,2015,distributed,400.0,46,46,0.0,True,250.9570361383989
NIWO_012,NIWO,vst_NIWO_2016,2016,distributed,400.0,48,48,0.0,True,262.723978065178
NIWO_012,NIWO,vst_NIWO_2019,2019,distributed,400.0,47,47,0.0,True,251.4333540812848
NIWO_012,NIWO,vst_NIWO_2023,2023,distributed,400.0,49,49,0.0,True,265.0692252874956
NIWO_014,NIWO,vst_NIWO_2015,2015,distributed,400.0,56,56,0.0,True,192.1897591079216
NIWO_014,NIWO,vst_NIWO_2016,2016,distributed,400.0,55,55,0.0,True,188.34030252676231
NIWO_014,NIWO,vst_NIWO_2019,2019,distributed,400.0,68,68,0.0,True,193.878477503582
NIWO_014,NIWO,vst_NIWO_2023,2023,distributed,400.0,69,69,0.0,True,198.56340824949692
NIWO_015,NIWO,vst_NIWO_2015,2015,distributed,400.0,65,65,0.0,True,203.75897588784724
NIWO_015,NIWO,vst_NIWO_2016,2016,distributed,400.0,69,69,0.0,True,213.18960012866373
NIWO_015,NIWO,vst_NIWO_2019,2019,distributed,400.0,69,69,0.0,True,218.79771939039222
NIWO_016,NIWO,vst_NIWO_2015,2015,distributed,400.0,47,47,0.0,True,128.51288381319227
NIWO_016,NIWO,vst_NIWO_2016,2016,distributed,400.0,49,49,0.0,True,131.3714352097185
NIWO_016,NIWO,vst_NIWO_2019,2019,distributed,400.0,51,51,0.0,True,108.5405977926914
NIWO_017,NIWO,vst_NIWO_2015,2015,distributed,400.0,43,43,0.0,True,141.9974379345489
NIWO_017,NIWO,vst_NIWO_2016,2016,distributed,400.0,47,47,0.0,True,147.02169408081275
NIWO_017,NIWO,vst_NIWO_2019,2019,distributed,400.0,48,48,0.0,True,148.42108848386255
NIWO_040,NIWO,vst_NIWO_2015,2015,tower,400.0,62,62,0.0,True,260.3143432663806
NIWO_040,NIWO,vst_NIWO_2016,2016,tower,400.0,59,59,0.0,True,240.63409692860196
NIWO_040,NIWO,vst_NIWO_2019,2019,tower,400.0,61,61,0.0,True,265.58497993198677
NIWO_040,NIWO,vst_NIWO_2020,2020,tower,400.0,60,60,0.0,True,267.4107619996217
NIWO_040,NIWO,vst_NIWO_2021,2021,tower,400.0,60,60,0.0,True,256.66937708357057
NIWO_040,NIWO,vst_NIWO_2022,2022,tower,400.0,60,60,0.0,True,259.4274469608325
NIWO_040,NIWO,vst_NIWO_2023,2023,tower,400.0,59,59,0.0,True,261.45102865981215
NIWO_040,NIWO,vst_NIWO_2024,2024,tower,400.0,54,54,0.0,True,234.27313251663264
NIWO_040,NIWO,vst_NIWO_2025,2025,tower,400.0,56,56,0.0,True,244.78482530241786
NIWO_041,NIWO,vst_NIWO_2015,2015,tower,400.0,35,35,0.0,True,9.20392696826768
NIWO_041,NIWO,vst_NIWO_2016,2016,tower,400.0,45,45,0.0,True,11.485731311394337
NIWO_041,NIWO,vst_NIWO_2019,2019,tower,400.0,96,96,0.0,True,18.908103173298127
NIWO_041,NIWO,vst_NIWO_2020,2020,tower,400.0,103,103,0.0,True,22.33598026916608
NIWO_041,NIWO,vst_NIWO_2021,2021,tower,400.0,107,107,0.0,True,24.931361706989705
NIWO_041,NIWO,vst_NIWO_2022,2022,tower,400.0,103,103,0.0,True,25.817038862133597
NIWO_041,NIWO,vst_NIWO_2023,2023,tower,400.0,105,105,0.0,True,28.2511646651662
NIWO_041,NIWO,vst_NIWO_2024,2024,tower,400.0,105,105,0.0,True,28.94658422766697
NIWO_041,NIWO,vst_NIWO_2025,2025,tower,400.0,107,107,0.0,True,29.519547520415966
NIWO_042,NIWO,vst_NIWO_2022,2022,tower,400.0,2,2,0.0,True,0.021224573592622024
NIWO_045,NIWO,vst_NIWO_2015,2015,tower,400.0,17,17,0.0,True,4.064771443012442
NIWO_045,NIWO,vst_NIWO_2016,2016,tower,400.0,17,17,0.0,True,4.113206662720593
NIWO_045,NIWO,vst_NIWO_2019,2019,tower,400.0,20,20,0.0,True,5.877696674008095
NIWO_045,NIWO,vst_NIWO_2020,2020,tower,400.0,22,22,0.0,True,6.683965327708168
NIWO_045,NIWO,vst_NIWO_2021,2021,tower,400.0,21,21,0.0,True,6.155303235531154
NIWO_045,NIWO,vst_NIWO_2022,2022,tower,400.0,21,21,0.0,True,6.432956150207206
NIWO_045,NIWO,vst_NIWO_2023,2023,tower,400.0,22,22,0.0,True,6.712985531265948
NIWO_045,NIWO,vst_NIWO_2024,2024,tower,400.0,23,23,0.0,True,7.258764984818616
NIWO_045,NIWO,vst_NIWO_2025,2025,tower,400.0,23,23,0.0,True,8.576686959415483
NIWO_046,NIWO,vst_NIWO_2015,2015,tower,400.0,90,90,0.0,True,60.89793857694655
NIWO_046,NIWO,vst_NIWO_2016,2016,tower,400.0,95,95,0.0,True,63.121323318917455
NIWO_046,NIWO,vst_NIWO_2019,2019,tower,400.0,99,99,0.0,True,62.231712869639274
NIWO_046,NIWO,vst_NIWO_2020,2020,tower,400.0,96,96,0.0,True,64.62194371505709
NIWO_046,NIWO,vst_NIWO_2021,2021,tower,400.0,96,96,0.0,True,64.93231307688293
NIWO_046,NIWO,vst_NIWO_2022,2022,tower,400.0,99,99,0.0,True,67.60152010270208
NIWO_046,NIWO,vst_NIWO_2023,2023,tower,400.0,97,97,0.0,True,62.31995552478568
NIWO_046,NIWO,vst_NIWO_2024,2024,tower,400.0,97,97,0.0,True,67.02413812593531
NIWO_046,NIWO,vst_NIWO_2025,2025,tower,400.0,97,97,0.0,True,69.04296762298185
NIWO_047,NIWO,vst_NIWO_2016,2016,tower,400.0,1,1,0.0,True,0.9147315935436227
NIWO_047,NIWO,vst_NIWO_2022,2022,tower,400.0,1,1,0.0,True,0.023343248529078767
NIWO_049,NIWO,vst_NIWO_2022,2022,tower,400.0,4,4,0.0,True,0.17753598119046854
NIWO_051,NIWO,vst_NIWO_2015,2015,tower,400.0,41,41,0.0,True,29.439258928567174
NIWO_051,NIWO,vst_NIWO_2016,2016,tower,400.0,48,48,0.0,True,32.70190940085266
NIWO_051,NIWO,vst_NIWO_2019,2019,tower,400.0,54,54,0.0,True,34.548509511803864
NIWO_051,NIWO,vst_NIWO_2020,2020,tower,400.0,55,55,0.0,True,36.45376364720179
NIWO_051,NIWO,vst_NIWO_2021,2021,tower,400.0,55,55,0.0,True,36.779839857236134
NIWO_051,NIWO,vst_NIWO_2022,2022,tower,400.0,59,59,0.0,True,37.98250181647321
NIWO_051,NIWO,vst_NIWO_2023,2023,tower,400.0,55,55,0.0,True,38.11842948227566
NIWO_051,NIWO,vst_NIWO_2024,2024,tower,400.0,55,55,0.0,True,38.46269357937758
NIWO_051,NIWO,vst_NIWO_2025,2025,tower,400.0,53,53,0.0,True,38.1128406265005
NIWO_057,NIWO,vst_NIWO_2015,2015,tower,400.0,70,70,0.0,True,129.77563387356037
NIWO_057,NIWO,vst_NIWO_2016,2016,tower,400.0,64,64,0.0,True,120.44314119320715
NIWO_057,NIWO,vst_NIWO_2019,2019,tower,400.0,7,7,0.0,True,40.81903575800193
NIWO_057,NIWO,vst_NIWO_2022,2022,tower,400.0,65,65,0.0,True,162.39203635278577
NIWO_058,NIWO,vst_NIWO_2015,2015,tower,400.0,3,3,0.0,True,1.87267123568733
NIWO_058,NIWO,vst_NIWO_2016,2016,tower,400.0,4,4,0.0,True,1.8816661148402132
NIWO_058,NIWO,vst_NIWO_2022,2022,tower,400.0,64,64,0.0,True,11.528988221134446
NIWO_059,NIWO,vst_NIWO_2015,2015,tower,400.0,1,1,0.0,True,0.005428538750582685
NIWO_059,NIWO,vst_NIWO_2016,2016,tower,400.0,1,1,0.0,True,0.012573058859880498
NIWO_059,NIWO,vst_NIWO_2022,2022,tower,400.0,9,9,0.0,True,0.21002825417784035
NIWO_061,NIWO,vst_NIWO_2015,2015,tower,400.0,69,69,0.0,True,102.647306893138
NIWO_061,NIWO,vst_NIWO_2016,2016,tower,400.0,73,73,0.0,True,105.16921717770333
NIWO_061,NIWO,vst_NIWO_2019,2019,tower,400.0,7,7,0.0,True,24.679383701473796
NIWO_061,NIWO,vst_NIWO_2022,2022,tower,400.0,81,81,0.0,True,136.80480019651455
NIWO_062,NIWO,vst_NIWO_2022,2022,tower,400.0,4,4,0.0,True,0.06513562510745914
NIWO_063,NIWO,vst_NIWO_2015,2015,tower,400.0,7,7,0.0,True,1.7401864968849865
NIWO_063,NIWO,vst_NIWO_2016,2016,tower,400.0,8,8,0.0,True,1.8521248116058313
NIWO_064,NIWO,vst_NIWO_2015,2015,tower,400.0,35,35,0.0,True,55.247487106127835
NIWO_064,NIWO,vst_NIWO_2016,2016,tower,400.0,38,38,0.0,True,58.013526397185565
NIWO_064,NIWO,vst_NIWO_2019,2019,tower,400.0,5,5,0.0,True,29.896235509573803
NIWO_067,NIWO,vst_NIWO_2015,2015,tower,400.0,46,46,0.0,True,11.825449480551764
NIWO_067,NIWO,vst_NIWO_2016,2016,tower,400.0,57,57,0.0,True,16.439689231433036
ORNL_001,ORNL,vst_ORNL_2015,2015,distributed,800.0,56,53,0.0535714285714286,True,92.17405061303617
ORNL_001,ORNL,vst_ORNL_2017,2017,distributed,400.0,52,50,0.038461538461538436,True,216.84612162214808
ORNL_001,ORNL,vst_ORNL_2020,2020,distributed,400.0,58,57,0.017241379310344862,True,234.38991644705936
ORNL_001,ORNL,vst_ORNL_2025,2025,distributed,400.0,53,52,0.018867924528301883,True,263.68454046885796
ORNL_002,ORNL,vst_ORNL_2015,2015,distributed,800.0,53,53,0.0,True,84.14142652075108
ORNL_002,ORNL,vst_ORNL_2017,2017,distributed,400.0,49,49,0.0,True,174.88723509065227
ORNL_002,ORNL,vst_ORNL_2020,2020,distributed,400.0,46,46,0.0,True,174.04045610041126
ORNL_002,ORNL,vst_ORNL_2025,2025,distributed,400.0,46,46,0.0,True,188.63685862693282
ORNL_003,ORNL,vst_ORNL_2015,2015,distributed,800.0,51,50,0.019607843137254943,True,70.52206910404568
ORNL_003,ORNL,vst_ORNL_2017,2017,distributed,400.0,47,46,0.021276595744680882,True,103.45941322321079
ORNL_003,ORNL,vst_ORNL_2020,2020,distributed,400.0,49,49,0.0,True,113.75377760465518
ORNL_003,ORNL,vst_ORNL_2025,2025,distributed,400.0,71,71,0.0,True,130.90152429633534
ORNL_004,ORNL,vst_ORNL_2015,2015,distributed,800.0,36,36,0.0,True,115.42636555820123
ORNL_004,ORNL,vst_ORNL_2017,2017,distributed,400.0,34,34,0.0,True,239.67799049975747
ORNL_004,ORNL,vst_ORNL_2020,2020,distributed,400.0,32,32,0.0,True,248.28784406846714
ORNL_004,ORNL,vst_ORNL_2025,2025,distributed,400.0,31,31,0.0,True,267.38864659799157
ORNL_006,ORNL,vst_ORNL_2015,2015,distributed,800.0,62,62,0.0,True,87.43001080658176
ORNL_006,ORNL,vst_ORNL_2017,2017,distributed,400.0,64,64,0.0,True,199.79837092267277
ORNL_006,ORNL,vst_ORNL_2020,2020,distributed,400.0,59,59,0.0,True,196.98003843761984
ORNL_006,ORNL,vst_ORNL_2025,2025,distributed,400.0,58,58,0.0,True,211.21414120084543
ORNL_007,ORNL,vst_ORNL_2015,2015,distributed,800.0,32,27,0.15625,False,103.56804247001064
ORNL_007,ORNL,vst_ORNL_2017,2017,distributed,400.0,39,31,0.20512820512820518,False,210.23091305451626
ORNL_007,ORNL,vst_ORNL_2020,2020,distributed,400.0,47,39,0.17021276595744683,False,195.39720759498246
ORNL_007,ORNL,vst_ORNL_2025,2025,distributed,400.0,51,43,0.1568627450980392,False,223.24552421029563
ORNL_008,ORNL,vst_ORNL_2015,2015,distributed,800.0,40,40,0.0,True,69.63236372275084
ORNL_008,ORNL,vst_ORNL_2017,2017,distributed,400.0,39,39,0.0,True,151.1437740067174
ORNL_008,ORNL,vst_ORNL_2020,2020,distributed,400.0,39,39,0.0,True,153.858432123892
ORNL_008,ORNL,vst_ORNL_2025,2025,distributed,400.0,47,47,0.0,True,166.55781722613705
ORNL_009,ORNL,vst_ORNL_2015,2015,distributed,800.0,38,38,0.0,True,123.5954974495945
ORNL_009,ORNL,vst_ORNL_2017,2017,distributed,400.0,37,37,0.0,True,292.04619729801146
ORNL_009,ORNL,vst_ORNL_2020,2020,distributed,400.0,48,48,0.0,True,297.99382749974757
ORNL_009,ORNL,vst_ORNL_2025,2025,distributed,400.0,82,82,0.0,True,328.6096038023395
ORNL_010,ORNL,vst_ORNL_2015,2015,distributed,800.0,53,53,0.0,True,111.48955772050728
ORNL_010,ORNL,vst_ORNL_2017,2017,distributed,400.0,49,49,0.0,True,232.46298635730307
ORNL_010,ORNL,vst_ORNL_2020,2020,distributed,400.0,53,53,0.0,True,249.1865355308625
ORNL_010,ORNL,vst_ORNL_2025,2025,distributed,400.0,52,52,0.0,True,282.43585716189364
ORNL_012,ORNL,vst_ORNL_2015,2015,distributed,800.0,42,42,0.0,True,170.1258701413491
ORNL_012,ORNL,vst_ORNL_2017,2017,distributed,400.0,29,29,0.0,True,345.8294847412961
ORNL_012,ORNL,vst_ORNL_2025,2025,distributed,400.0,32,32,0.0,True,216.21086748286248
ORNL_014,ORNL,vst_ORNL_2015,2015,distributed,800.0,43,43,0.0,True,93.15660257718737
ORNL_014,ORNL,vst_ORNL_2017,2017,distributed,400.0,42,42,0.0,True,189.08007556284477
ORNL_014,ORNL,vst_ORNL_2025,2025,distributed,400.0,19,19,0.0,True,213.7644204545638
ORNL_015,ORNL,vst_ORNL_2025,2025,distributed,400.0,53,53,0.0,True,117.1286024517912
ORNL_017,ORNL,vst_ORNL_2025,2025,distributed,400.0,39,38,0.02564102564102566,True,281.11794169740347
ORNL_021,ORNL,vst_ORNL_2015,2015,distributed,800.0,13,5,0.6153846153846154,False,0.029085391521579598
ORNL_021,ORNL,vst_ORNL_2017,2017,distributed,400.0,1,1,0.0,True,0.00610659329240789
ORNL_021,ORNL,vst_ORNL_2025,2025,distributed,400.0,4,3,0.25,False,0.0536184425137633
ORNL_027,ORNL,vst_ORNL_2015,2015,distributed,800.0,38,21,0.4473684210526315,False,11.45069486390509
ORNL_027,ORNL,vst_ORNL_2017,2017,distributed,400.0,38,24,0.368421052631579,False,9.516270127083176
ORNL_027,ORNL,vst_ORNL_2020,2020,distributed,400.0,69,53,0.23188405797101452,False,10.401842002395407
ORNL_027,ORNL,vst_ORNL_2025,2025,distributed,400.0,61,46,0.24590163934426235,False,17.994040217033632
ORNL_029,ORNL,vst_ORNL_2015,2015,distributed,800.0,84,63,0.25,False,25.133102674206253
ORNL_029,ORNL,vst_ORNL_2017,2017,distributed,400.0,81,62,0.23456790123456794,False,54.772063868316955
ORNL_029,ORNL,vst_ORNL_2025,2025,distributed,400.0,64,45,0.296875,False,71.08845377653088
ORNL_031,ORNL,vst_ORNL_2017,2017,distributed,400.0,13,12,0.07692307692307687,True,0.07727738011826348
ORNL_032,ORNL,vst_ORNL_2015,2015,distributed,800.0,84,84,0.0,True,81.96439662794694
ORNL_032,ORNL,vst_ORNL_2017,2017,distributed,400.0,88,88,0.0,True,186.2456261819685
ORNL_033,ORNL,vst_ORNL_2015,2015,distributed,800.0,50,43,0.14,False,43.563436320884904
ORNL_033,ORNL,vst_ORNL_2017,2017,distributed,400.0,41,35,0.14634146341463417,False,92.55963308284838
ORNL_035,ORNL,vst_ORNL_2015,2015,distributed,800.0,108,104,0.03703703703703709,True,52.517038671894376
ORNL_035,ORNL,vst_ORNL_2017,2017,distributed,400.0,91,90,0.01098901098901095,True,110.2364088500944
ORNL_036,ORNL,vst_ORNL_2015,2015,tower,800.0,59,59,0.0,True,414.7133151583742
ORNL_036,ORNL,vst_ORNL_2016,2016,tower,800.0,64,64,0.0,True,402.3510985528296
ORNL_036,ORNL,vst_ORNL_2017,2017,tower,800.0,61,61,0.0,True,429.68295493814634
ORNL_036,ORNL,vst_ORNL_2018,2018,tower,800.0,63,63,0.0,True,441.943976575304
ORNL_036,ORNL,vst_ORNL_2019,2019,tower,800.0,60,60,0.0,True,449.0866197301683
ORNL_036,ORNL,vst_ORNL_2020,2020,tower,800.0,57,57,0.0,True,436.31616321939237
ORNL_036,ORNL,vst_ORNL_2023,2023,tower,800.0,56,56,0.0,True,381.77895637212714
ORNL_037,ORNL,vst_ORNL_2016,2016,tower,800.0,72,72,0.0,True,218.28481427615594
ORNL_037,ORNL,vst_ORNL_2017,2017,tower,800.0,73,73,0.0,True,224.53877121420265
ORNL_037,ORNL,vst_ORNL_2018,2018,tower,800.0,65,65,0.0,True,225.67302744197687
ORNL_037,ORNL,vst_ORNL_2019,2019,tower,800.0,70,70,0.0,True,239.06174871947562
ORNL_037,ORNL,vst_ORNL_2020,2020,tower,800.0,73,73,0.0,True,234.72106566315483
ORNL_037,ORNL,vst_ORNL_2023,2023,tower,800.0,80,80,0.0,True,257.04059079892335
ORNL_043,ORNL,vst_ORNL_2015,2015,tower,800.0,70,69,0.014285714285714235,True,287.6314492911896
ORNL_043,ORNL,vst_ORNL_2016,2016,tower,800.0,71,71,0.0,True,298.4243349042211
ORNL_043,ORNL,vst_ORNL_2017,2017,tower,800.0,64,64,0.0,True,307.35806936681087
ORNL_043,ORNL,vst_ORNL_2018,2018,tower,800.0,62,62,0.0,True,317.1806546316687
ORNL_043,ORNL,vst_ORNL_2019,2019,tower,800.0,60,60,0.0,True,317.7537202781972
ORNL_043,ORNL,vst_ORNL_2020,2020,tower,800.0,57,57,0.0,True,325.8129875996874
ORNL_043,ORNL,vst_ORNL_2021,2021,tower,800.0,55,55,0.0,True,340.09858429795725
ORNL_043,ORNL,vst_ORNL_2022,2022,tower,800.0,53,53,0.0,True,337.06869295893307
ORNL_043,ORNL,vst_ORNL_2023,2023,tower,800.0,51,51,0.0,True,347.8530434849913
ORNL_043,ORNL,vst_ORNL_2024,2024,tower,800.0,53,53,0.0,True,350.9866279151182
ORNL_043,ORNL,vst_ORNL_2025,2025,tower,800.0,52,52,0.0,True,339.57593226416594
ORNL_044,ORNL,vst_ORNL_2017,2017,distributed,400.0,1,1,0.0,True,0.005156404345407282
ORNL_045,ORNL,vst_ORNL_2016,2016,tower,800.0,90,90,0.0,True,251.9780872217771
ORNL_045,ORNL,vst_ORNL_2017,2017,tower,800.0,90,90,0.0,True,254.23259404799134
ORNL_045,ORNL,vst_ORNL_2018,2018,tower,800.0,88,88,0.0,True,257.21572165504807
ORNL_045,ORNL,vst_ORNL_2019,2019,tower,800.0,84,84,0.0,True,250.519186476888
ORNL_045,ORNL,vst_ORNL_2020,2020,tower,800.0,85,85,0.0,True,254.62865601507082
ORNL_045,ORNL,vst_ORNL_2023,2023,tower,800.0,80,80,0.0,True,267.2845949392899
ORNL_046,ORNL,vst_ORNL_2015,2015,tower,800.0,64,60,0.0625,True,227.5515811246969
ORNL_046,ORNL,vst_ORNL_2016,2016,tower,800.0,69,69,0.0,True,286.5473843025708
ORNL_046,ORNL,vst_ORNL_2017,2017,tower,800.0,64,64,0.0,True,274.3846782346861
ORNL_046,ORNL,vst_ORNL_2018,2018,tower,800.0,61,61,0.0,True,272.63628670563025
ORNL_046,ORNL,vst_ORNL_2019,2019,tower,800.0,60,60,0.0,True,280.81875824831076
ORNL_046,ORNL,vst_ORNL_2020,2020,tower,800.0,59,59,0.0,True,284.75722731741314
ORNL_046,ORNL,vst_ORNL_2021,2021,tower,800.0,61,61,0.0,True,290.1253733916481
ORNL_046,ORNL,vst_ORNL_2022,2022,tower,800.0,63,63,0.0,True,297.1212618927246
ORNL_046,ORNL,vst_ORNL_2023,2023,tower,800.0,65,65,0.0,True,306.4048576317637
ORNL_046,ORNL,vst_ORNL_2024,2024,tower,800.0,70,70,0.0,True,307.8153717215287
ORNL_046,ORNL,vst_ORNL_2025,2025,tower,800.0,74,74,0.0,True,297.96538801589446
ORNL_049,ORNL,vst_ORNL_2015,2015,tower,800.0,123,120,0.024390243902439046,True,157.63222884013274
ORNL_049,ORNL,vst_ORNL_2016,2016,tower,800.0,123,123,0.0,True,159.02387734403052
ORNL_049,ORNL,vst_ORNL_2017,2017,tower,800.0,120,120,0.0,True,150.06041098553032
ORNL_049,ORNL,vst_ORNL_2021,2021,tower,800.0,107,107,0.0,True,153.0838360790174
ORNL_049,ORNL,vst_ORNL_2022,2022,tower,800.0,108,108,0.0,True,167.82296868839552
ORNL_049,ORNL,vst_ORNL_2023,2023,tower,400.0,107,107,0.0,True,350.3119353783481
ORNL_049,ORNL,vst_ORNL_2024,2024,tower,800.0,110,110,0.0,True,180.663642317595
ORNL_049,ORNL,vst_ORNL_2025,2025,tower,800.0,104,104,0.0,True,182.89881815908214
ORNL_050,ORNL,vst_ORNL_2016,2016,tower,800.0,65,65,0.0,True,217.4625948966161
ORNL_050,ORNL,vst_ORNL_2017,2017,tower,800.0,61,61,0.0,True,236.4623095640142
ORNL_050,ORNL,vst_ORNL_2023,2023,tower,800.0,53,52,0.018867924528301883,True,234.01197751836688
ORNL_051,ORNL,vst_ORNL_2016,2016,tower,800.0,27,27,0.0,True,234.0165596111628
ORNL_051,ORNL,vst_ORNL_2017,2017,tower,800.0,25,25,0.0,True,239.0956427871317
ORNL_051,ORNL,vst_ORNL_2023,2023,tower,800.0,29,29,0.0,True,267.2482769349854
ORNL_052,ORNL,vst_ORNL_2015,2015,tower,800.0,88,86,0.022727272727272707,True,132.6592723250341
ORNL_052,ORNL,vst_ORNL_2016,2016,tower,800.0,89,89,0.0,True,149.9265046096158
ORNL_052,ORNL,vst_ORNL_2017,2017,tower,800.0,91,91,0.0,True,116.5379085655106
ORNL_052,ORNL,vst_ORNL_2023,2023,tower,800.0,105,105,0.0,True,131.44653433486826
ORNL_053,ORNL,vst_ORNL_2015,2015,tower,800.0,73,73,0.0,True,331.9131144003621
ORNL_053,ORNL,vst_ORNL_2016,2016,tower,800.0,77,77,0.0,True,332.7890574963616
ORNL_053,ORNL,vst_ORNL_2017,2017,tower,800.0,76,76,0.0,True,346.8005189344837
ORNL_053,ORNL,vst_ORNL_2021,2021,tower,800.0,72,72,0.0,True,371.8151276151081
ORNL_053,ORNL,vst_ORNL_2022,2022,tower,800.0,74,74,0.0,True,373.53176007214637
ORNL_053,ORNL,vst_ORNL_2023,2023,tower,800.0,74,74,0.0,True,381.9892483691443
ORNL_053,ORNL,vst_ORNL_2024,2024,tower,800.0,69,69,0.0,True,390.00187145084897
ORNL_053,ORNL,vst_ORNL_2025,2025,tower,800.0,68,68,0.0,True,385.2791911771792
ORNL_054,ORNL,vst_ORNL_2016,2016,tower,800.0,97,97,0.0,True,316.66025988018635
ORNL_054,ORNL,vst_ORNL_2017,2017,tower,800.0,101,101,0.0,True,328.2293210655803
ORNL_054,ORNL,vst_ORNL_2023,2023,tower,800.0,81,81,0.0,True,299.9034647614403
ORNL_055,ORNL,vst_ORNL_2015,2015,tower,800.0,66,65,0.015151515151515138,True,192.80989487996885
ORNL_055,ORNL,vst_ORNL_2016,2016,tower,800.0,59,59,0.0,True,192.6574673377764
ORNL_055,ORNL,vst_ORNL_2017,2017,tower,800.0,57,57,0.0,True,195.4177298906453
ORNL_055,ORNL,vst_ORNL_2023,2023,tower,800.0,53,53,0.0,True,211.30273267723507
ORNL_056,ORNL,vst_ORNL_2016,2016,tower,800.0,69,69,0.0,True,200.26444100256055
ORNL_056,ORNL,vst_ORNL_2017,2017,tower,800.0,68,68,0.0,True,204.31305454740394
ORNL_056,ORNL,vst_ORNL_2023,2023,tower,800.0,71,71,0.0,True,218.43156889159943
ORNL_057,ORNL,vst_ORNL_2016,2016,tower,800.0,78,78,0.0,True,296.61110155783535
ORNL_057,ORNL,vst_ORNL_2017,2017,tower,800.0,73,73,0.0,True,289.55835555091915
ORNL_057,ORNL,vst_ORNL_2021,2021,tower,800.0,76,76,0.0,True,335.23069252274985
ORNL_057,ORNL,vst_ORNL_2022,2022,tower,800.0,78,78,0.0,True,347.6762857369461
ORNL_057,ORNL,vst_ORNL_2023,2023,tower,800.0,79,79,0.0,True,348.4971541386118
ORNL_057,ORNL,vst_ORNL_2024,2024,tower,800.0,85,85,0.0,True,357.3558045338201
ORNL_057,ORNL,vst_ORNL_2025,2025,tower,800.0,92,92,0.0,True,365.5696358991787
ORNL_058,ORNL,vst_ORNL_2015,2015,tower,800.0,66,64,0.030303030303030276,True,222.5354191466559
ORNL_058,ORNL,vst_ORNL_2016,2016,tower,800.0,66,64,0.030303030303030276,True,212.95381035446445
ORNL_058,ORNL,vst_ORNL_2017,2017,tower,800.0,67,65,0.02985074626865669,True,217.29491234254633
ORNL_058,ORNL,vst_ORNL_2023,2023,tower,800.0,58,58,0.0,True,243.74176501903582
ORNL_059,ORNL,vst_ORNL_2015,2015,tower,800.0,67,67,0.0,True,219.62251563976145
ORNL_059,ORNL,vst_ORNL_2016,2016,tower,800.0,72,72,0.0,True,223.2302598569821
ORNL_059,ORNL,vst_ORNL_2017,2017,tower,800.0,70,70,0.0,True,219.99299903973596
ORNL_059,ORNL,vst_ORNL_2023,2023,tower,800.0,59,59,0.0,True,258.0816704669648
ORNL_060,ORNL,vst_ORNL_2015,2015,tower,800.0,54,54,0.0,True,357.46429536012033
ORNL_060,ORNL,vst_ORNL_2016,2016,tower,800.0,52,52,0.0,True,240.9374240910892
ORNL_060,ORNL,vst_ORNL_2017,2017,tower,800.0,49,49,0.0,True,266.4926261425326
ORNL_060,ORNL,vst_ORNL_2023,2023,tower,800.0,110,110,0.0,True,290.4197317402791
ORNL_061,ORNL,vst_ORNL_2016,2016,tower,800.0,97,97,0.0,True,190.70512027971657
ORNL_061,ORNL,vst_ORNL_2017,2017,tower,800.0,98,98,0.0,True,197.12732622154965
ORNL_061,ORNL,vst_ORNL_2023,2023,tower,800.0,86,86,0.0,True,224.211047412429
ORNL_062,ORNL,vst_ORNL_2015,2015,tower,800.0,93,93,0.0,True,269.06333609017327
ORNL_062,ORNL,vst_ORNL_2016,2016,tower,800.0,100,100,0.0,True,261.8335789920145
ORNL_062,ORNL,vst_ORNL_2017,2017,tower,800.0,99,99,0.0,True,251.3409448122573
ORNL_062,ORNL,vst_ORNL_2023,2023,tower,800.0,95,95,0.0,True,243.38033392980907
ORNL_063,ORNL,vst_ORNL_2015,2015,tower,800.0,62,60,0.032258064516129004,True,241.56535423449193
ORNL_063,ORNL,vst_ORNL_2016,2016,tower,800.0,67,67,0.0,True,242.54934979507152
ORNL_063,ORNL,vst_ORNL_2017,2017,tower,800.0,68,68,0.0,True,189.11825991191662
ORNL_063,ORNL,vst_ORNL_2023,2023,tower,800.0,86,86,0.0,True,195.474985520553
OSBS_001,OSBS,vst_OSBS_2020,2020,distributed,400.0,10,8,0.19999999999999996,False,119.76617884152425
OSBS_002,OSBS,vst_OSBS_2015,2015,distributed,400.0,18,18,0.0,True,86.5881644817252
OSBS_002,OSBS,vst_OSBS_2016,2016,distributed,400.0,17,17,0.0,True,86.50420414608814
OSBS_002,OSBS,vst_OSBS_2020,2020,distributed,400.0,20,20,0.0,True,79.53566766288611
OSBS_003,OSBS,vst_OSBS_2014,2014,distributed,400.0,27,16,0.40740740740740744,False,92.19825060648573
OSBS_003,OSBS,vst_OSBS_2015,2015,distributed,400.0,28,28,0.0,True,170.14801706894013
OSBS_003,OSBS,vst_OSBS_2016,2016,distributed,400.0,41,41,0.0,True,172.51859192867002
OSBS_003,OSBS,vst_OSBS_2020,2020,distributed,400.0,52,52,0.0,True,173.9505168450232
OSBS_004,OSBS,vst_OSBS_2015,2015,distributed,400.0,65,65,0.0,True,108.50148872868441
OSBS_004,OSBS,vst_OSBS_2016,2016,distributed,400.0,30,30,0.0,True,60.861791628366866
OSBS_004,OSBS,vst_OSBS_2020,2020,distributed,400.0,27,27,0.0,True,55.555658695838126
OSBS_005,OSBS,vst_OSBS_2014,2014,distributed,400.0,20,17,0.15000000000000002,False,38.63289538518778
OSBS_005,OSBS,vst_OSBS_2015,2015,distributed,400.0,28,17,0.3928571428571429,False,28.46064484201643
OSBS_005,OSBS,vst_OSBS_2016,2016,distributed,400.0,24,17,0.29166666666666663,False,38.13295561464431
OSBS_006,OSBS,vst_OSBS_2016,2016,distributed,400.0,10,10,0.0,True,117.57512609905103
OSBS_006,OSBS,vst_OSBS_2020,2020,distributed,400.0,10,10,0.0,True,118.38242790842712
OSBS_007,OSBS,vst_OSBS_2015,2015,distributed,400.0,64,64,0.0,True,178.70355509369253
OSBS_007,OSBS,vst_OSBS_2016,2016,distributed,400.0,28,28,0.0,True,91.80114011062442
OSBS_007,OSBS,vst_OSBS_2020,2020,distributed,400.0,23,23,0.0,True,69.61626431681451
OSBS_008,OSBS,vst_OSBS_2015,2015,distributed,400.0,21,21,0.0,True,60.99891357530179
OSBS_008,OSBS,vst_OSBS_2016,2016,distributed,400.0,22,22,0.0,True,56.387664829498725
OSBS_008,OSBS,vst_OSBS_2020,2020,distributed,400.0,21,21,0.0,True,51.470124031314036
OSBS_009,OSBS,vst_OSBS_2014,2014,distributed,400.0,32,23,0.28125,False,241.83131559713487
OSBS_009,OSBS,vst_OSBS_2016,2016,distributed,400.0,32,31,0.03125,True,149.53134403511524
OSBS_010,OSBS,vst_OSBS_2014,2014,distributed,400.0,31,29,0.06451612903225812,True,98.16975447593991
OSBS_010,OSBS,vst_OSBS_2016,2016,distributed,400.0,43,42,0.023255813953488413,True,141.83773268946572
OSBS_011,OSBS,vst_OSBS_2016,2016,distributed,400.0,53,52,0.018867924528301883,True,96.21459674305356
OSBS_013,OSBS,vst_OSBS_2016,2016,distributed,400.0,29,29,0.0,True,55.954772622799396
OSBS_015,OSBS,vst_OSBS_2014,2014,distributed,400.0,17,13,0.23529411764705888,False,6.819268404294947
OSBS_015,OSBS,vst_OSBS_2016,2016,distributed,400.0,38,24,0.368421052631579,False,8.20919015004649
OSBS_016,OSBS,vst_OSBS_2016,2016,distributed,400.0,21,20,0.04761904761904767,True,131.3122983912248
OSBS_022,OSBS,vst_OSBS_2016,2016,distributed,400.0,2,2,0.0,True,4.562437690173712
OSBS_023,OSBS,vst_OSBS_2015,2015,distributed,400.0,9,8,0.11111111111111116,False,11.324792458268607
OSBS_023,OSBS,vst_OSBS_2016,2016,distributed,400.0,10,10,0.0,True,18.438816014305004
OSBS_025,OSBS,vst_OSBS_2015,2015,tower,800.0,20,20,0.0,True,19.077350274035542
OSBS_025,OSBS,vst_OSBS_2016,2016,tower,800.0,17,17,0.0,True,17.858995162770608
OSBS_025,OSBS,vst_OSBS_2017,2017,tower,800.0,17,17,0.0,True,17.01943934817549
OSBS_025,OSBS,vst_OSBS_2018,2018,tower,800.0,14,14,0.0,True,13.896406201662495
OSBS_025,OSBS,vst_OSBS_2019,2019,tower,800.0,14,14,0.0,True,14.507202943052436
OSBS_025,OSBS,vst_OSBS_2023,2023,tower,800.0,12,12,0.0,True,14.037665305731192
OSBS_026,OSBS,vst_OSBS_2015,2015,tower,800.0,37,37,0.0,True,66.82693762754943
OSBS_026,OSBS,vst_OSBS_2016,2016,tower,800.0,36,36,0.0,True,62.42596452622134
OSBS_026,OSBS,vst_OSBS_2017,2017,tower,800.0,35,35,0.0,True,59.15243092385255
OSBS_026,OSBS,vst_OSBS_2018,2018,tower,800.0,36,36,0.0,True,59.51255439302302
OSBS_026,OSBS,vst_OSBS_2019,2019,tower,800.0,32,32,0.0,True,62.08791396867422
OSBS_026,OSBS,vst_OSBS_2020,2020,tower,800.0,31,31,0.0,True,63.09698189472562
OSBS_026,OSBS,vst_OSBS_2021,2021,tower,800.0,30,30,0.0,True,58.533669949355414
OSBS_026,OSBS,vst_OSBS_2022,2022,tower,800.0,30,30,0.0,True,62.65717720615669
OSBS_026,OSBS,vst_OSBS_2023,2023,tower,800.0,22,22,0.0,True,57.623012082705635
OSBS_026,OSBS,vst_OSBS_2024,2024,tower,800.0,23,23,0.0,True,55.32235961142111
OSBS_027,OSBS,vst_OSBS_2015,2015,tower,800.0,48,48,0.0,True,52.457911106449394
OSBS_027,OSBS,vst_OSBS_2016,2016,tower,800.0,32,32,0.0,True,43.25397680028182
OSBS_027,OSBS,vst_OSBS_2017,2017,tower,800.0,36,36,0.0,True,47.75019104676145
OSBS_027,OSBS,vst_OSBS_2018,2018,tower,800.0,40,40,0.0,True,49.471177971459575
OSBS_027,OSBS,vst_OSBS_2019,2019,tower,800.0,40,40,0.0,True,51.13143884330212
OSBS_027,OSBS,vst_OSBS_2020,2020,tower,800.0,38,38,0.0,True,49.53792057661055
OSBS_027,OSBS,vst_OSBS_2021,2021,tower,800.0,37,37,0.0,True,46.427824939126964
OSBS_027,OSBS,vst_OSBS_2022,2022,tower,800.0,39,39,0.0,True,48.51594042268136
OSBS_027,OSBS,vst_OSBS_2023,2023,tower,800.0,26,26,0.0,True,47.716724114123345
OSBS_027,OSBS,vst_OSBS_2024,2024,tower,800.0,30,30,0.0,True,52.57598986832068
OSBS_028,OSBS,vst_OSBS_2015,2015,tower,800.0,13,13,0.0,True,19.833711466561848
OSBS_028,OSBS,vst_OSBS_2016,2016,tower,800.0,18,18,0.0,True,24.12131234057787
OSBS_028,OSBS,vst_OSBS_2017,2017,tower,800.0,17,17,0.0,True,17.230558813184242
OSBS_028,OSBS,vst_OSBS_2018,2018,tower,800.0,19,19,0.0,True,21.336266364781018
OSBS_028,OSBS,vst_OSBS_2019,2019,tower,800.0,20,20,0.0,True,18.700616719862445
OSBS_028,OSBS,vst_OSBS_2020,2020,tower,800.0,21,21,0.0,True,19.177100448403657
OSBS_028,OSBS,vst_OSBS_2021,2021,tower,800.0,19,19,0.0,True,17.12174518534401
OSBS_028,OSBS,vst_OSBS_2022,2022,tower,800.0,20,20,0.0,True,19.43192756948164
OSBS_028,OSBS,vst_OSBS_2023,2023,tower,400.0,17,17,0.0,True,38.60222075746767
OSBS_028,OSBS,vst_OSBS_2024,2024,tower,800.0,17,17,0.0,True,20.231912527638613
OSBS_029,OSBS,vst_OSBS_2016,2016,tower,800.0,50,49,0.020000000000000018,True,52.464753840100244
OSBS_029,OSBS,vst_OSBS_2017,2017,tower,800.0,53,53,0.0,True,62.95957470282916
OSBS_029,OSBS,vst_OSBS_2018,2018,tower,800.0,55,55,0.0,True,67.14213210922564
OSBS_029,OSBS,vst_OSBS_2019,2019,tower,800.0,52,52,0.0,True,58.51119123854264
OSBS_029,OSBS,vst_OSBS_2020,2020,tower,800.0,50,50,0.0,True,59.46022080470058
OSBS_029,OSBS,vst_OSBS_2021,2021,tower,800.0,47,47,0.0,True,53.29454727393832
OSBS_029,OSBS,vst_OSBS_2022,2022,tower,800.0,46,46,0.0,True,54.195239670845986
OSBS_029,OSBS,vst_OSBS_2023,2023,tower,800.0,48,48,0.0,True,65.53572080861898
OSBS_029,OSBS,vst_OSBS_2024,2024,tower,800.0,48,48,0.0,True,67.33469930083656
OSBS_030,OSBS,vst_OSBS_2014,2014,tower,800.0,48,48,0.0,True,24.483426423767273
OSBS_030,OSBS,vst_OSBS_2016,2016,tower,800.0,48,48,0.0,True,21.137899478564723
OSBS_030,OSBS,vst_OSBS_2017,2017,tower,800.0,47,47,0.0,True,21.651622129293035
OSBS_030,OSBS,vst_OSBS_2023,2023,tower,800.0,43,43,0.0,True,26.36700283233257
OSBS_031,OSBS,vst_OSBS_2015,2015,tower,800.0,32,32,0.0,True,39.09510233612344
OSBS_031,OSBS,vst_OSBS_2016,2016,tower,800.0,41,41,0.0,True,64.24285280398357
OSBS_031,OSBS,vst_OSBS_2017,2017,tower,800.0,39,39,0.0,True,61.96319420653463
OSBS_031,OSBS,vst_OSBS_2019,2019,tower,800.0,23,23,0.0,True,44.51347733771134
OSBS_031,OSBS,vst_OSBS_2020,2020,tower,800.0,21,21,0.0,True,44.60969902423638
OSBS_031,OSBS,vst_OSBS_2021,2021,tower,800.0,20,20,0.0,True,44.39346725548049
OSBS_031,OSBS,vst_OSBS_2022,2022,tower,800.0,20,20,0.0,True,45.74235973711937
OSBS_031,OSBS,vst_OSBS_2023,2023,tower,800.0,19,19,0.0,True,47.621909743641474
OSBS_031,OSBS,vst_OSBS_2024,2024,tower,800.0,19,19,0.0,True,49.4790508426777
OSBS_032,OSBS,vst_OSBS_2015,2015,tower,800.0,33,33,0.0,True,36.73000295320036
OSBS_032,OSBS,vst_OSBS_2016,2016,tower,800.0,39,39,0.0,True,51.062825382008555
OSBS_032,OSBS,vst_OSBS_2017,2017,tower,800.0,47,47,0.0,True,45.04714150990717
OSBS_032,OSBS,vst_OSBS_2019,2019,tower,800.0,21,21,0.0,True,21.97854853047033
OSBS_032,OSBS,vst_OSBS_2023,2023,tower,800.0,19,19,0.0,True,19.705529445297557
OSBS_033,OSBS,vst_OSBS_2015,2015,tower,800.0,34,34,0.0,True,57.18716773980815
OSBS_033,OSBS,vst_OSBS_2016,2016,tower,800.0,34,34,0.0,True,60.27391811657372
OSBS_033,OSBS,vst_OSBS_2017,2017,tower,800.0,30,30,0.0,True,45.120410537264995
OSBS_033,OSBS,vst_OSBS_2023,2023,tower,800.0,26,26,0.0,True,48.60611479461481
OSBS_034,OSBS,vst_OSBS_2015,2015,tower,800.0,43,43,0.0,True,99.40851973749196
OSBS_034,OSBS,vst_OSBS_2016,2016,tower,800.0,36,36,0.0,True,82.6794808673483
OSBS_034,OSBS,vst_OSBS_2017,2017,tower,800.0,26,26,0.0,True,74.07735699090053
OSBS_034,OSBS,vst_OSBS_2023,2023,tower,800.0,26,26,0.0,True,78.2993437550169
OSBS_035,OSBS,vst_OSBS_2015,2015,tower,800.0,25,25,0.0,True,32.120009420776185
OSBS_035,OSBS,vst_OSBS_2016,2016,tower,800.0,29,29,0.0,True,37.86695194766798
OSBS_035,OSBS,vst_OSBS_2017,2017,tower,800.0,34,34,0.0,True,39.19976753288336
OSBS_035,OSBS,vst_OSBS_2023,2023,tower,800.0,22,22,0.0,True,43.430235357108195
OSBS_036,OSBS,vst_OSBS_2015,2015,tower,800.0,30,30,0.0,True,49.4341938240006
OSBS_036,OSBS,vst_OSBS_2016,2016,tower,800.0,31,31,0.0,True,49.2811748019989
OSBS_036,OSBS,vst_OSBS_2017,2017,tower,800.0,32,32,0.0,True,50.88113432582273
OSBS_036,OSBS,vst_OSBS_2023,2023,tower,800.0,24,24,0.0,True,55.74940177416363
OSBS_037,OSBS,vst_OSBS_2015,2015,tower,800.0,10,10,0.0,True,18.670229418556232
OSBS_037,OSBS,vst_OSBS_2016,2016,tower,800.0,11,11,0.0,True,18.662262373739573
OSBS_037,OSBS,vst_OSBS_2017,2017,tower,800.0,14,14,0.0,True,19.368462988907687
OSBS_037,OSBS,vst_OSBS_2023,2023,tower,800.0,13,13,0.0,True,22.421191033156123
OSBS_038,OSBS,vst_OSBS_2015,2015,tower,800.0,71,71,0.0,True,53.851262187339344
OSBS_038,OSBS,vst_OSBS_2016,2016,tower,800.0,71,71,0.0,True,54.73836977611203
OSBS_038,OSBS,vst_OSBS_2017,2017,tower,800.0,69,69,0.0,True,56.072654182683955
OSBS_038,OSBS,vst_OSBS_2023,2023,tower,800.0,62,62,0.0,True,43.687023133410776
OSBS_039,OSBS,vst_OSBS_2015,2015,tower,800.0,26,24,0.07692307692307687,True,29.42973214710502
OSBS_039,OSBS,vst_OSBS_2016,2016,tower,800.0,23,23,0.0,True,34.25104990588258
OSBS_039,OSBS,vst_OSBS_2017,2017,tower,800.0,21,21,0.0,True,34.48267247932946
OSBS_039,OSBS,vst_OSBS_2023,2023,tower,800.0,20,20,0.0,True,40.59900196097957
OSBS_040,OSBS,vst_OSBS_2015,2015,tower,800.0,47,47,0.0,True,79.13996298095613
OSBS_040,OSBS,vst_OSBS_2016,2016,tower,800.0,38,38,0.0,True,53.971737333227864
OSBS_040,OSBS,vst_OSBS_2017,2017,tower,800.0,38,38,0.0,True,69.69094882124092
OSBS_040,OSBS,vst_OSBS_2023,2023,tower,800.0,30,30,0.0,True,73.655087526226
OSBS_041,OSBS,vst_OSBS_2016,2016,tower,800.0,8,8,0.0,True,45.415911426605874
OSBS_041,OSBS,vst_OSBS_2017,2017,tower,800.0,13,13,0.0,True,45.75446554510792
OSBS_041,OSBS,vst_OSBS_2023,2023,tower,800.0,9,9,0.0,True,47.498675175685946
OSBS_042,OSBS,vst_OSBS_2015,2015,tower,800.0,40,40,0.0,True,32.63493110541253
OSBS_042,OSBS,vst_OSBS_2016,2016,tower,800.0,64,64,0.0,True,75.60825251435196
OSBS_042,OSBS,vst_OSBS_2017,2017,tower,800.0,69,69,0.0,True,73.40270173592256
OSBS_042,OSBS,vst_OSBS_2023,2023,tower,800.0,45,45,0.0,True,71.36631564383534
OSBS_043,OSBS,vst_OSBS_2015,2015,tower,800.0,38,38,0.0,True,49.80280088016825
OSBS_043,OSBS,vst_OSBS_2016,2016,tower,800.0,38,38,0.0,True,60.71352952556646
OSBS_043,OSBS,vst_OSBS_2017,2017,tower,800.0,40,40,0.0,True,61.81445364743476
OSBS_043,OSBS,vst_OSBS_2023,2023,tower,800.0,29,29,0.0,True,48.465679807857484
OSBS_044,OSBS,vst_OSBS_2015,2015,tower,800.0,24,24,0.0,True,98.49304531191038
OSBS_044,OSBS,vst_OSBS_2016,2016,tower,800.0,23,23,0.0,True,100.41903405152028
OSBS_044,OSBS,vst_OSBS_2017,2017,tower,800.0,23,23,0.0,True,91.27390473841918
OSBS_044,OSBS,vst_OSBS_2023,2023,tower,800.0,21,21,0.0,True,86.5339960148938
OSBS_048,OSBS,vst_OSBS_2015,2015,distributed,400.0,22,22,0.0,True,137.1359344650424
OSBS_048,OSBS,vst_OSBS_2016,2016,distributed,400.0,24,24,0.0,True,144.208741964098
OSBS_050,OSBS,vst_OSBS_2015,2015,distributed,400.0,4,4,0.0,True,18.77788692629044
OSBS_051,OSBS,vst_OSBS_2015,2015,distributed,400.0,6,6,0.0,True,18.484607476725017
OSBS_051,OSBS,vst_OSBS_2016,2016,distributed,400.0,3,3,0.0,True,10.03628722588691
OSBS_063,OSBS,vst_OSBS_2020,2020,distributed,400.0,15,15,0.0,True,39.724951015988225
OSBS_067,OSBS,vst_OSBS_2020,2020,distributed,400.0,15,15,0.0,True,81.69252104408066
PUUM_001,PUUM,vst_PUUM_2020,2020,distributed,400.0,51,2,0.9607843137254902,False,0.040000365423604425
PUUM_001,PUUM,vst_PUUM_2025,2025,distributed,400.0,52,2,0.9615384615384616,False,0.06171614765488033
PUUM_004,PUUM,vst_PUUM_2020,2020,distributed,400.0,30,1,0.9666666666666667,False,1.33550945093973
PUUM_004,PUUM,vst_PUUM_2025,2025,distributed,400.0,33,1,0.9696969696969697,False,0.9934581381031325
PUUM_005,PUUM,vst_PUUM_2020,2020,distributed,400.0,48,9,0.8125,False,1.9528626832191112
PUUM_005,PUUM,vst_PUUM_2025,2025,distributed,400.0,50,11,0.78,False,1.946767047966805
PUUM_006,PUUM,vst_PUUM_2020,2020,distributed,400.0,31,5,0.8387096774193549,False,3.7496951150446716
PUUM_006,PUUM,vst_PUUM_2025,2025,distributed,400.0,30,5,0.8333333333333334,False,4.497970993990228
PUUM_007,PUUM,vst_PUUM_2020,2020,distributed,400.0,25,2,0.92,False,2.6241217686799794
PUUM_007,PUUM,vst_PUUM_2025,2025,distributed,400.0,23,1,0.9565217391304348,False,1.3856340334076451
PUUM_008,PUUM,vst_PUUM_2025,2025,distributed,400.0,64,1,0.984375,False,0.011308802256934748
PUUM_009,PUUM,vst_PUUM_2025,2025,distributed,400.0,50,2,0.96,False,0.23594185198050296
PUUM_010,PUUM,vst_PUUM_2020,2020,distributed,400.0,24,2,0.9166666666666666,False,0.28683442266900605
PUUM_010,PUUM,vst_PUUM_2025,2025,distributed,400.0,22,2,0.9090909090909091,False,0.29685891813661996
PUUM_012,PUUM,vst_PUUM_2020,2020,distributed,400.0,33,1,0.9696969696969697,False,0.27955111746827893
PUUM_012,PUUM,vst_PUUM_2025,2025,distributed,400.0,33,1,0.9696969696969697,False,0.377342342051634
PUUM_014,PUUM,vst_PUUM_2020,2020,distributed,400.0,34,3,0.9117647058823529,False,1.354168522305997
PUUM_014,PUUM,vst_PUUM_2025,2025,distributed,400.0,30,7,0.7666666666666666,False,1.638030296979823
PUUM_015,PUUM,vst_PUUM_2020,2020,distributed,400.0,28,8,0.7142857142857143,False,7.333251317378836
PUUM_015,PUUM,vst_PUUM_2025,2025,distributed,400.0,36,9,0.75,False,8.445868312689663
PUUM_016,PUUM,vst_PUUM_2020,2020,distributed,400.0,5,2,0.6,False,2.1878829890774028
PUUM_016,PUUM,vst_PUUM_2025,2025,distributed,400.0,7,4,0.4285714285714286,False,1.8476360645609722
PUUM_017,PUUM,vst_PUUM_2020,2020,distributed,400.0,21,2,0.9047619047619048,False,0.15039104802387168
PUUM_017,PUUM,vst_PUUM_2025,2025,distributed,400.0,22,4,0.8181818181818181,False,0.3107195206876106
PUUM_018,PUUM,vst_PUUM_2020,2020,distributed,400.0,41,8,0.8048780487804879,False,2.847148174788859
PUUM_018,PUUM,vst_PUUM_2025,2025,distributed,400.0,41,9,0.7804878048780488,False,3.1207382397559678
PUUM_019,PUUM,vst_PUUM_2020,2020,distributed,400.0,50,3,0.94,False,98.04667802592502
PUUM_019,PUUM,vst_PUUM_2025,2025,distributed,400.0,43,3,0.9302325581395349,False,123.80767308673532
PUUM_020,PUUM,vst_PUUM_2020,2020,distributed,400.0,85,2,0.9764705882352941,False,0.015622557893480956
PUUM_020,PUUM,vst_PUUM_2025,2025,distributed,400.0,84,2,0.9761904761904762,False,0.019051183072081198
PUUM_031,PUUM,vst_PUUM_2018,2018,tower,400.0,40,4,0.9,False,1.818086424819405
PUUM_031,PUUM,vst_PUUM_2019,2019,tower,400.0,47,6,0.8723404255319149,False,1.7170472756881154
PUUM_031,PUUM,vst_PUUM_2020,2020,tower,400.0,49,7,0.8571428571428572,False,1.7759666302575792
PUUM_031,PUUM,vst_PUUM_2023,2023,tower,400.0,41,6,0.8536585365853658,False,2.1426519681772764
PUUM_033,PUUM,vst_PUUM_2023,2023,tower,400.0,44,1,0.9772727272727273,False,0.005156404345407282
PUUM_034,PUUM,vst_PUUM_2018,2018,tower,400.0,41,15,0.6341463414634146,False,24.351094841800833
PUUM_034,PUUM,vst_PUUM_2019,2019,tower,400.0,45,15,0.6666666666666667,False,25.431145826842172
PUUM_034,PUUM,vst_PUUM_2020,2020,tower,400.0,43,14,0.6744186046511628,False,18.563958856082955
PUUM_034,PUUM,vst_PUUM_2021,2021,tower,400.0,42,14,0.6666666666666667,False,26.20372100318119
PUUM_034,PUUM,vst_PUUM_2022,2022,tower,400.0,40,12,0.7,False,25.195113413750914
PUUM_034,PUUM,vst_PUUM_2023,2023,tower,400.0,57,18,0.6842105263157895,False,27.19818533276709
PUUM_034,PUUM,vst_PUUM_2024,2024,tower,400.0,58,20,0.6551724137931034,False,27.437843416073072
PUUM_034,PUUM,vst_PUUM_2025,2025,tower,400.0,58,20,0.6551724137931034,False,28.278702410242996
PUUM_035,PUUM,vst_PUUM_2018,2018,tower,400.0,28,7,0.75,False,16.081113418532087
PUUM_035,PUUM,vst_PUUM_2019,2019,tower,400.0,30,6,0.8,False,15.23724757814015
PUUM_035,PUUM,vst_PUUM_2020,2020,tower,400.0,32,7,0.78125,False,16.473456702077975
PUUM_035,PUUM,vst_PUUM_2022,2022,tower,400.0,31,6,0.8064516129032258,False,16.477833146163782
PUUM_035,PUUM,vst_PUUM_2023,2023,tower,400.0,45,9,0.8,False,17.94176173131075
PUUM_036,PUUM,vst_PUUM_2018,2018,tower,400.0,34,8,0.7647058823529411,False,3.9351236039749597
PUUM_036,PUUM,vst_PUUM_2021,2021,tower,400.0,50,19,0.62,False,5.424453632411791
PUUM_036,PUUM,vst_PUUM_2023,2023,tower,400.0,48,17,0.6458333333333333,False,4.627791717273472
PUUM_036,PUUM,vst_PUUM_2024,2024,tower,400.0,46,16,0.6521739130434783,False,4.495804400970232
PUUM_036,PUUM,vst_PUUM_2025,2025,tower,400.0,48,18,0.625,False,4.9281490087206885
PUUM_037,PUUM,vst_PUUM_2023,2023,tower,400.0,85,3,0.9647058823529412,False,0.046324354112686275
PUUM_040,PUUM,vst_PUUM_2018,2018,tower,400.0,51,14,0.7254901960784313,False,11.763787423813266
PUUM_040,PUUM,vst_PUUM_2021,2021,tower,400.0,44,12,0.7272727272727273,False,13.276988718303553
PUUM_040,PUUM,vst_PUUM_2022,2022,tower,400.0,41,11,0.7317073170731707,False,9.31535601766453
PUUM_040,PUUM,vst_PUUM_2023,2023,tower,400.0,38,10,0.736842105263158,False,11.97461385085508
PUUM_040,PUUM,vst_PUUM_2024,2024,tower,400.0,41,11,0.7317073170731707,False,13.590023248486824
PUUM_040,PUUM,vst_PUUM_2025,2025,tower,400.0,42,12,0.7142857142857143,False,14.845258291960059
PUUM_041,PUUM,vst_PUUM_2018,2018,tower,400.0,42,10,0.7619047619047619,False,8.032373882006718
PUUM_041,PUUM,vst_PUUM_2023,2023,tower,400.0,46,9,0.8043478260869565,False,7.803854420419558
PUUM_042,PUUM,vst_PUUM_2018,2018,tower,400.0,47,14,0.7021276595744681,False,20.762572827921208
PUUM_042,PUUM,vst_PUUM_2021,2021,tower,400.0,45,10,0.7777777777777778,False,17.856348046898674
PUUM_042,PUUM,vst_PUUM_2023,2023,tower,400.0,45,9,0.8,False,16.683861210878337
PUUM_042,PUUM,vst_PUUM_2024,2024,tower,400.0,43,9,0.7906976744186046,False,16.432102972958436
PUUM_042,PUUM,vst_PUUM_2025,2025,tower,400.0,46,11,0.7608695652173914,False,18.1599965519635
PUUM_044,PUUM,vst_PUUM_2018,2018,tower,400.0,54,3,0.9444444444444444,False,1.574408437333789
PUUM_046,PUUM,vst_PUUM_2018,2018,tower,400.0,33,8,0.7575757575757576,False,7.445200438821929
PUUM_047,PUUM,vst_PUUM_2018,2018,tower,400.0,41,1,0.975609756097561,False,0.005156404345407282
PUUM_048,PUUM,vst_PUUM_2018,2018,tower,400.0,46,1,0.9782608695652174,False,0.09249471050456956
PUUM_049,PUUM,vst_PUUM_2018,2018,tower,400.0,29,13,0.5517241379310345,False,22.357557118012792
PUUM_050,PUUM,vst_PUUM_2018,2018,tower,400.0,42,4,0.9047619047619048,False,2.015440725658869
RMNP_001,RMNP,vst_RMNP_2018,2018,distributed,400.0,51,51,0.0,True,122.48464775846432
RMNP_001,RMNP,vst_RMNP_2020,2020,distributed,400.0,50,50,0.0,True,122.6011909393433
RMNP_001,RMNP,vst_RMNP_2025,2025,distributed,400.0,51,51,0.0,True,137.34684202815097
RMNP_002,RMNP,vst_RMNP_2018,2018,distributed,400.0,47,47,0.0,True,107.21335350320015
RMNP_002,RMNP,vst_RMNP_2020,2020,distributed,400.0,42,42,0.0,True,101.59082391622105
RMNP_002,RMNP,vst_RMNP_2025,2025,distributed,400.0,48,48,0.0,True,123.62551929523973
RMNP_003,RMNP,vst_RMNP_2018,2018,distributed,400.0,41,41,0.0,True,68.32877251823442
RMNP_003,RMNP,vst_RMNP_2020,2020,distributed,400.0,44,44,0.0,True,89.9972993260904
RMNP_003,RMNP,vst_RMNP_2025,2025,distributed,400.0,27,27,0.0,True,66.700391977842
RMNP_004,RMNP,vst_RMNP_2018,2018,distributed,400.0,71,71,0.0,True,102.93135861629128
RMNP_004,RMNP,vst_RMNP_2020,2020,distributed,400.0,65,65,0.0,True,97.08473280846754
RMNP_004,RMNP,vst_RMNP_2025,2025,distributed,400.0,71,71,0.0,True,108.57928654030736
RMNP_005,RMNP,vst_RMNP_2018,2018,distributed,400.0,40,40,0.0,True,100.54571759029278
RMNP_005,RMNP,vst_RMNP_2020,2020,distributed,400.0,40,40,0.0,True,105.83706571665054
RMNP_005,RMNP,vst_RMNP_2025,2025,distributed,400.0,40,40,0.0,True,114.16895812773382
RMNP_006,RMNP,vst_RMNP_2018,2018,distributed,400.0,131,131,0.0,True,158.06851027055686
RMNP_006,RMNP,vst_RMNP_2020,2020,distributed,400.0,130,130,0.0,True,164.3759092732354
RMNP_006,RMNP,vst_RMNP_2025,2025,distributed,400.0,130,130,0.0,True,177.7701918219877
RMNP_007,RMNP,vst_RMNP_2018,2018,distributed,400.0,57,57,0.0,True,173.02617591958352
RMNP_007,RMNP,vst_RMNP_2020,2020,distributed,400.0,53,53,0.0,True,175.92331044931555
RMNP_007,RMNP,vst_RMNP_2025,2025,distributed,400.0,48,48,0.0,True,165.2066194520466
RMNP_008,RMNP,vst_RMNP_2018,2018,distributed,400.0,121,121,0.0,True,198.66531159321886
RMNP_008,RMNP,vst_RMNP_2020,2020,distributed,400.0,118,118,0.0,True,197.77313169880702
RMNP_008,RMNP,vst_RMNP_2025,2025,distributed,400.0,120,120,0.0,True,212.68499570862613
RMNP_009,RMNP,vst_RMNP_2018,2018,distributed,400.0,36,36,0.0,True,90.46097714439601
RMNP_009,RMNP,vst_RMNP_2020,2020,distributed,400.0,35,35,0.0,True,90.67027404443338
RMNP_009,RMNP,vst_RMNP_2025,2025,distributed,400.0,38,38,0.0,True,97.25959885378367
RMNP_010,RMNP,vst_RMNP_2018,2018,distributed,400.0,16,16,0.0,True,99.48940015439528
RMNP_010,RMNP,vst_RMNP_2020,2020,distributed,400.0,16,16,0.0,True,102.2951721433887
RMNP_010,RMNP,vst_RMNP_2025,2025,distributed,400.0,18,18,0.0,True,108.65184270612049
RMNP_011,RMNP,vst_RMNP_2018,2018,distributed,400.0,18,18,0.0,True,81.23761420058894
RMNP_011,RMNP,vst_RMNP_2020,2020,distributed,400.0,18,18,0.0,True,85.75094171030601
RMNP_011,RMNP,vst_RMNP_2025,2025,distributed,400.0,18,18,0.0,True,91.21858961206561
RMNP_012,RMNP,vst_RMNP_2018,2018,distributed,400.0,102,102,0.0,True,167.2473953169898
RMNP_012,RMNP,vst_RMNP_2020,2020,distributed,400.0,97,97,0.0,True,169.42848295262866
RMNP_012,RMNP,vst_RMNP_2025,2025,distributed,400.0,99,99,0.0,True,180.69615424870096
RMNP_013,RMNP,vst_RMNP_2018,2018,distributed,400.0,12,12,0.0,True,42.47357000539281
RMNP_013,RMNP,vst_RMNP_2020,2020,distributed,400.0,12,12,0.0,True,41.74880603075181
RMNP_013,RMNP,vst_RMNP_2025,2025,distributed,400.0,12,12,0.0,True,45.78196068464634
RMNP_014,RMNP,vst_RMNP_2018,2018,distributed,400.0,104,104,0.0,True,161.39889112981422
RMNP_014,RMNP,vst_RMNP_2020,2020,distributed,400.0,103,103,0.0,True,165.6239597525303
RMNP_014,RMNP,vst_RMNP_2025,2025,distributed,400.0,106,106,0.0,True,183.42174110081956
RMNP_015,RMNP,vst_RMNP_2018,2018,distributed,400.0,16,16,0.0,True,60.02947905829059
RMNP_015,RMNP,vst_RMNP_2020,2020,distributed,400.0,18,18,0.0,True,86.80839710274473
RMNP_015,RMNP,vst_RMNP_2025,2025,distributed,400.0,20,20,0.0,True,81.36199425211666
RMNP_016,RMNP,vst_RMNP_2018,2018,distributed,400.0,7,7,0.0,True,41.05913507996372
RMNP_016,RMNP,vst_RMNP_2020,2020,distributed,400.0,5,5,0.0,True,26.290776286089873
RMNP_016,RMNP,vst_RMNP_2025,2025,distributed,400.0,5,5,0.0,True,28.212606717717165
RMNP_017,RMNP,vst_RMNP_2018,2018,distributed,400.0,24,24,0.0,True,95.92551605096504
RMNP_017,RMNP,vst_RMNP_2020,2020,distributed,400.0,23,23,0.0,True,96.28971710262466
RMNP_017,RMNP,vst_RMNP_2025,2025,distributed,400.0,29,29,0.0,True,103.91893548619642
RMNP_018,RMNP,vst_RMNP_2018,2018,distributed,400.0,44,44,0.0,True,54.623489994065466
RMNP_018,RMNP,vst_RMNP_2020,2020,distributed,400.0,42,42,0.0,True,59.68317194031209
RMNP_018,RMNP,vst_RMNP_2025,2025,distributed,400.0,44,44,0.0,True,68.18126851810332
RMNP_019,RMNP,vst_RMNP_2018,2018,distributed,400.0,10,10,0.0,True,62.08598670288915
RMNP_019,RMNP,vst_RMNP_2020,2020,distributed,400.0,10,10,0.0,True,62.881747614875614
RMNP_019,RMNP,vst_RMNP_2025,2025,distributed,400.0,5,5,0.0,True,56.37689210458366
RMNP_020,RMNP,vst_RMNP_2018,2018,distributed,400.0,31,31,0.0,True,76.6174149435291
RMNP_020,RMNP,vst_RMNP_2020,2020,distributed,400.0,32,32,0.0,True,71.09504809843513
RMNP_041,RMNP,vst_RMNP_2017,2017,tower,800.0,67,67,0.0,True,165.29267257013336
RMNP_041,RMNP,vst_RMNP_2018,2018,tower,800.0,63,63,0.0,True,182.3163099361253
RMNP_041,RMNP,vst_RMNP_2019,2019,tower,800.0,64,64,0.0,True,182.39666685853274
RMNP_041,RMNP,vst_RMNP_2020,2020,tower,800.0,65,65,0.0,True,186.79666967248838
RMNP_041,RMNP,vst_RMNP_2021,2021,tower,800.0,64,64,0.0,True,187.88692960297507
RMNP_041,RMNP,vst_RMNP_2022,2022,tower,800.0,63,63,0.0,True,185.36531841551746
RMNP_041,RMNP,vst_RMNP_2023,2023,tower,800.0,65,65,0.0,True,187.22746722182782
RMNP_041,RMNP,vst_RMNP_2024,2024,tower,800.0,58,58,0.0,True,155.79866129827772
RMNP_041,RMNP,vst_RMNP_2025,2025,tower,800.0,57,57,0.0,True,726.1524604234737
RMNP_042,RMNP,vst_RMNP_2017,2017,tower,800.0,42,42,0.0,True,84.85219153418694
RMNP_042,RMNP,vst_RMNP_2018,2018,tower,800.0,42,42,0.0,True,86.24734217427509
RMNP_042,RMNP,vst_RMNP_2019,2019,tower,800.0,42,42,0.0,True,86.15854435421522
RMNP_042,RMNP,vst_RMNP_2020,2020,tower,800.0,42,42,0.0,True,86.74640801743841
RMNP_042,RMNP,vst_RMNP_2021,2021,tower,800.0,43,43,0.0,True,90.84191357183917
RMNP_042,RMNP,vst_RMNP_2022,2022,tower,400.0,43,43,0.0,True,185.779820830601
RMNP_042,RMNP,vst_RMNP_2023,2023,tower,800.0,44,44,0.0,True,94.19513164514865
RMNP_042,RMNP,vst_RMNP_2024,2024,tower,800.0,41,41,0.0,True,89.03660611408512
RMNP_042,RMNP,vst_RMNP_2025,2025,tower,800.0,39,39,0.0,True,89.95309924000023
RMNP_043,RMNP,vst_RMNP_2017,2017,tower,800.0,30,30,0.0,True,127.96634819319223
RMNP_043,RMNP,vst_RMNP_2018,2018,tower,800.0,31,31,0.0,True,138.1759206442761
RMNP_043,RMNP,vst_RMNP_2019,2019,tower,800.0,31,31,0.0,True,134.20684386779823
RMNP_043,RMNP,vst_RMNP_2020,2020,tower,800.0,31,31,0.0,True,136.6376795764961
RMNP_043,RMNP,vst_RMNP_2021,2021,tower,800.0,32,32,0.0,True,139.05231031689755
RMNP_043,RMNP,vst_RMNP_2022,2022,tower,800.0,31,31,0.0,True,138.9603912714561
RMNP_043,RMNP,vst_RMNP_2023,2023,tower,800.0,33,33,0.0,True,142.76135247513278
RMNP_043,RMNP,vst_RMNP_2024,2024,tower,800.0,16,16,0.0,True,42.001805962541596
RMNP_043,RMNP,vst_RMNP_2025,2025,tower,800.0,15,15,0.0,True,37.92007908357099
RMNP_044,RMNP,vst_RMNP_2017,2017,tower,800.0,38,38,0.0,True,120.08510538783653
RMNP_044,RMNP,vst_RMNP_2018,2018,tower,800.0,34,34,0.0,True,110.02259302376153
RMNP_044,RMNP,vst_RMNP_2019,2019,tower,800.0,36,36,0.0,True,107.60182815844541
RMNP_044,RMNP,vst_RMNP_2020,2020,tower,800.0,36,36,0.0,True,109.52102854900613
RMNP_044,RMNP,vst_RMNP_2021,2021,tower,800.0,35,35,0.0,True,113.4752383273277
RMNP_044,RMNP,vst_RMNP_2022,2022,tower,800.0,34,34,0.0,True,90.36768189364457
RMNP_044,RMNP,vst_RMNP_2023,2023,tower,800.0,42,42,0.0,True,94.08978526763308
RMNP_044,RMNP,vst_RMNP_2024,2024,tower,800.0,43,43,0.0,True,92.83472598392636
RMNP_044,RMNP,vst_RMNP_2025,2025,tower,800.0,31,31,0.0,True,91.99342476854643
RMNP_045,RMNP,vst_RMNP_2017,2017,tower,800.0,64,64,0.0,True,194.42120676614084
RMNP_045,RMNP,vst_RMNP_2018,2018,tower,800.0,67,67,0.0,True,196.30663187542467
RMNP_045,RMNP,vst_RMNP_2019,2019,tower,800.0,63,63,0.0,True,190.82418960357114
RMNP_045,RMNP,vst_RMNP_2020,2020,tower,800.0,64,64,0.0,True,194.8558116584852
RMNP_045,RMNP,vst_RMNP_2021,2021,tower,800.0,64,64,0.0,True,202.3957145915323
RMNP_045,RMNP,vst_RMNP_2022,2022,tower,800.0,59,59,0.0,True,179.50415883588113
RMNP_045,RMNP,vst_RMNP_2023,2023,tower,800.0,57,57,0.0,True,172.53003292729053
RMNP_045,RMNP,vst_RMNP_2024,2024,tower,800.0,62,62,0.0,True,174.32442359365513
RMNP_045,RMNP,vst_RMNP_2025,2025,tower,800.0,61,61,0.0,True,182.94188392329696
RMNP_046,RMNP,vst_RMNP_2017,2017,tower,800.0,38,38,0.0,True,113.964921882492
RMNP_046,RMNP,vst_RMNP_2018,2018,tower,800.0,40,40,0.0,True,114.19068086797338
RMNP_046,RMNP,vst_RMNP_2019,2019,tower,800.0,3,3,0.0,True,29.466792808362467
RMNP_046,RMNP,vst_RMNP_2023,2023,tower,800.0,40,40,0.0,True,119.09629341642649
RMNP_047,RMNP,vst_RMNP_2017,2017,tower,800.0,55,55,0.0,True,72.27280291282003
RMNP_047,RMNP,vst_RMNP_2018,2018,tower,800.0,60,60,0.0,True,87.07013121583279
RMNP_047,RMNP,vst_RMNP_2023,2023,tower,800.0,58,58,0.0,True,95.2945224041236
RMNP_048,RMNP,vst_RMNP_2017,2017,tower,800.0,62,62,0.0,True,55.093305261168
RMNP_048,RMNP,vst_RMNP_2018,2018,tower,800.0,63,63,0.0,True,60.079910190740584
RMNP_048,RMNP,vst_RMNP_2023,2023,tower,800.0,63,63,0.0,True,68.80497880498154
RMNP_049,RMNP,vst_RMNP_2017,2017,tower,800.0,63,63,0.0,True,53.728651106601795
RMNP_049,RMNP,vst_RMNP_2018,2018,tower,800.0,59,59,0.0,True,55.20911846727188
RMNP_049,RMNP,vst_RMNP_2019,2019,tower,800.0,1,1,0.0,True,13.720979082807347
RMNP_049,RMNP,vst_RMNP_2023,2023,tower,800.0,57,57,0.0,True,62.141838424277196
SCBI_002,SCBI,vst_SCBI_2017,2017,distributed,400.0,82,13,0.8414634146341463,False,307.74899966459833
SCBI_002,SCBI,vst_SCBI_2023,2023,distributed,400.0,80,10,0.875,False,75.84966511949033
SCBI_003,SCBI,vst_SCBI_2017,2017,distributed,400.0,24,22,0.08333333333333337,True,343.2538756103082
SCBI_003,SCBI,vst_SCBI_2023,2023,distributed,400.0,24,19,0.20833333333333337,False,215.78405663038555
SCBI_004,SCBI,vst_SCBI_2017,2017,distributed,400.0,64,20,0.6875,False,123.83871345323554
SCBI_004,SCBI,vst_SCBI_2023,2023,distributed,400.0,60,12,0.8,False,134.76227688637033
SCBI_005,SCBI,vst_SCBI_2017,2017,distributed,400.0,4,4,0.0,True,247.2278426393176
SCBI_007,SCBI,vst_SCBI_2017,2017,distributed,400.0,13,13,0.0,True,502.88603521268664
SCBI_007,SCBI,vst_SCBI_2023,2023,distributed,400.0,7,7,0.0,True,448.227329232601
SCBI_008,SCBI,vst_SCBI_2017,2017,distributed,400.0,28,15,0.4642857142857143,False,607.4349048261996
SCBI_008,SCBI,vst_SCBI_2023,2023,distributed,400.0,37,14,0.6216216216216216,False,680.8614049529968
SCBI_010,SCBI,vst_SCBI_2017,2017,distributed,400.0,15,15,0.0,True,61.24801460936011
SCBI_010,SCBI,vst_SCBI_2023,2023,distributed,400.0,31,12,0.6129032258064516,False,60.07345153453794
SCBI_011,SCBI,vst_SCBI_2017,2017,distributed,400.0,30,25,0.16666666666666663,False,367.49892643133154
SCBI_011,SCBI,vst_SCBI_2023,2023,distributed,400.0,23,22,0.04347826086956519,True,383.6888505437816
SCBI_013,SCBI,vst_SCBI_2017,2017,distributed,400.0,19,17,0.10526315789473684,False,466.00268146310026
SCBI_013,SCBI,vst_SCBI_2023,2023,distributed,400.0,14,12,0.1428571428571429,False,432.37681049598564
SCBI_014,SCBI,vst_SCBI_2017,2017,distributed,400.0,17,17,0.0,True,80.04527025027055
SCBI_014,SCBI,vst_SCBI_2023,2023,distributed,400.0,15,14,0.06666666666666665,True,72.8452861341996
SCBI_015,SCBI,vst_SCBI_2017,2017,distributed,400.0,42,6,0.8571428571428572,False,221.57043601706147
SCBI_015,SCBI,vst_SCBI_2023,2023,distributed,400.0,55,7,0.8727272727272728,False,236.40522775707277
SCBI_016,SCBI,vst_SCBI_2017,2017,distributed,400.0,14,14,0.0,True,104.63043696427
SCBI_016,SCBI,vst_SCBI_2023,2023,distributed,400.0,13,13,0.0,True,135.51463052138007
SCBI_017,SCBI,vst_SCBI_2017,2017,distributed,400.0,14,14,0.0,True,74.8175935197214
SCBI_017,SCBI,vst_SCBI_2023,2023,distributed,400.0,11,11,0.0,True,86.36637331869782
SCBI_018,SCBI,vst_SCBI_2017,2017,distributed,400.0,19,19,0.0,True,197.90112065814617
SCBI_018,SCBI,vst_SCBI_2023,2023,distributed,400.0,15,15,0.0,True,187.77998068215615
SCBI_019,SCBI,vst_SCBI_2023,2023,distributed,400.0,14,13,0.0714285714285714,True,106.55911990533764
SCBI_021,SCBI,vst_SCBI_2023,2023,distributed,400.0,14,14,0.0,True,135.3071716791449
SCBI_022,SCBI,vst_SCBI_2023,2023,distributed,400.0,16,16,0.0,True,221.84365339142423
SCBI_023,SCBI,vst_SCBI_2023,2023,distributed,400.0,10,8,0.19999999999999996,False,167.4988565443109
SCBI_045,SCBI,vst_SCBI_2015,2015,tower,800.0,40,33,0.17500000000000004,False,152.10343731216963
SCBI_045,SCBI,vst_SCBI_2016,2016,tower,800.0,29,21,0.27586206896551724,False,94.76965832370672
SCBI_045,SCBI,vst_SCBI_2017,2017,tower,800.0,28,20,0.2857142857142857,False,65.08837486304719
SCBI_045,SCBI,vst_SCBI_2018,2018,tower,800.0,31,22,0.29032258064516125,False,71.67658341403117
SCBI_045,SCBI,vst_SCBI_2019,2019,tower,800.0,25,17,0.31999999999999995,False,62.444350418406
SCBI_045,SCBI,vst_SCBI_2020,2020,tower,800.0,21,14,0.33333333333333337,False,60.311435611362164
SCBI_045,SCBI,vst_SCBI_2021,2021,tower,800.0,17,10,0.4117647058823529,False,55.63057616180961
SCBI_045,SCBI,vst_SCBI_2022,2022,tower,800.0,16,9,0.4375,False,52.84715460058875
SCBI_045,SCBI,vst_SCBI_2023,2023,tower,800.0,15,8,0.4666666666666667,False,51.51543597035808
SCBI_045,SCBI,vst_SCBI_2024,2024,tower,800.0,13,6,0.5384615384615384,False,45.24982396589272
SCBI_045,SCBI,vst_SCBI_2025,2025,tower,800.0,9,5,0.4444444444444444,False,43.97794691302194
SCBI_046,SCBI,vst_SCBI_2015,2015,tower,800.0,29,28,0.03448275862068961,True,240.3474736302921
SCBI_046,SCBI,vst_SCBI_2016,2016,tower,800.0,31,28,0.09677419354838712,True,243.096389522649
SCBI_046,SCBI,vst_SCBI_2017,2017,tower,800.0,32,29,0.09375,True,249.39233880340015
SCBI_046,SCBI,vst_SCBI_2018,2018,tower,800.0,34,29,0.1470588235294118,False,251.85177101593797
SCBI_046,SCBI,vst_SCBI_2020,2020,tower,800.0,34,26,0.23529411764705888,False,250.4512376605212
SCBI_046,SCBI,vst_SCBI_2025,2025,tower,800.0,44,28,0.36363636363636365,False,256.34057637664586
SCBI_047,SCBI,vst_SCBI_2015,2015,tower,800.0,42,41,0.023809523809523836,True,232.8226948340558
SCBI_047,SCBI,vst_SCBI_2016,2016,tower,800.0,31,31,0.0,True,234.85729462104777
SCBI_047,SCBI,vst_SCBI_2017,2017,tower,800.0,32,32,0.0,True,245.124748564657
SCBI_047,SCBI,vst_SCBI_2018,2018,tower,800.0,32,32,0.0,True,256.44483962906935
SCBI_047,SCBI,vst_SCBI_2019,2019,tower,800.0,29,29,0.0,True,254.0091103649404
SCBI_047,SCBI,vst_SCBI_2020,2020,tower,800.0,29,29,0.0,True,258.24701036597196
SCBI_047,SCBI,vst_SCBI_2021,2021,tower,800.0,27,27,0.0,True,250.5264295820357
SCBI_047,SCBI,vst_SCBI_2022,2022,tower,800.0,27,27,0.0,True,252.37788470378882
SCBI_047,SCBI,vst_SCBI_2023,2023,tower,800.0,26,26,0.0,True,266.9646827695376
SCBI_047,SCBI,vst_SCBI_2024,2024,tower,800.0,25,25,0.0,True,270.1123591697504
SCBI_047,SCBI,vst_SCBI_2025,2025,tower,800.0,26,26,0.0,True,269.88771290362894
SCBI_048,SCBI,vst_SCBI_2015,2015,tower,800.0,27,27,0.0,True,354.7005998189314
SCBI_048,SCBI,vst_SCBI_2016,2016,tower,800.0,23,23,0.0,True,370.9408093093103
SCBI_048,SCBI,vst_SCBI_2017,2017,tower,800.0,22,22,0.0,True,364.778430797063
SCBI_048,SCBI,vst_SCBI_2018,2018,tower,800.0,22,22,0.0,True,374.8801786219671
SCBI_048,SCBI,vst_SCBI_2020,2020,tower,800.0,22,22,0.0,True,383.2309236413531
SCBI_048,SCBI,vst_SCBI_2025,2025,tower,800.0,19,19,0.0,True,401.9362353266691
SCBI_049,SCBI,vst_SCBI_2015,2015,tower,800.0,45,45,0.0,True,314.65618312112184
SCBI_049,SCBI,vst_SCBI_2016,2016,tower,800.0,44,44,0.0,True,320.90041393496034
SCBI_049,SCBI,vst_SCBI_2017,2017,tower,800.0,43,43,0.0,True,272.13343197969147
SCBI_049,SCBI,vst_SCBI_2018,2018,tower,800.0,41,41,0.0,True,303.0991499489808
SCBI_049,SCBI,vst_SCBI_2019,2019,tower,800.0,39,39,0.0,True,274.89207568324065
SCBI_049,SCBI,vst_SCBI_2020,2020,tower,800.0,36,36,0.0,True,290.6814306446577
SCBI_049,SCBI,vst_SCBI_2021,2021,tower,800.0,35,35,0.0,True,274.83082601057527
SCBI_049,SCBI,vst_SCBI_2022,2022,tower,800.0,34,33,0.02941176470588236,True,243.98972510107882
SCBI_049,SCBI,vst_SCBI_2023,2023,tower,800.0,31,30,0.032258064516129004,True,243.24163262954198
SCBI_049,SCBI,vst_SCBI_2024,2024,tower,800.0,29,28,0.03448275862068961,True,248.27879293982434
SCBI_049,SCBI,vst_SCBI_2025,2025,tower,800.0,29,27,0.06896551724137934,True,254.246341263342
SCBI_050,SCBI,vst_SCBI_2015,2015,tower,800.0,26,26,0.0,True,220.49954434761716
SCBI_050,SCBI,vst_SCBI_2016,2016,tower,800.0,17,17,0.0,True,261.2924956852669
SCBI_050,SCBI,vst_SCBI_2017,2017,tower,800.0,15,15,0.0,True,248.44009778439272
SCBI_050,SCBI,vst_SCBI_2018,2018,tower,800.0,14,14,0.0,True,203.50006838752543
SCBI_050,SCBI,vst_SCBI_2019,2019,tower,800.0,14,14,0.0,True,205.9934173183294
SCBI_050,SCBI,vst_SCBI_2020,2020,tower,800.0,15,14,0.06666666666666665,True,210.80082175009474
SCBI_050,SCBI,vst_SCBI_2021,2021,tower,800.0,17,15,0.11764705882352944,False,218.9135541519735
SCBI_050,SCBI,vst_SCBI_2022,2022,tower,800.0,16,14,0.125,False,225.06043221231465
SCBI_050,SCBI,vst_SCBI_2023,2023,tower,800.0,14,12,0.1428571428571429,False,226.2235604169051
SCBI_050,SCBI,vst_SCBI_2024,2024,tower,800.0,14,12,0.1428571428571429,False,232.996531676081
SCBI_050,SCBI,vst_SCBI_2025,2025,tower,800.0,14,12,0.1428571428571429,False,237.27700932943816
SCBI_051,SCBI,vst_SCBI_2015,2015,tower,800.0,29,29,0.0,True,278.264021241916
SCBI_051,SCBI,vst_SCBI_2016,2016,tower,800.0,23,23,0.0,True,276.6478828571076
SCBI_051,SCBI,vst_SCBI_2017,2017,tower,800.0,23,23,0.0,True,271.87712393924664
SCBI_051,SCBI,vst_SCBI_2018,2018,tower,800.0,23,23,0.0,True,283.9106113507327
SCBI_051,SCBI,vst_SCBI_2020,2020,tower,800.0,22,22,0.0,True,259.24166371534005
SCBI_051,SCBI,vst_SCBI_2025,2025,tower,800.0,26,26,0.0,True,277.1727110909888
SCBI_052,SCBI,vst_SCBI_2015,2015,tower,800.0,33,22,0.33333333333333337,False,65.67641518008705
SCBI_052,SCBI,vst_SCBI_2016,2016,tower,800.0,26,16,0.3846153846153846,False,69.64282058935864
SCBI_052,SCBI,vst_SCBI_2017,2017,tower,800.0,21,14,0.33333333333333337,False,67.00863866130675
SCBI_052,SCBI,vst_SCBI_2018,2018,tower,800.0,31,15,0.5161290322580645,False,69.60515928658407
SCBI_052,SCBI,vst_SCBI_2020,2020,tower,800.0,25,9,0.64,False,56.7170225979704
SCBI_052,SCBI,vst_SCBI_2025,2025,tower,800.0,15,4,0.7333333333333334,False,46.58203127934002
SCBI_053,SCBI,vst_SCBI_2015,2015,tower,800.0,21,21,0.0,True,145.7838792913804
SCBI_053,SCBI,vst_SCBI_2016,2016,tower,800.0,19,19,0.0,True,145.41013957340814
SCBI_053,SCBI,vst_SCBI_2017,2017,tower,800.0,18,18,0.0,True,130.25087170236236
SCBI_053,SCBI,vst_SCBI_2018,2018,tower,800.0,23,23,0.0,True,151.90450591876808
SCBI_053,SCBI,vst_SCBI_2020,2020,tower,800.0,23,23,0.0,True,145.04185492221856
SCBI_053,SCBI,vst_SCBI_2025,2025,tower,800.0,29,29,0.0,True,141.6982680838553
SCBI_054,SCBI,vst_SCBI_2015,2015,tower,800.0,55,50,0.09090909090909094,True,168.87317676529884
SCBI_054,SCBI,vst_SCBI_2016,2016,tower,800.0,19,15,0.21052631578947367,False,171.5262396437738
SCBI_054,SCBI,vst_SCBI_2017,2017,tower,800.0,21,18,0.1428571428571429,False,183.46672919041794
SCBI_054,SCBI,vst_SCBI_2018,2018,tower,800.0,22,18,0.18181818181818177,False,189.723709425394
SCBI_054,SCBI,vst_SCBI_2020,2020,tower,800.0,21,17,0.19047619047619047,False,204.2722578001401
SCBI_054,SCBI,vst_SCBI_2025,2025,tower,800.0,17,11,0.3529411764705882,False,230.50896612496302
SCBI_055,SCBI,vst_SCBI_2015,2015,tower,800.0,41,33,0.19512195121951215,False,214.2870019501396
SCBI_055,SCBI,vst_SCBI_2016,2016,tower,800.0,41,33,0.19512195121951215,False,220.38790556406596
SCBI_055,SCBI,vst_SCBI_2017,2017,tower,800.0,40,32,0.19999999999999996,False,213.874960259312
SCBI_055,SCBI,vst_SCBI_2018,2018,tower,800.0,40,32,0.19999999999999996,False,211.90404501932
SCBI_055,SCBI,vst_SCBI_2020,2020,tower,800.0,41,33,0.19512195121951215,False,194.82727370531825
SCBI_055,SCBI,vst_SCBI_2025,2025,tower,800.0,43,36,0.16279069767441856,False,203.09687700862216
SCBI_056,SCBI,vst_SCBI_2015,2015,tower,800.0,46,46,0.0,True,351.95310181514793
SCBI_056,SCBI,vst_SCBI_2016,2016,tower,800.0,16,16,0.0,True,355.2883343700979
SCBI_056,SCBI,vst_SCBI_2017,2017,tower,800.0,17,17,0.0,True,350.5485165586903
SCBI_056,SCBI,vst_SCBI_2018,2018,tower,800.0,14,14,0.0,True,331.21170450736236
SCBI_056,SCBI,vst_SCBI_2020,2020,tower,800.0,13,13,0.0,True,287.0634861127647
SCBI_056,SCBI,vst_SCBI_2025,2025,tower,800.0,21,11,0.47619047619047616,False,298.26907004974055
SCBI_057,SCBI,vst_SCBI_2015,2015,tower,800.0,61,60,0.016393442622950838,True,364.7804125342526
SCBI_057,SCBI,vst_SCBI_2016,2016,tower,800.0,22,22,0.0,True,367.42919112252025
SCBI_057,SCBI,vst_SCBI_2017,2017,tower,800.0,22,22,0.0,True,371.632361922306
SCBI_057,SCBI,vst_SCBI_2018,2018,tower,800.0,20,20,0.0,True,376.3891530591471
SCBI_057,SCBI,vst_SCBI_2020,2020,tower,800.0,17,17,0.0,True,360.6186066799786
SCBI_057,SCBI,vst_SCBI_2025,2025,tower,800.0,15,15,0.0,True,387.2037085738058
SCBI_058,SCBI,vst_SCBI_2015,2015,tower,800.0,43,43,0.0,True,88.57661505684786
SCBI_058,SCBI,vst_SCBI_2016,2016,tower,800.0,18,18,0.0,True,81.37902053586868
SCBI_058,SCBI,vst_SCBI_2017,2017,tower,800.0,20,20,0.0,True,74.86087210225593
SCBI_058,SCBI,vst_SCBI_2018,2018,tower,800.0,17,17,0.0,True,55.542163793971085
SCBI_058,SCBI,vst_SCBI_2020,2020,tower,800.0,17,17,0.0,True,54.4679323145763
SCBI_058,SCBI,vst_SCBI_2025,2025,tower,800.0,8,8,0.0,True,24.023652157564293
SCBI_061,SCBI,vst_SCBI_2015,2015,tower,800.0,24,24,0.0,True,85.13971769350469
SCBI_061,SCBI,vst_SCBI_2016,2016,tower,800.0,9,9,0.0,True,104.38118739311426
SCBI_061,SCBI,vst_SCBI_2017,2017,tower,800.0,10,10,0.0,True,105.0341334043124
SCBI_061,SCBI,vst_SCBI_2018,2018,tower,800.0,9,9,0.0,True,94.31062823650062
SCBI_061,SCBI,vst_SCBI_2020,2020,tower,800.0,8,8,0.0,True,112.40253828255668
SCBI_061,SCBI,vst_SCBI_2025,2025,tower,800.0,8,8,0.0,True,119.51707941477181
SCBI_062,SCBI,vst_SCBI_2015,2015,tower,800.0,49,35,0.2857142857142857,False,135.47155760044066
SCBI_062,SCBI,vst_SCBI_2016,2016,tower,800.0,39,27,0.3076923076923077,False,138.9054241366468
SCBI_062,SCBI,vst_SCBI_2017,2017,tower,800.0,37,22,0.4054054054054054,False,52.36577920165141
SCBI_062,SCBI,vst_SCBI_2018,2018,tower,800.0,43,27,0.37209302325581395,False,59.5607546368896
SCBI_062,SCBI,vst_SCBI_2020,2020,tower,800.0,40,25,0.375,False,61.980819121329645
SCBI_062,SCBI,vst_SCBI_2025,2025,tower,800.0,37,22,0.4054054054054054,False,59.74875938800324
SCBI_063,SCBI,vst_SCBI_2015,2015,tower,800.0,59,59,0.0,True,443.5180449961245
SCBI_063,SCBI,vst_SCBI_2016,2016,tower,800.0,22,22,0.0,True,418.47390337742735
SCBI_063,SCBI,vst_SCBI_2017,2017,tower,800.0,22,22,0.0,True,422.932606315136
SCBI_063,SCBI,vst_SCBI_2018,2018,tower,800.0,22,22,0.0,True,434.1175852574093
SCBI_063,SCBI,vst_SCBI_2020,2020,tower,800.0,20,20,0.0,True,373.6095216423472
SCBI_063,SCBI,vst_SCBI_2025,2025,tower,800.0,20,20,0.0,True,444.149101509131
SCBI_064,SCBI,vst_SCBI_2015,2015,tower,800.0,47,47,0.0,True,144.69235998361833
SCBI_064,SCBI,vst_SCBI_2016,2016,tower,800.0,20,20,0.0,True,142.48092639472603
SCBI_064,SCBI,vst_SCBI_2017,2017,tower,800.0,21,21,0.0,True,148.96859396822484
SCBI_064,SCBI,vst_SCBI_2018,2018,tower,800.0,21,21,0.0,True,151.9594970362732
SCBI_064,SCBI,vst_SCBI_2020,2020,tower,800.0,21,21,0.0,True,157.60693463537112
SCBI_064,SCBI,vst_SCBI_2025,2025,tower,800.0,16,16,0.0,True,172.28481141638724
SCBI_066,SCBI,vst_SCBI_2015,2015,tower,800.0,34,23,0.32352941176470584,False,255.0447207784507
SCBI_066,SCBI,vst_SCBI_2016,2016,tower,800.0,35,23,0.34285714285714286,False,271.0897187996972
SCBI_066,SCBI,vst_SCBI_2017,2017,tower,800.0,38,24,0.368421052631579,False,303.16538736227596
SCBI_066,SCBI,vst_SCBI_2018,2018,tower,800.0,38,23,0.39473684210526316,False,307.34756807768855
SCBI_066,SCBI,vst_SCBI_2020,2020,tower,800.0,37,22,0.4054054054054054,False,293.7955730361613
SCBI_066,SCBI,vst_SCBI_2025,2025,tower,800.0,42,24,0.4285714285714286,False,307.2775055704178
SCBI_067,SCBI,vst_SCBI_2015,2015,tower,800.0,39,37,0.05128205128205132,True,349.04130575845033
SCBI_067,SCBI,vst_SCBI_2016,2016,tower,800.0,26,26,0.0,True,341.0252910550835
SCBI_067,SCBI,vst_SCBI_2017,2017,tower,800.0,26,26,0.0,True,358.11217375352845
SCBI_067,SCBI,vst_SCBI_2018,2018,tower,800.0,25,25,0.0,True,362.3573873507383
SCBI_067,SCBI,vst_SCBI_2019,2019,tower,800.0,25,25,0.0,True,360.69694738507815
SCBI_067,SCBI,vst_SCBI_2020,2020,tower,800.0,23,23,0.0,True,362.17566298972554
SCBI_067,SCBI,vst_SCBI_2021,2021,tower,800.0,23,23,0.0,True,367.13872461381595
SCBI_067,SCBI,vst_SCBI_2022,2022,tower,800.0,23,23,0.0,True,371.95798608878823
SCBI_067,SCBI,vst_SCBI_2023,2023,tower,800.0,20,20,0.0,True,368.1440241746941
SCBI_067,SCBI,vst_SCBI_2024,2024,tower,800.0,19,19,0.0,True,362.61332646379907
SCBI_067,SCBI,vst_SCBI_2025,2025,tower,800.0,18,18,0.0,True,348.79925648878196
SCBI_071,SCBI,vst_SCBI_2023,2023,distributed,400.0,40,31,0.22499999999999998,False,401.54911326114797
SERC_001,SERC,vst_SERC_2016,2016,distributed,400.0,22,20,0.09090909090909094,True,428.5363863160828
SERC_001,SERC,vst_SERC_2019,2019,distributed,400.0,23,21,0.08695652173913049,True,443.67698671182325
SERC_001,SERC,vst_SERC_2024,2024,distributed,400.0,36,21,0.41666666666666663,False,473.8625168038269
SERC_002,SERC,vst_SERC_2016,2016,distributed,400.0,37,36,0.027027027027026973,True,281.8641182875279
SERC_002,SERC,vst_SERC_2019,2019,distributed,400.0,41,40,0.024390243902439046,True,295.3297293548775
SERC_002,SERC,vst_SERC_2024,2024,distributed,400.0,37,36,0.027027027027026973,True,329.55827089568146
SERC_003,SERC,vst_SERC_2016,2016,distributed,400.0,27,27,0.0,True,34.69799089925604
SERC_003,SERC,vst_SERC_2019,2019,distributed,400.0,29,29,0.0,True,52.413902192382785
SERC_003,SERC,vst_SERC_2024,2024,distributed,400.0,29,29,0.0,True,71.65007630923013
SERC_004,SERC,vst_SERC_2016,2016,distributed,400.0,11,9,0.18181818181818177,False,613.0834638436199
SERC_004,SERC,vst_SERC_2019,2019,distributed,400.0,13,10,0.23076923076923073,False,617.463900258794
SERC_004,SERC,vst_SERC_2024,2024,distributed,400.0,14,10,0.2857142857142857,False,689.5523503488215
SERC_005,SERC,vst_SERC_2016,2016,distributed,400.0,29,18,0.3793103448275862,False,313.16695311572386
SERC_005,SERC,vst_SERC_2019,2019,distributed,400.0,21,18,0.1428571428571429,False,316.8814988310125
SERC_005,SERC,vst_SERC_2024,2024,distributed,400.0,23,20,0.13043478260869568,False,376.7698312137575
SERC_006,SERC,vst_SERC_2016,2016,distributed,400.0,27,26,0.03703703703703709,True,173.97897574054903
SERC_006,SERC,vst_SERC_2019,2019,distributed,400.0,24,23,0.04166666666666663,True,178.1229031130033
SERC_006,SERC,vst_SERC_2024,2024,distributed,400.0,18,18,0.0,True,188.7148765498872
SERC_009,SERC,vst_SERC_2016,2016,distributed,400.0,13,13,0.0,True,270.23725972357215
SERC_009,SERC,vst_SERC_2019,2019,distributed,400.0,15,15,0.0,True,288.11085679543146
SERC_009,SERC,vst_SERC_2024,2024,distributed,400.0,15,15,0.0,True,306.8605427765005
SERC_010,SERC,vst_SERC_2016,2016,distributed,400.0,13,13,0.0,True,170.63723276439563
SERC_010,SERC,vst_SERC_2019,2019,distributed,400.0,13,13,0.0,True,184.38532117199776
SERC_011,SERC,vst_SERC_2016,2016,distributed,400.0,37,37,0.0,True,287.49883092517916
SERC_011,SERC,vst_SERC_2019,2019,distributed,400.0,33,33,0.0,True,296.34792244878133
SERC_011,SERC,vst_SERC_2024,2024,distributed,400.0,29,29,0.0,True,308.03589006916053
SERC_012,SERC,vst_SERC_2016,2016,distributed,400.0,37,37,0.0,True,298.39318045349125
SERC_012,SERC,vst_SERC_2019,2019,distributed,400.0,35,35,0.0,True,307.44749343245303
SERC_012,SERC,vst_SERC_2024,2024,distributed,400.0,34,34,0.0,True,318.41497774796426
SERC_013,SERC,vst_SERC_2016,2016,distributed,400.0,15,15,0.0,True,246.30469983316377
SERC_013,SERC,vst_SERC_2019,2019,distributed,400.0,15,15,0.0,True,264.4967097078155
SERC_013,SERC,vst_SERC_2024,2024,distributed,400.0,23,21,0.08695652173913049,True,304.45819573886695
SERC_014,SERC,vst_SERC_2016,2016,distributed,400.0,27,16,0.40740740740740744,False,213.84424970890728
SERC_014,SERC,vst_SERC_2019,2019,distributed,400.0,35,17,0.5142857142857142,False,222.80698219073344
SERC_014,SERC,vst_SERC_2024,2024,distributed,400.0,40,16,0.6,False,241.11047610115722
SERC_016,SERC,vst_SERC_2016,2016,distributed,400.0,28,28,0.0,True,323.8467336767011
SERC_016,SERC,vst_SERC_2019,2019,distributed,400.0,37,37,0.0,True,351.42320996036915
SERC_016,SERC,vst_SERC_2024,2024,distributed,400.0,40,40,0.0,True,411.05102451480747
SERC_017,SERC,vst_SERC_2016,2016,distributed,400.0,39,17,0.5641025641025641,False,281.90860329687905
SERC_017,SERC,vst_SERC_2019,2019,distributed,400.0,37,17,0.5405405405405406,False,303.81540689052315
SERC_017,SERC,vst_SERC_2024,2024,distributed,400.0,36,14,0.6111111111111112,False,305.37708890529564
SERC_019,SERC,vst_SERC_2016,2016,distributed,400.0,13,9,0.3076923076923077,False,347.740986339213
SERC_019,SERC,vst_SERC_2019,2019,distributed,400.0,11,8,0.2727272727272727,False,362.2354691995155
SERC_019,SERC,vst_SERC_2024,2024,distributed,400.0,8,8,0.0,True,382.69153063393026
SERC_021,SERC,vst_SERC_2016,2016,distributed,400.0,16,16,0.0,True,347.99633084489795
SERC_021,SERC,vst_SERC_2019,2019,distributed,400.0,20,20,0.0,True,366.01253938646715
SERC_021,SERC,vst_SERC_2024,2024,distributed,400.0,20,20,0.0,True,391.99520200103393
SERC_022,SERC,vst_SERC_2016,2016,distributed,400.0,36,20,0.4444444444444444,False,83.81009333121474
SERC_022,SERC,vst_SERC_2019,2019,distributed,400.0,37,19,0.4864864864864865,False,75.63993380293043
SERC_022,SERC,vst_SERC_2024,2024,distributed,400.0,28,15,0.4642857142857143,False,51.567469741633765
SERC_043,SERC,vst_SERC_2015,2015,tower,800.0,63,63,0.0,True,249.26070678170225
SERC_043,SERC,vst_SERC_2016,2016,tower,800.0,66,66,0.0,True,247.8369102336673
SERC_043,SERC,vst_SERC_2017,2017,tower,800.0,71,71,0.0,True,268.8970901993344
SERC_043,SERC,vst_SERC_2018,2018,tower,800.0,68,68,0.0,True,253.5332223210199
SERC_043,SERC,vst_SERC_2022,2022,tower,800.0,64,64,0.0,True,298.12830160066784
SERC_044,SERC,vst_SERC_2015,2015,tower,800.0,40,39,0.025000000000000022,True,251.96189482875837
SERC_044,SERC,vst_SERC_2016,2016,tower,800.0,30,30,0.0,True,177.11843621432607
SERC_044,SERC,vst_SERC_2017,2017,tower,800.0,29,29,0.0,True,169.56838716350273
SERC_044,SERC,vst_SERC_2018,2018,tower,800.0,29,29,0.0,True,164.68931222653367
SERC_044,SERC,vst_SERC_2019,2019,tower,800.0,27,27,0.0,True,178.79859437322875
SERC_044,SERC,vst_SERC_2020,2020,tower,800.0,26,26,0.0,True,181.00769418107964
SERC_044,SERC,vst_SERC_2021,2021,tower,800.0,26,26,0.0,True,186.21555963962354
SERC_044,SERC,vst_SERC_2022,2022,tower,800.0,25,25,0.0,True,189.97304480590068
SERC_044,SERC,vst_SERC_2023,2023,tower,800.0,23,23,0.0,True,190.46340947127905
SERC_044,SERC,vst_SERC_2024,2024,tower,800.0,24,24,0.0,True,195.52094553560138
SERC_044,SERC,vst_SERC_2025,2025,tower,800.0,24,24,0.0,True,201.2311610003323
SERC_045,SERC,vst_SERC_2015,2015,tower,800.0,61,58,0.049180327868852514,True,316.45679529085044
SERC_045,SERC,vst_SERC_2016,2016,tower,800.0,55,55,0.0,True,302.8610090690839
SERC_045,SERC,vst_SERC_2017,2017,tower,800.0,55,55,0.0,True,322.68166306628376
SERC_045,SERC,vst_SERC_2018,2018,tower,800.0,52,52,0.0,True,317.43303323410885
SERC_045,SERC,vst_SERC_2019,2019,tower,800.0,51,51,0.0,True,321.1899104960089
SERC_045,SERC,vst_SERC_2020,2020,tower,800.0,51,51,0.0,True,324.986531960583
SERC_045,SERC,vst_SERC_2021,2021,tower,800.0,51,51,0.0,True,332.07542182036826
SERC_045,SERC,vst_SERC_2022,2022,tower,800.0,50,50,0.0,True,334.5698755205523
SERC_045,SERC,vst_SERC_2023,2023,tower,800.0,48,48,0.0,True,334.4223834814987
SERC_045,SERC,vst_SERC_2024,2024,tower,800.0,50,50,0.0,True,339.2846731246832
SERC_045,SERC,vst_SERC_2025,2025,tower,800.0,48,48,0.0,True,339.7306212241125
SERC_046,SERC,vst_SERC_2015,2015,tower,800.0,160,159,0.006249999999999978,True,154.97116759605169
SERC_047,SERC,vst_SERC_2015,2015,tower,800.0,44,43,0.022727272727272707,True,429.3521530893404
SERC_047,SERC,vst_SERC_2016,2016,tower,800.0,43,43,0.0,True,438.2179470897677
SERC_047,SERC,vst_SERC_2017,2017,tower,800.0,45,45,0.0,True,442.75171772189486
SERC_047,SERC,vst_SERC_2018,2018,tower,800.0,50,50,0.0,True,450.8583697381607
SERC_047,SERC,vst_SERC_2019,2019,tower,800.0,49,49,0.0,True,457.5853295543741
SERC_047,SERC,vst_SERC_2020,2020,tower,800.0,51,51,0.0,True,463.30947907985285
SERC_047,SERC,vst_SERC_2021,2021,tower,800.0,52,52,0.0,True,470.8127662234048
SERC_047,SERC,vst_SERC_2022,2022,tower,800.0,57,57,0.0,True,479.4376953267744
SERC_047,SERC,vst_SERC_2023,2023,tower,800.0,60,60,0.0,True,481.8919754452798
SERC_047,SERC,vst_SERC_2024,2024,tower,800.0,43,43,0.0,True,483.19244894936196
SERC_047,SERC,vst_SERC_2025,2025,tower,800.0,45,45,0.0,True,491.74109409645206
SERC_048,SERC,vst_SERC_2015,2015,tower,800.0,32,31,0.03125,True,294.9600240645861
SERC_048,SERC,vst_SERC_2016,2016,tower,800.0,32,32,0.0,True,297.0873541806413
SERC_048,SERC,vst_SERC_2017,2017,tower,800.0,32,32,0.0,True,304.0435878213165
SERC_048,SERC,vst_SERC_2018,2018,tower,800.0,32,32,0.0,True,311.6103207310464
SERC_048,SERC,vst_SERC_2022,2022,tower,800.0,46,46,0.0,True,348.3920428645193
SERC_049,SERC,vst_SERC_2015,2015,tower,800.0,36,36,0.0,True,274.5958208468681
SERC_049,SERC,vst_SERC_2016,2016,tower,800.0,36,36,0.0,True,279.78326055003004
SERC_049,SERC,vst_SERC_2017,2017,tower,800.0,40,40,0.0,True,294.86510269951765
SERC_049,SERC,vst_SERC_2018,2018,tower,800.0,42,42,0.0,True,279.5070231058345
SERC_049,SERC,vst_SERC_2019,2019,tower,800.0,40,40,0.0,True,241.917561302082
SERC_049,SERC,vst_SERC_2020,2020,tower,800.0,40,40,0.0,True,244.39864737388422
SERC_049,SERC,vst_SERC_2021,2021,tower,800.0,42,42,0.0,True,249.22335911641204
SERC_049,SERC,vst_SERC_2022,2022,tower,800.0,47,47,0.0,True,256.42203466304926
SERC_049,SERC,vst_SERC_2023,2023,tower,800.0,48,48,0.0,True,257.40913309650097
SERC_049,SERC,vst_SERC_2024,2024,tower,800.0,49,49,0.0,True,260.2166199385119
SERC_049,SERC,vst_SERC_2025,2025,tower,800.0,54,54,0.0,True,260.86248344590774
SERC_050,SERC,vst_SERC_2015,2015,tower,800.0,81,79,0.024691358024691357,True,281.2179064568725
SERC_050,SERC,vst_SERC_2016,2016,tower,800.0,81,81,0.0,True,278.1035023541232
SERC_050,SERC,vst_SERC_2017,2017,tower,800.0,77,77,0.0,True,280.5635553566157
SERC_050,SERC,vst_SERC_2018,2018,tower,800.0,74,74,0.0,True,278.70687344821914
SERC_050,SERC,vst_SERC_2019,2019,tower,800.0,72,72,0.0,True,283.03325185873274
SERC_050,SERC,vst_SERC_2020,2020,tower,800.0,72,72,0.0,True,289.98048300739947
SERC_050,SERC,vst_SERC_2021,2021,tower,800.0,72,72,0.0,True,292.7339484035764
SERC_050,SERC,vst_SERC_2022,2022,tower,800.0,71,71,0.0,True,300.06832256483233
SERC_050,SERC,vst_SERC_2023,2023,tower,800.0,71,71,0.0,True,303.1465380963919
SERC_050,SERC,vst_SERC_2024,2024,tower,800.0,69,69,0.0,True,305.9050701789188
SERC_050,SERC,vst_SERC_2025,2025,tower,800.0,70,70,0.0,True,309.307439028299
SERC_051,SERC,vst_SERC_2015,2015,tower,800.0,75,74,0.013333333333333308,True,184.58911703764463
SERC_051,SERC,vst_SERC_2016,2016,tower,800.0,64,64,0.0,True,195.32381047944253
SERC_051,SERC,vst_SERC_2017,2017,tower,800.0,66,66,0.0,True,194.0745050655967
SERC_051,SERC,vst_SERC_2018,2018,tower,800.0,65,65,0.0,True,199.38240902284974
SERC_051,SERC,vst_SERC_2022,2022,tower,800.0,64,64,0.0,True,209.9040695868085
SERC_052,SERC,vst_SERC_2015,2015,tower,800.0,60,60,0.0,True,202.25310558165566
SERC_052,SERC,vst_SERC_2016,2016,tower,800.0,63,63,0.0,True,215.62484039269623
SERC_052,SERC,vst_SERC_2017,2017,tower,800.0,68,68,0.0,True,237.4768257064704
SERC_052,SERC,vst_SERC_2018,2018,tower,800.0,64,64,0.0,True,213.0121032371237
SERC_052,SERC,vst_SERC_2022,2022,tower,800.0,62,62,0.0,True,234.95686296341435
SERC_053,SERC,vst_SERC_2015,2015,tower,800.0,43,43,0.0,True,352.18000544110583
SERC_053,SERC,vst_SERC_2016,2016,tower,800.0,42,42,0.0,True,349.97206086889787
SERC_053,SERC,vst_SERC_2017,2017,tower,800.0,42,42,0.0,True,350.45226570034737
SERC_053,SERC,vst_SERC_2018,2018,tower,800.0,42,42,0.0,True,362.4494103002253
SERC_053,SERC,vst_SERC_2022,2022,tower,800.0,42,42,0.0,True,380.54486786973206
SERC_054,SERC,vst_SERC_2015,2015,tower,800.0,70,69,0.014285714285714235,True,273.91054335300777
SERC_054,SERC,vst_SERC_2016,2016,tower,800.0,70,70,0.0,True,276.1237380520694
SERC_054,SERC,vst_SERC_2017,2017,tower,800.0,69,69,0.0,True,282.6152281575556
SERC_054,SERC,vst_SERC_2018,2018,tower,800.0,68,68,0.0,True,273.46772095771416
SERC_054,SERC,vst_SERC_2022,2022,tower,800.0,64,64,0.0,True,290.6390559929902
SERC_055,SERC,vst_SERC_2015,2015,tower,800.0,52,48,0.07692307692307687,True,104.76492938730067
SERC_055,SERC,vst_SERC_2016,2016,tower,800.0,47,44,0.06382978723404253,True,106.85355529364615
SERC_055,SERC,vst_SERC_2017,2017,tower,800.0,46,43,0.06521739130434778,True,116.6121630390131
SERC_055,SERC,vst_SERC_2018,2018,tower,800.0,48,45,0.0625,True,122.74294036377948
SERC_055,SERC,vst_SERC_2022,2022,tower,800.0,76,73,0.03947368421052633,True,155.46071656851495
SERC_056,SERC,vst_SERC_2015,2015,tower,800.0,45,45,0.0,True,208.83185444599852
SERC_056,SERC,vst_SERC_2016,2016,tower,800.0,45,45,0.0,True,211.8974045092787
SERC_056,SERC,vst_SERC_2017,2017,tower,800.0,45,45,0.0,True,218.91962384933615
SERC_056,SERC,vst_SERC_2018,2018,tower,800.0,46,46,0.0,True,224.79921044868254
SERC_056,SERC,vst_SERC_2022,2022,tower,800.0,44,44,0.0,True,239.2798885062609
SERC_057,SERC,vst_SERC_2015,2015,tower,800.0,28,28,0.0,True,132.7490146576004
SERC_057,SERC,vst_SERC_2016,2016,tower,800.0,28,28,0.0,True,134.43291734695927
SERC_057,SERC,vst_SERC_2017,2017,tower,800.0,31,31,0.0,True,138.32247250694397
SERC_057,SERC,vst_SERC_2018,2018,tower,800.0,32,32,0.0,True,142.704411733873
SERC_057,SERC,vst_SERC_2022,2022,tower,800.0,33,33,0.0,True,146.10395550837117
SERC_058,SERC,vst_SERC_2015,2015,tower,800.0,56,52,0.0714285714285714,True,142.7170070806282
SERC_058,SERC,vst_SERC_2016,2016,tower,800.0,58,57,0.017241379310344862,True,149.3440516015021
SERC_058,SERC,vst_SERC_2017,2017,tower,800.0,62,61,0.016129032258064502,True,158.36132175502294
SERC_058,SERC,vst_SERC_2018,2018,tower,800.0,66,66,0.0,True,168.20324810773423
SERC_058,SERC,vst_SERC_2022,2022,tower,800.0,91,91,0.0,True,188.60259785056164
SERC_059,SERC,vst_SERC_2015,2015,tower,800.0,51,46,0.0980392156862745,True,186.58736870012467
SERC_059,SERC,vst_SERC_2016,2016,tower,800.0,44,41,0.06818181818181823,True,176.39093393278227
SERC_059,SERC,vst_SERC_2017,2017,tower,800.0,41,39,0.04878048780487809,True,192.77510935629266
SERC_059,SERC,vst_SERC_2018,2018,tower,800.0,40,37,0.07499999999999996,True,193.8864752260125
SERC_059,SERC,vst_SERC_2022,2022,tower,800.0,34,33,0.02941176470588236,True,210.5112757471269
SERC_060,SERC,vst_SERC_2015,2015,tower,800.0,37,37,0.0,True,405.67103855345283
SERC_060,SERC,vst_SERC_2016,2016,tower,800.0,38,38,0.0,True,398.11671910103433
SERC_060,SERC,vst_SERC_2017,2017,tower,800.0,42,42,0.0,True,416.16733825159173
SERC_060,SERC,vst_SERC_2018,2018,tower,800.0,46,46,0.0,True,412.4169152114635
SERC_060,SERC,vst_SERC_2022,2022,tower,800.0,50,50,0.0,True,441.7883266368182
SERC_061,SERC,vst_SERC_2015,2015,tower,800.0,42,40,0.04761904761904767,True,277.2086679539988
SERC_061,SERC,vst_SERC_2016,2016,tower,800.0,36,36,0.0,True,250.0433117900998
SERC_061,SERC,vst_SERC_2017,2017,tower,800.0,36,36,0.0,True,262.6727356761385
SERC_061,SERC,vst_SERC_2018,2018,tower,800.0,35,35,0.0,True,240.8261372134778
SERC_062,SERC,vst_SERC_2015,2015,tower,800.0,64,63,0.015625,True,280.4436441908796
SERC_062,SERC,vst_SERC_2016,2016,tower,800.0,55,54,0.018181818181818188,True,266.60296874733007
SERC_062,SERC,vst_SERC_2017,2017,tower,800.0,54,54,0.0,True,277.6261420230333
SERC_062,SERC,vst_SERC_2018,2018,tower,800.0,52,52,0.0,True,259.2131985890243
SERC_062,SERC,vst_SERC_2022,2022,tower,800.0,43,43,0.0,True,261.1414436462038
SERC_067,SERC,vst_SERC_2016,2016,tower,800.0,47,47,0.0,True,328.8535736133644
SERC_067,SERC,vst_SERC_2017,2017,tower,800.0,51,51,0.0,True,350.1961654445626
SERC_067,SERC,vst_SERC_2018,2018,tower,800.0,50,50,0.0,True,345.10232912699325
SERC_067,SERC,vst_SERC_2022,2022,tower,800.0,52,52,0.0,True,357.58415188364796
SERC_073,SERC,vst_SERC_2022,2022,tower,800.0,65,65,0.0,True,206.3980750276505
SJER_002,SJER,vst_SJER_2016,2016,distributed,400.0,2,2,0.0,True,1.6426592702318998
SJER_002,SJER,vst_SJER_2022,2022,distributed,400.0,1,1,0.0,True,1.172999331030177
SJER_003,SJER,vst_SJER_2016,2016,distributed,400.0,9,6,0.33333333333333337,False,9.356730437835198
SJER_003,SJER,vst_SJER_2019,2019,distributed,400.0,9,6,0.33333333333333337,False,10.043592056776195
SJER_003,SJER,vst_SJER_2022,2022,distributed,400.0,6,3,0.5,False,5.256277938736796
SJER_004,SJER,vst_SJER_2016,2016,distributed,400.0,1,1,0.0,True,1.530163310743467
SJER_004,SJER,vst_SJER_2019,2019,distributed,400.0,3,3,0.0,True,13.736552998654988
SJER_004,SJER,vst_SJER_2022,2022,distributed,400.0,3,3,0.0,True,14.594369732082276
SJER_007,SJER,vst_SJER_2019,2019,distributed,400.0,1,1,0.0,True,0.007168558256889943
SJER_007,SJER,vst_SJER_2022,2022,distributed,400.0,1,1,0.0,True,0.007168558256889943
SJER_008,SJER,vst_SJER_2016,2016,distributed,400.0,18,16,0.11111111111111116,False,11.328024998922036
SJER_008,SJER,vst_SJER_2019,2019,distributed,400.0,19,17,0.10526315789473684,False,24.256900162664323
SJER_010,SJER,vst_SJER_2016,2016,distributed,400.0,8,2,0.75,False,14.105048135543813
SJER_010,SJER,vst_SJER_2019,2019,distributed,400.0,11,5,0.5454545454545454,False,21.548916555202904
SJER_012,SJER,vst_SJER_2016,2016,distributed,400.0,1,1,0.0,True,51.01415314474086
SJER_015,SJER,vst_SJER_2016,2016,distributed,400.0,1,1,0.0,True,63.03752268808462
SJER_015,SJER,vst_SJER_2019,2019,distributed,400.0,1,1,0.0,True,63.03752268808462
SJER_015,SJER,vst_SJER_2022,2022,distributed,400.0,2,2,0.0,True,66.90175274110896
SJER_016,SJER,vst_SJER_2016,2016,distributed,400.0,1,1,0.0,True,8.092539754142788
SJER_022,SJER,vst_SJER_2016,2016,distributed,400.0,2,2,0.0,True,8.443870501052205
SJER_025,SJER,vst_SJER_2019,2019,distributed,400.0,2,2,0.0,True,8.04403102563326
SJER_025,SJER,vst_SJER_2022,2022,distributed,400.0,2,1,0.5,False,1.500688745876767
SJER_045,SJER,vst_SJER_2015,2015,tower,800.0,10,8,0.19999999999999996,False,6.288216869141578
SJER_045,SJER,vst_SJER_2016,2016,tower,800.0,10,9,0.09999999999999998,True,13.489229686323418
SJER_045,SJER,vst_SJER_2021,2021,tower,800.0,10,9,0.09999999999999998,True,15.375359469596598
SJER_045,SJER,vst_SJER_2022,2022,tower,800.0,10,9,0.09999999999999998,True,15.795394076458821
SJER_045,SJER,vst_SJER_2023,2023,tower,800.0,11,10,0.09090909090909094,True,16.119835631714384
SJER_045,SJER,vst_SJER_2024,2024,tower,800.0,13,12,0.07692307692307687,True,18.229958644873413
SJER_045,SJER,vst_SJER_2025,2025,tower,800.0,13,12,0.07692307692307687,True,18.132165358642073
SJER_046,SJER,vst_SJER_2015,2015,tower,800.0,18,18,0.0,True,147.76654324617877
SJER_046,SJER,vst_SJER_2016,2016,tower,800.0,9,9,0.0,True,73.74272967772615
SJER_046,SJER,vst_SJER_2021,2021,tower,800.0,7,7,0.0,True,55.15947741292582
SJER_046,SJER,vst_SJER_2022,2022,tower,800.0,10,10,0.0,True,75.15795868390367
SJER_046,SJER,vst_SJER_2023,2023,tower,400.0,7,7,0.0,True,113.79198261605269
SJER_046,SJER,vst_SJER_2024,2024,tower,800.0,11,11,0.0,True,60.555482969847795
SJER_046,SJER,vst_SJER_2025,2025,tower,800.0,11,11,0.0,True,48.380553788811426
SJER_047,SJER,vst_SJER_2015,2015,tower,800.0,6,2,0.6666666666666667,False,2.65861366804412
SJER_047,SJER,vst_SJER_2016,2016,tower,800.0,3,1,0.6666666666666667,False,0.43521443180420655
SJER_047,SJER,vst_SJER_2021,2021,tower,800.0,2,1,0.5,False,0.5133683492466377
SJER_047,SJER,vst_SJER_2022,2022,tower,800.0,2,1,0.5,False,0.5992499829371111
SJER_047,SJER,vst_SJER_2023,2023,tower,800.0,3,2,0.33333333333333337,False,1.0743743937431969
SJER_047,SJER,vst_SJER_2024,2024,tower,800.0,2,1,0.5,False,0.5614830876134392
SJER_047,SJER,vst_SJER_2025,2025,tower,800.0,2,1,0.5,False,0.5992499829371111
SJER_049,SJER,vst_SJER_2015,2015,tower,800.0,12,8,0.33333333333333337,False,42.54996178641549
SJER_049,SJER,vst_SJER_2021,2021,tower,800.0,4,2,0.5,False,18.28197016843332
SJER_049,SJER,vst_SJER_2022,2022,tower,800.0,3,1,0.6666666666666667,False,3.082587826008406
SJER_049,SJER,vst_SJER_2023,2023,tower,800.0,4,2,0.5,False,25.785709875377027
SJER_049,SJER,vst_SJER_2024,2024,tower,800.0,3,1,0.6666666666666667,False,3.184798706485245
SJER_049,SJER,vst_SJER_2025,2025,tower,800.0,3,1,0.6666666666666667,False,3.3595424352321697
SJER_050,SJER,vst_SJER_2015,2015,tower,800.0,29,27,0.06896551724137934,True,140.467123866438
SJER_050,SJER,vst_SJER_2016,2016,tower,800.0,14,13,0.0714285714285714,True,63.25520148381156
SJER_050,SJER,vst_SJER_2021,2021,tower,800.0,18,17,0.05555555555555558,True,82.35738962444822
SJER_050,SJER,vst_SJER_2022,2022,tower,800.0,19,18,0.052631578947368474,True,84.78868257054668
SJER_050,SJER,vst_SJER_2023,2023,tower,800.0,19,18,0.052631578947368474,True,84.33504879524027
SJER_050,SJER,vst_SJER_2024,2024,tower,800.0,20,19,0.050000000000000044,True,84.4740366435386
SJER_050,SJER,vst_SJER_2025,2025,tower,800.0,21,20,0.04761904761904767,True,90.29852365506719
SJER_051,SJER,vst_SJER_2015,2015,tower,800.0,30,26,0.1333333333333333,False,96.46009518535068
SJER_051,SJER,vst_SJER_2016,2016,tower,800.0,12,11,0.08333333333333337,True,26.04440382131383
SJER_051,SJER,vst_SJER_2024,2024,tower,800.0,9,9,0.0,True,30.578364741392637
SJER_051,SJER,vst_SJER_2025,2025,tower,800.0,8,8,0.0,True,28.44378344439013
SJER_053,SJER,vst_SJER_2015,2015,tower,800.0,16,16,0.0,True,99.92063046972493
SJER_053,SJER,vst_SJER_2016,2016,tower,800.0,11,11,0.0,True,49.5737975787583
SJER_053,SJER,vst_SJER_2024,2024,tower,800.0,8,8,0.0,True,34.00309148457443
SJER_053,SJER,vst_SJER_2025,2025,tower,800.0,8,8,0.0,True,35.001727350672006
SJER_054,SJER,vst_SJER_2015,2015,tower,800.0,6,6,0.0,True,31.329217386320977
SJER_054,SJER,vst_SJER_2016,2016,tower,800.0,4,4,0.0,True,20.73540355309879
SJER_054,SJER,vst_SJER_2024,2024,tower,800.0,6,6,0.0,True,14.475581054763175
SJER_054,SJER,vst_SJER_2025,2025,tower,800.0,9,9,0.0,True,15.150935865526776
SJER_055,SJER,vst_SJER_2015,2015,tower,800.0,10,10,0.0,True,69.15032834188295
SJER_055,SJER,vst_SJER_2016,2016,tower,800.0,5,5,0.0,True,33.831212794457365
SJER_055,SJER,vst_SJER_2025,2025,tower,800.0,7,7,0.0,True,27.067972255533167
SJER_056,SJER,vst_SJER_2015,2015,tower,800.0,2,2,0.0,True,4.901523762573504
SJER_056,SJER,vst_SJER_2016,2016,tower,800.0,1,1,0.0,True,2.570318259672361
SJER_056,SJER,vst_SJER_2025,2025,tower,800.0,6,6,0.0,True,29.297572418179723
SJER_057,SJER,vst_SJER_2015,2015,tower,800.0,26,26,0.0,True,93.9174050345145
SJER_057,SJER,vst_SJER_2016,2016,tower,800.0,14,14,0.0,True,48.165463965528794
SJER_057,SJER,vst_SJER_2025,2025,tower,800.0,11,11,0.0,True,47.623528707864295
SJER_058,SJER,vst_SJER_2015,2015,tower,800.0,41,38,0.07317073170731703,True,136.08163634950216
SJER_058,SJER,vst_SJER_2016,2016,tower,800.0,16,16,0.0,True,68.56296287870711
SJER_058,SJER,vst_SJER_2025,2025,tower,800.0,16,16,0.0,True,125.23776592639895
SJER_059,SJER,vst_SJER_2016,2016,tower,800.0,5,4,0.19999999999999996,False,9.411442715108654
SJER_059,SJER,vst_SJER_2025,2025,tower,800.0,5,4,0.19999999999999996,False,10.67587196808354
SJER_061,SJER,vst_SJER_2016,2016,tower,800.0,2,2,0.0,True,8.037472942833647
SJER_063,SJER,vst_SJER_2015,2015,tower,800.0,16,16,0.0,True,82.91043766376949
SJER_063,SJER,vst_SJER_2016,2016,tower,800.0,8,8,0.0,True,42.9076652870577
SOAP_001,SOAP,vst_SOAP_2019,2019,distributed,400.0,10,10,0.0,True,220.64397680819042
SOAP_002,SOAP,vst_SOAP_2019,2019,distributed,400.0,17,17,0.0,True,47.54602677406856
SOAP_002,SOAP,vst_SOAP_2024,2024,distributed,400.0,5,5,0.0,True,65.38853955099366
SOAP_003,SOAP,vst_SOAP_2019,2019,distributed,400.0,6,6,0.0,True,67.46395039044674
SOAP_003,SOAP,vst_SOAP_2024,2024,distributed,400.0,8,8,0.0,True,81.32871253843906
SOAP_004,SOAP,vst_SOAP_2019,2019,distributed,400.0,13,13,0.0,True,283.26405906437384
SOAP_004,SOAP,vst_SOAP_2024,2024,distributed,400.0,13,13,0.0,True,313.1278130815765
SOAP_006,SOAP,vst_SOAP_2019,2019,distributed,400.0,1,1,0.0,True,0.33419967862607114
SOAP_006,SOAP,vst_SOAP_2024,2024,distributed,400.0,4,4,0.0,True,8.303136896307068
SOAP_007,SOAP,vst_SOAP_2019,2019,distributed,400.0,4,4,0.0,True,102.6092344773022
SOAP_007,SOAP,vst_SOAP_2024,2024,distributed,400.0,4,4,0.0,True,117.5597867134299
SOAP_008,SOAP,vst_SOAP_2019,2019,distributed,400.0,8,8,0.0,True,71.8722421332225
SOAP_008,SOAP,vst_SOAP_2024,2024,distributed,400.0,4,4,0.0,True,76.54491516161438
SOAP_009,SOAP,vst_SOAP_2019,2019,distributed,400.0,25,24,0.040000000000000036,True,98.60289322401738
SOAP_009,SOAP,vst_SOAP_2024,2024,distributed,400.0,14,14,0.0,True,73.39835763346628
SOAP_010,SOAP,vst_SOAP_2019,2019,distributed,400.0,3,3,0.0,True,23.728315280017203
SOAP_010,SOAP,vst_SOAP_2024,2024,distributed,400.0,2,2,0.0,True,16.113797858514676
SOAP_011,SOAP,vst_SOAP_2024,2024,distributed,400.0,39,39,0.0,True,133.52812462518744
SOAP_012,SOAP,vst_SOAP_2019,2019,distributed,400.0,4,4,0.0,True,53.50118132582051
SOAP_012,SOAP,vst_SOAP_2024,2024,distributed,400.0,12,12,0.0,True,57.10196201636819
SOAP_013,SOAP,vst_SOAP_2019,2019,distributed,400.0,7,7,0.0,True,361.33306617656655
SOAP_013,SOAP,vst_SOAP_2024,2024,distributed,400.0,7,7,0.0,True,36.95343152416237
SOAP_015,SOAP,vst_SOAP_2019,2019,distributed,400.0,23,23,0.0,True,364.78641765117976
SOAP_015,SOAP,vst_SOAP_2024,2024,distributed,400.0,16,16,0.0,True,341.2748621003641
SOAP_016,SOAP,vst_SOAP_2024,2024,distributed,400.0,4,4,0.0,True,1.2419895486900836
SOAP_017,SOAP,vst_SOAP_2019,2019,distributed,400.0,8,8,0.0,True,11.929789340888828
SOAP_017,SOAP,vst_SOAP_2024,2024,distributed,400.0,13,13,0.0,True,41.32841550167496
SOAP_018,SOAP,vst_SOAP_2019,2019,distributed,400.0,7,7,0.0,True,72.23059387432276
SOAP_018,SOAP,vst_SOAP_2024,2024,distributed,400.0,2,2,0.0,True,84.28078181099397
SOAP_019,SOAP,vst_SOAP_2019,2019,distributed,400.0,1,1,0.0,True,2.3222546784719307
SOAP_019,SOAP,vst_SOAP_2024,2024,distributed,400.0,2,2,0.0,True,4.947019067001929
SOAP_020,SOAP,vst_SOAP_2019,2019,distributed,400.0,10,8,0.19999999999999996,False,176.76896345842846
SOAP_020,SOAP,vst_SOAP_2024,2024,distributed,400.0,8,8,0.0,True,182.25861713386175
SOAP_021,SOAP,vst_SOAP_2019,2019,distributed,400.0,11,11,0.0,True,266.0283820927783
SOAP_021,SOAP,vst_SOAP_2024,2024,distributed,400.0,9,9,0.0,True,269.0757506917272
SOAP_022,SOAP,vst_SOAP_2024,2024,distributed,400.0,10,10,0.0,True,15.599811107468161
SOAP_024,SOAP,vst_SOAP_2024,2024,distributed,400.0,5,5,0.0,True,4.170560663460486
SOAP_031,SOAP,vst_SOAP_2015,2015,tower,800.0,41,41,0.0,True,140.65481789890907
SOAP_031,SOAP,vst_SOAP_2021,2021,tower,800.0,47,47,0.0,True,79.5894681199784
SOAP_031,SOAP,vst_SOAP_2023,2023,tower,800.0,42,42,0.0,True,77.17377551899574
SOAP_031,SOAP,vst_SOAP_2024,2024,tower,800.0,50,50,0.0,True,85.5259538745574
SOAP_031,SOAP,vst_SOAP_2025,2025,tower,800.0,46,46,0.0,True,81.25579992741885
SOAP_043,SOAP,vst_SOAP_2015,2015,tower,800.0,66,49,0.25757575757575757,False,126.6351417907511
SOAP_043,SOAP,vst_SOAP_2023,2023,tower,800.0,12,12,0.0,True,19.27448238023596
SOAP_043,SOAP,vst_SOAP_2024,2024,tower,800.0,11,11,0.0,True,27.358149489629962
SOAP_043,SOAP,vst_SOAP_2025,2025,tower,800.0,4,4,0.0,True,16.444161746259088
SOAP_044,SOAP,vst_SOAP_2015,2015,tower,800.0,33,23,0.303030303030303,False,64.93776301114629
SOAP_045,SOAP,vst_SOAP_2015,2015,tower,800.0,49,22,0.5510204081632653,False,15.315427385745464
SOAP_045,SOAP,vst_SOAP_2024,2024,tower,800.0,1,1,0.0,True,2.3016052913269163
SOAP_046,SOAP,vst_SOAP_2015,2015,tower,800.0,37,36,0.027027027027026973,True,276.7837259977048
SOAP_046,SOAP,vst_SOAP_2023,2023,tower,800.0,18,18,0.0,True,158.79918490497153
SOAP_046,SOAP,vst_SOAP_2024,2024,tower,800.0,26,26,0.0,True,188.5911299271197
SOAP_046,SOAP,vst_SOAP_2025,2025,tower,800.0,22,22,0.0,True,186.66973850761266
SOAP_047,SOAP,vst_SOAP_2015,2015,tower,800.0,11,9,0.18181818181818177,False,52.48380744003216
SOAP_047,SOAP,vst_SOAP_2023,2023,tower,800.0,1,1,0.0,True,0.008306162446882093
SOAP_047,SOAP,vst_SOAP_2025,2025,tower,800.0,4,4,0.0,True,0.027760829470451862
SOAP_048,SOAP,vst_SOAP_2015,2015,tower,800.0,70,70,0.0,True,257.49268861784094
SOAP_048,SOAP,vst_SOAP_2023,2023,tower,800.0,37,37,0.0,True,233.69705319125316
SOAP_049,SOAP,vst_SOAP_2015,2015,tower,800.0,22,21,0.045454545454545414,True,84.30026984761318
SOAP_049,SOAP,vst_SOAP_2023,2023,tower,800.0,26,26,0.0,True,81.2519833109253
SOAP_050,SOAP,vst_SOAP_2015,2015,tower,800.0,69,55,0.2028985507246377,False,177.00826974117268
SOAP_050,SOAP,vst_SOAP_2023,2023,tower,800.0,53,53,0.0,True,150.74151206018064
SOAP_051,SOAP,vst_SOAP_2015,2015,tower,800.0,13,12,0.07692307692307687,True,9.784806571781271
SOAP_051,SOAP,vst_SOAP_2023,2023,tower,800.0,8,8,0.0,True,6.48982377986175
SOAP_051,SOAP,vst_SOAP_2024,2024,tower,800.0,14,14,0.0,True,9.143955991729158
SOAP_051,SOAP,vst_SOAP_2025,2025,tower,800.0,12,12,0.0,True,8.484095905181714
SOAP_052,SOAP,vst_SOAP_2015,2015,tower,800.0,30,30,0.0,True,492.14469460022553
SOAP_052,SOAP,vst_SOAP_2023,2023,tower,800.0,3,3,0.0,True,120.35870010078904
SOAP_053,SOAP,vst_SOAP_2015,2015,tower,800.0,24,6,0.75,False,38.51938009148048
SOAP_054,SOAP,vst_SOAP_2015,2015,tower,800.0,51,51,0.0,True,196.13829988922225
SOAP_054,SOAP,vst_SOAP_2023,2023,tower,800.0,10,10,0.0,True,96.07975065360162
SOAP_055,SOAP,vst_SOAP_2015,2015,tower,800.0,37,32,0.1351351351351351,False,53.01266309533573
SOAP_055,SOAP,vst_SOAP_2023,2023,tower,800.0,30,30,0.0,True,65.61103522149092
SOAP_056,SOAP,vst_SOAP_2015,2015,tower,800.0,48,47,0.02083333333333337,True,191.79870554529256
SOAP_056,SOAP,vst_SOAP_2023,2023,tower,800.0,2,2,0.0,True,41.36175844803648
SOAP_057,SOAP,vst_SOAP_2015,2015,tower,800.0,24,24,0.0,True,324.76097866806447
SOAP_057,SOAP,vst_SOAP_2023,2023,tower,800.0,11,11,0.0,True,88.82514955929392
SOAP_058,SOAP,vst_SOAP_2015,2015,tower,800.0,7,5,0.2857142857142857,False,80.2493308109183
SOAP_058,SOAP,vst_SOAP_2023,2023,tower,800.0,18,18,0.0,True,0.15862646102638497
SOAP_059,SOAP,vst_SOAP_2015,2015,tower,800.0,38,34,0.10526315789473684,False,155.00926943765728
SOAP_060,SOAP,vst_SOAP_2015,2015,tower,800.0,26,8,0.6923076923076923,False,70.66017846311036
SOAP_060,SOAP,vst_SOAP_2023,2023,tower,800.0,9,9,0.0,True,63.30780919626593
SOAP_061,SOAP,vst_SOAP_2015,2015,tower,800.0,7,7,0.0,True,43.10864969240024
SOAP_061,SOAP,vst_SOAP_2023,2023,tower,800.0,10,10,0.0,True,0.05326116727118939
STEI_001,STEI,vst_STEI_2016,2016,distributed,400.0,41,41,0.0,True,189.85560711150487
STEI_001,STEI,vst_STEI_2021,2021,distributed,400.0,22,22,0.0,True,132.7326012713326
STEI_002,STEI,vst_STEI_2016,2016,distributed,400.0,31,31,0.0,True,161.2210136226308
STEI_002,STEI,vst_STEI_2021,2021,distributed,400.0,30,30,0.0,True,176.38202880383432
STEI_003,STEI,vst_STEI_2016,2016,distributed,400.0,74,74,0.0,True,145.73008242263387
STEI_003,STEI,vst_STEI_2021,2021,distributed,400.0,61,61,0.0,True,169.62626163082462
STEI_004,STEI,vst_STEI_2016,2016,distributed,400.0,46,46,0.0,True,158.29075056474733
STEI_004,STEI,vst_STEI_2021,2021,distributed,400.0,38,38,0.0,True,154.31931551280425
STEI_005,STEI,vst_STEI_2016,2016,distributed,400.0,71,71,0.0,True,134.16946318856938
STEI_005,STEI,vst_STEI_2021,2021,distributed,400.0,67,67,0.0,True,139.23921212708703
STEI_006,STEI,vst_STEI_2016,2016,distributed,400.0,77,77,0.0,True,139.5361989438696
STEI_006,STEI,vst_STEI_2021,2021,distributed,400.0,34,34,0.0,True,129.95870607127645
STEI_007,STEI,vst_STEI_2016,2016,distributed,400.0,32,32,0.0,True,356.26688835671644
STEI_007,STEI,vst_STEI_2021,2021,distributed,400.0,34,34,0.0,True,384.64810270242646
STEI_008,STEI,vst_STEI_2016,2016,distributed,400.0,51,51,0.0,True,189.36062848369562
STEI_008,STEI,vst_STEI_2021,2021,distributed,400.0,38,38,0.0,True,208.4814746736477
STEI_009,STEI,vst_STEI_2016,2016,distributed,400.0,59,59,0.0,True,131.92317348203767
STEI_010,STEI,vst_STEI_2016,2016,distributed,400.0,41,41,0.0,True,185.36080297101006
STEI_011,STEI,vst_STEI_2016,2016,distributed,400.0,17,17,0.0,True,113.58195634675481
STEI_012,STEI,vst_STEI_2016,2016,distributed,400.0,40,40,0.0,True,290.5443774843457
STEI_013,STEI,vst_STEI_2016,2016,distributed,400.0,37,37,0.0,True,154.04524183319944
STEI_014,STEI,vst_STEI_2016,2016,distributed,400.0,75,74,0.013333333333333308,True,103.08859721928299
STEI_015,STEI,vst_STEI_2016,2016,distributed,400.0,48,48,0.0,True,193.75267208702363
STEI_016,STEI,vst_STEI_2016,2016,distributed,400.0,30,30,0.0,True,98.07986791585425
STEI_017,STEI,vst_STEI_2016,2016,distributed,400.0,74,74,0.0,True,137.5972615667457
STEI_019,STEI,vst_STEI_2016,2016,distributed,400.0,73,72,0.013698630136986356,True,91.71663328467109
STEI_021,STEI,vst_STEI_2016,2016,distributed,400.0,7,7,0.0,True,6.933014498334519
STEI_021,STEI,vst_STEI_2021,2021,distributed,400.0,4,4,0.0,True,8.190838074069251
STEI_022,STEI,vst_STEI_2016,2016,distributed,400.0,11,11,0.0,True,6.364840401360214
STEI_046,STEI,vst_STEI_2015,2015,tower,800.0,65,65,0.0,True,110.21490563404295
STEI_046,STEI,vst_STEI_2016,2016,tower,800.0,64,64,0.0,True,101.39552147473624
STEI_046,STEI,vst_STEI_2017,2017,tower,800.0,75,75,0.0,True,113.44215396586891
STEI_046,STEI,vst_STEI_2018,2018,tower,800.0,75,75,0.0,True,111.5557138582729
STEI_046,STEI,vst_STEI_2019,2019,tower,800.0,75,75,0.0,True,113.19261283601425
STEI_046,STEI,vst_STEI_2020,2020,tower,800.0,77,77,0.0,True,114.91549353626611
STEI_046,STEI,vst_STEI_2021,2021,tower,800.0,77,77,0.0,True,112.83850959714087
STEI_046,STEI,vst_STEI_2024,2024,tower,800.0,79,79,0.0,True,119.78786145471925
STEI_046,STEI,vst_STEI_2025,2025,tower,800.0,79,79,0.0,True,121.98302109517948
STEI_047,STEI,vst_STEI_2015,2015,tower,800.0,39,39,0.0,True,6.2486951043908725
STEI_047,STEI,vst_STEI_2016,2016,tower,800.0,46,46,0.0,True,7.5347100756975784
STEI_047,STEI,vst_STEI_2017,2017,tower,800.0,51,51,0.0,True,10.716475233500113
STEI_047,STEI,vst_STEI_2018,2018,tower,800.0,63,63,0.0,True,14.969800665544755
STEI_047,STEI,vst_STEI_2019,2019,tower,800.0,81,81,0.0,True,20.85376281466715
STEI_047,STEI,vst_STEI_2020,2020,tower,800.0,82,82,0.0,True,25.542246951445353
STEI_047,STEI,vst_STEI_2021,2021,tower,800.0,86,86,0.0,True,29.62996810390173
STEI_047,STEI,vst_STEI_2022,2022,tower,800.0,96,96,0.0,True,37.418042100035194
STEI_047,STEI,vst_STEI_2023,2023,tower,800.0,105,105,0.0,True,44.296484420066896
STEI_047,STEI,vst_STEI_2024,2024,tower,400.0,114,114,0.0,True,103.67875649653395
STEI_047,STEI,vst_STEI_2025,2025,tower,800.0,122,122,0.0,True,182.74637416621414
STEI_048,STEI,vst_STEI_2015,2015,tower,800.0,25,25,0.0,True,17.42352643893173
STEI_048,STEI,vst_STEI_2016,2016,tower,800.0,49,49,0.0,True,19.058710928761972
STEI_048,STEI,vst_STEI_2017,2017,tower,800.0,52,52,0.0,True,20.200314457919642
STEI_048,STEI,vst_STEI_2018,2018,tower,800.0,44,44,0.0,True,22.85385658890794
STEI_048,STEI,vst_STEI_2019,2019,tower,800.0,55,55,0.0,True,25.153388094531536
STEI_048,STEI,vst_STEI_2020,2020,tower,800.0,56,56,0.0,True,28.40801958435083
STEI_048,STEI,vst_STEI_2024,2024,tower,800.0,77,77,0.0,True,42.34926014058295
STEI_048,STEI,vst_STEI_2025,2025,tower,800.0,78,78,0.0,True,46.61021488422061
STEI_049,STEI,vst_STEI_2015,2015,tower,800.0,33,33,0.0,True,32.09941823658939
STEI_049,STEI,vst_STEI_2016,2016,tower,800.0,51,51,0.0,True,34.69292033946063
STEI_049,STEI,vst_STEI_2017,2017,tower,800.0,55,55,0.0,True,36.34217176989916
STEI_049,STEI,vst_STEI_2018,2018,tower,800.0,53,53,0.0,True,41.67632900512239
STEI_049,STEI,vst_STEI_2019,2019,tower,800.0,59,59,0.0,True,44.63762433148632
STEI_049,STEI,vst_STEI_2020,2020,tower,800.0,67,67,0.0,True,46.12787167999207
STEI_049,STEI,vst_STEI_2025,2025,tower,400.0,90,90,0.0,True,157.32500671737478
STEI_050,STEI,vst_STEI_2015,2015,tower,800.0,61,61,0.0,True,9.01599004614887
STEI_050,STEI,vst_STEI_2016,2016,tower,800.0,82,82,0.0,True,10.354284637968599
STEI_050,STEI,vst_STEI_2017,2017,tower,800.0,79,79,0.0,True,10.862405817378061
STEI_050,STEI,vst_STEI_2018,2018,tower,800.0,67,67,0.0,True,11.807085268243796
STEI_050,STEI,vst_STEI_2019,2019,tower,800.0,67,67,0.0,True,14.957428485586563
STEI_050,STEI,vst_STEI_2020,2020,tower,800.0,62,62,0.0,True,14.91930024888258
STEI_050,STEI,vst_STEI_2025,2025,tower,800.0,90,90,0.0,True,36.12871006213401
STEI_051,STEI,vst_STEI_2015,2015,tower,800.0,68,68,0.0,True,124.17357620359661
STEI_051,STEI,vst_STEI_2016,2016,tower,800.0,72,72,0.0,True,126.45314038929209
STEI_051,STEI,vst_STEI_2017,2017,tower,800.0,68,68,0.0,True,127.78673692647581
STEI_051,STEI,vst_STEI_2018,2018,tower,800.0,65,65,0.0,True,135.32190559728082
STEI_051,STEI,vst_STEI_2019,2019,tower,800.0,71,71,0.0,True,139.6992694881818
STEI_051,STEI,vst_STEI_2025,2025,tower,800.0,64,64,0.0,True,155.2332248853128
STEI_052,STEI,vst_STEI_2015,2015,tower,800.0,9,9,0.0,True,5.78896277579263
STEI_052,STEI,vst_STEI_2016,2016,tower,800.0,13,13,0.0,True,5.847050455906941
STEI_052,STEI,vst_STEI_2017,2017,tower,800.0,12,12,0.0,True,6.181009405486447
STEI_052,STEI,vst_STEI_2018,2018,tower,800.0,15,15,0.0,True,6.635031091743844
STEI_052,STEI,vst_STEI_2019,2019,tower,800.0,19,19,0.0,True,7.802576856835823
STEI_052,STEI,vst_STEI_2025,2025,tower,800.0,64,64,0.0,True,22.176007127336945
STEI_053,STEI,vst_STEI_2015,2015,tower,800.0,38,38,0.0,True,27.15392709252423
STEI_053,STEI,vst_STEI_2016,2016,tower,800.0,41,41,0.0,True,29.28208164602492
STEI_053,STEI,vst_STEI_2017,2017,tower,800.0,45,45,0.0,True,34.35496597187822
STEI_053,STEI,vst_STEI_2018,2018,tower,800.0,46,46,0.0,True,39.28303494280976
STEI_053,STEI,vst_STEI_2019,2019,tower,800.0,58,58,0.0,True,44.14754082716277
STEI_053,STEI,vst_STEI_2021,2021,tower,800.0,67,67,0.0,True,54.09322007960302
STEI_053,STEI,vst_STEI_2022,2022,tower,800.0,68,68,0.0,True,59.02047555314984
STEI_053,STEI,vst_STEI_2023,2023,tower,800.0,78,78,0.0,True,65.14750368528279
STEI_053,STEI,vst_STEI_2024,2024,tower,800.0,95,95,0.0,True,76.49558511114851
STEI_053,STEI,vst_STEI_2025,2025,tower,800.0,92,92,0.0,True,77.63953425993641
STEI_054,STEI,vst_STEI_2015,2015,tower,800.0,51,51,0.0,True,17.246190831522735
STEI_054,STEI,vst_STEI_2016,2016,tower,800.0,70,70,0.0,True,18.156264724873232
STEI_054,STEI,vst_STEI_2017,2017,tower,800.0,70,70,0.0,True,19.594066667567144
STEI_054,STEI,vst_STEI_2018,2018,tower,800.0,65,65,0.0,True,23.547324461767356
STEI_054,STEI,vst_STEI_2019,2019,tower,800.0,65,65,0.0,True,27.079207193398148
STEI_054,STEI,vst_STEI_2025,2025,tower,800.0,208,208,0.0,True,108.25974659045907
STEI_055,STEI,vst_STEI_2015,2015,tower,800.0,30,30,0.0,True,15.41715455526237
STEI_055,STEI,vst_STEI_2016,2016,tower,800.0,34,34,0.0,True,18.567448393474603
STEI_055,STEI,vst_STEI_2017,2017,tower,800.0,40,40,0.0,True,23.859108243143474
STEI_055,STEI,vst_STEI_2018,2018,tower,800.0,48,48,0.0,True,25.90499524709797
STEI_055,STEI,vst_STEI_2019,2019,tower,800.0,67,67,0.0,True,32.72555003807277
STEI_055,STEI,vst_STEI_2025,2025,tower,800.0,81,81,0.0,True,58.69659049467425
STEI_056,STEI,vst_STEI_2015,2015,tower,800.0,48,48,0.0,True,13.553690330223242
STEI_056,STEI,vst_STEI_2016,2016,tower,800.0,86,86,0.0,True,15.914320769754953
STEI_056,STEI,vst_STEI_2017,2017,tower,800.0,79,79,0.0,True,17.094593903331155
STEI_056,STEI,vst_STEI_2018,2018,tower,800.0,68,68,0.0,True,14.58597162564465
STEI_056,STEI,vst_STEI_2019,2019,tower,800.0,76,76,0.0,True,23.206854516559627
STEI_056,STEI,vst_STEI_2021,2021,tower,800.0,66,66,0.0,True,29.10079424589402
STEI_056,STEI,vst_STEI_2022,2022,tower,800.0,72,72,0.0,True,33.254370819638204
STEI_056,STEI,vst_STEI_2023,2023,tower,800.0,87,87,0.0,True,41.1356520363835
STEI_056,STEI,vst_STEI_2024,2024,tower,800.0,92,92,0.0,True,47.51017318992113
STEI_056,STEI,vst_STEI_2025,2025,tower,800.0,99,99,0.0,True,53.35944904457003
STEI_057,STEI,vst_STEI_2015,2015,tower,800.0,41,41,0.0,True,1.3972531458812967
STEI_057,STEI,vst_STEI_2016,2016,tower,800.0,57,57,0.0,True,2.149914741755732
STEI_057,STEI,vst_STEI_2017,2017,tower,800.0,50,50,0.0,True,4.339090847959923
STEI_057,STEI,vst_STEI_2018,2018,tower,800.0,49,49,0.0,True,5.514831364479967
STEI_057,STEI,vst_STEI_2019,2019,tower,800.0,59,59,0.0,True,7.55968482780592
STEI_057,STEI,vst_STEI_2025,2025,tower,800.0,95,95,0.0,True,37.94129709174733
STEI_058,STEI,vst_STEI_2015,2015,tower,800.0,40,40,0.0,True,18.240595548671447
STEI_058,STEI,vst_STEI_2016,2016,tower,800.0,46,46,0.0,True,17.416851044335715
STEI_058,STEI,vst_STEI_2017,2017,tower,800.0,63,63,0.0,True,26.22741816060668
STEI_058,STEI,vst_STEI_2018,2018,tower,800.0,63,63,0.0,True,30.627755941880764
STEI_058,STEI,vst_STEI_2019,2019,tower,800.0,76,76,0.0,True,35.76114690169986
STEI_059,STEI,vst_STEI_2015,2015,tower,800.0,20,20,0.0,True,0.658510411268346
STEI_059,STEI,vst_STEI_2016,2016,tower,800.0,40,40,0.0,True,8.243799833052961
STEI_059,STEI,vst_STEI_2017,2017,tower,800.0,38,38,0.0,True,8.839846067478403
STEI_059,STEI,vst_STEI_2018,2018,tower,800.0,40,40,0.0,True,12.16080261445003
STEI_059,STEI,vst_STEI_2019,2019,tower,800.0,48,48,0.0,True,15.141812356773071
STEI_059,STEI,vst_STEI_2021,2021,tower,800.0,49,49,0.0,True,19.277999034461097
STEI_059,STEI,vst_STEI_2022,2022,tower,800.0,58,58,0.0,True,23.272284871418663
STEI_059,STEI,vst_STEI_2023,2023,tower,800.0,70,70,0.0,True,27.943785660173887
STEI_059,STEI,vst_STEI_2024,2024,tower,800.0,70,70,0.0,True,31.909615787394625
STEI_059,STEI,vst_STEI_2025,2025,tower,800.0,68,68,0.0,True,33.864798511949694
STEI_060,STEI,vst_STEI_2015,2015,tower,800.0,46,46,0.0,True,2.190277050217164
STEI_060,STEI,vst_STEI_2016,2016,tower,800.0,52,52,0.0,True,2.3673491444090384
STEI_060,STEI,vst_STEI_2017,2017,tower,800.0,55,55,0.0,True,3.3728249505197536
STEI_060,STEI,vst_STEI_2018,2018,tower,800.0,50,50,0.0,True,3.642043846181274
STEI_060,STEI,vst_STEI_2019,2019,tower,800.0,51,51,0.0,True,4.257084696078208
STEI_060,STEI,vst_STEI_2021,2021,tower,800.0,59,59,0.0,True,6.511788583309142
STEI_060,STEI,vst_STEI_2022,2022,tower,800.0,62,62,0.0,True,8.127547830855477
STEI_060,STEI,vst_STEI_2023,2023,tower,800.0,65,65,0.0,True,9.548109050926126
STEI_060,STEI,vst_STEI_2024,2024,tower,800.0,63,63,0.0,True,10.993126630737867
STEI_060,STEI,vst_STEI_2025,2025,tower,800.0,62,62,0.0,True,13.592156931555515
STEI_061,STEI,vst_STEI_2015,2015,tower,800.0,30,30,0.0,True,71.8981230853065
STEI_061,STEI,vst_STEI_2016,2016,tower,800.0,37,37,0.0,True,70.97777449251579
STEI_061,STEI,vst_STEI_2017,2017,tower,800.0,57,57,0.0,True,74.10955117646319
STEI_061,STEI,vst_STEI_2018,2018,tower,800.0,55,55,0.0,True,74.8963256737328
STEI_061,STEI,vst_STEI_2019,2019,tower,800.0,62,62,0.0,True,81.7242212655523
STEI_061,STEI,vst_STEI_2025,2025,tower,800.0,76,76,0.0,True,69.6951712030241
STEI_062,STEI,vst_STEI_2015,2015,tower,800.0,57,57,0.0,True,4.690628939126752
STEI_062,STEI,vst_STEI_2016,2016,tower,800.0,62,62,0.0,True,5.226174655165314
STEI_062,STEI,vst_STEI_2017,2017,tower,800.0,48,48,0.0,True,5.883248968175321
STEI_062,STEI,vst_STEI_2018,2018,tower,800.0,43,43,0.0,True,7.156991352693498
STEI_062,STEI,vst_STEI_2019,2019,tower,800.0,37,37,0.0,True,8.490611419316501
TALL_001,TALL,vst_TALL_2015,2015,distributed,400.0,45,39,0.1333333333333333,False,380.80111849278006
TALL_001,TALL,vst_TALL_2020,2020,distributed,400.0,41,31,0.24390243902439024,False,316.66577804854717
TALL_001,TALL,vst_TALL_2023,2023,distributed,400.0,32,29,0.09375,True,347.6336784372215
TALL_002,TALL,vst_TALL_2015,2015,distributed,400.0,75,75,0.0,True,153.66487057067675
TALL_002,TALL,vst_TALL_2020,2020,distributed,400.0,68,68,0.0,True,120.77226900246518
TALL_002,TALL,vst_TALL_2023,2023,distributed,400.0,46,46,0.0,True,138.35860315316032
TALL_003,TALL,vst_TALL_2015,2015,distributed,400.0,4,4,0.0,True,1.2997419805065835
TALL_003,TALL,vst_TALL_2023,2023,distributed,400.0,16,16,0.0,True,6.454231736019516
TALL_004,TALL,vst_TALL_2015,2015,distributed,400.0,19,15,0.21052631578947367,False,109.45512852334605
TALL_004,TALL,vst_TALL_2023,2023,distributed,400.0,11,11,0.0,True,102.2341120646651
TALL_005,TALL,vst_TALL_2015,2015,distributed,400.0,4,4,0.0,True,58.16082115547708
TALL_005,TALL,vst_TALL_2020,2020,distributed,400.0,18,18,0.0,True,53.45295405056599
TALL_005,TALL,vst_TALL_2023,2023,distributed,400.0,28,28,0.0,True,57.16061868942537
TALL_006,TALL,vst_TALL_2015,2015,distributed,400.0,35,30,0.1428571428571429,False,163.6537475265532
TALL_006,TALL,vst_TALL_2020,2020,distributed,400.0,11,11,0.0,True,169.06996429695687
TALL_006,TALL,vst_TALL_2023,2023,distributed,400.0,10,10,0.0,True,177.557458470067
TALL_007,TALL,vst_TALL_2015,2015,distributed,400.0,52,52,0.0,True,131.34526371703177
TALL_007,TALL,vst_TALL_2020,2020,distributed,400.0,36,36,0.0,True,179.15315250257134
TALL_007,TALL,vst_TALL_2023,2023,distributed,400.0,31,31,0.0,True,187.08443186458715
TALL_008,TALL,vst_TALL_2015,2015,distributed,400.0,48,41,0.14583333333333337,False,177.55987787067036
TALL_008,TALL,vst_TALL_2023,2023,distributed,400.0,21,21,0.0,True,207.9797618037478
TALL_009,TALL,vst_TALL_2015,2015,distributed,400.0,31,31,0.0,True,41.493498241215256
TALL_009,TALL,vst_TALL_2023,2023,distributed,400.0,14,14,0.0,True,53.39802492729589
TALL_010,TALL,vst_TALL_2015,2015,distributed,400.0,26,24,0.07692307692307687,True,176.16147173570508
TALL_010,TALL,vst_TALL_2023,2023,distributed,400.0,13,13,0.0,True,195.82262978501834
TALL_011,TALL,vst_TALL_2015,2015,distributed,400.0,22,22,0.0,True,180.37846050142065
TALL_011,TALL,vst_TALL_2023,2023,distributed,400.0,19,19,0.0,True,204.7712506212676
TALL_012,TALL,vst_TALL_2015,2015,distributed,400.0,10,10,0.0,True,166.89669188194156
TALL_012,TALL,vst_TALL_2023,2023,distributed,400.0,12,12,0.0,True,191.2126081445719
TALL_013,TALL,vst_TALL_2015,2015,distributed,400.0,27,24,0.11111111111111116,False,129.70443813587892
TALL_013,TALL,vst_TALL_2023,2023,distributed,400.0,18,17,0.05555555555555558,True,143.034676271439
TALL_015,TALL,vst_TALL_2015,2015,distributed,400.0,56,54,0.0357142857142857,True,238.84477484888012
TALL_015,TALL,vst_TALL_2023,2023,distributed,400.0,19,19,0.0,True,250.1323661980201
TALL_016,TALL,vst_TALL_2015,2015,distributed,400.0,20,18,0.09999999999999998,True,167.49344520091367
TALL_016,TALL,vst_TALL_2023,2023,distributed,400.0,17,17,0.0,True,213.55295941961117
TALL_017,TALL,vst_TALL_2015,2015,distributed,400.0,43,41,0.046511627906976716,True,111.5128179971024
TALL_017,TALL,vst_TALL_2023,2023,distributed,400.0,16,16,0.0,True,34.08655969297613
TALL_018,TALL,vst_TALL_2015,2015,distributed,400.0,22,21,0.045454545454545414,True,279.2004132075515
TALL_018,TALL,vst_TALL_2023,2023,distributed,400.0,14,14,0.0,True,303.1835549261088
TALL_020,TALL,vst_TALL_2015,2015,distributed,400.0,8,8,0.0,True,68.9658702201764
TALL_020,TALL,vst_TALL_2023,2023,distributed,400.0,11,11,0.0,True,72.24292337034163
TALL_022,TALL,vst_TALL_2015,2015,distributed,400.0,38,38,0.0,True,110.11266408230007
TALL_022,TALL,vst_TALL_2023,2023,distributed,400.0,41,41,0.0,True,134.33634768518309
TALL_025,TALL,vst_TALL_2023,2023,distributed,400.0,21,21,0.0,True,356.1006156701369
TALL_042,TALL,vst_TALL_2015,2015,tower,800.0,75,73,0.026666666666666616,True,115.82122559671328
TALL_042,TALL,vst_TALL_2016,2016,tower,800.0,53,52,0.018867924528301883,True,110.7823864543479
TALL_042,TALL,vst_TALL_2017,2017,tower,800.0,54,54,0.0,True,103.78005618181069
TALL_042,TALL,vst_TALL_2018,2018,tower,800.0,48,48,0.0,True,119.35594762553319
TALL_042,TALL,vst_TALL_2019,2019,tower,800.0,51,51,0.0,True,108.91666192183615
TALL_042,TALL,vst_TALL_2021,2021,tower,800.0,58,58,0.0,True,109.52205755362812
TALL_042,TALL,vst_TALL_2022,2022,tower,800.0,63,63,0.0,True,112.02441157906964
TALL_042,TALL,vst_TALL_2023,2023,tower,800.0,64,64,0.0,True,118.22766114555493
TALL_042,TALL,vst_TALL_2024,2024,tower,800.0,59,59,0.0,True,108.45548480553875
TALL_042,TALL,vst_TALL_2025,2025,tower,800.0,55,55,0.0,True,106.69003795634866
TALL_043,TALL,vst_TALL_2015,2015,tower,800.0,41,41,0.0,True,93.0282271039086
TALL_043,TALL,vst_TALL_2016,2016,tower,800.0,37,36,0.027027027027026973,True,90.56410273915824
TALL_043,TALL,vst_TALL_2017,2017,tower,800.0,45,45,0.0,True,94.19116316999059
TALL_043,TALL,vst_TALL_2018,2018,tower,800.0,44,44,0.0,True,98.41023028846354
TALL_043,TALL,vst_TALL_2024,2024,tower,800.0,43,43,0.0,True,106.99903375699442
TALL_044,TALL,vst_TALL_2015,2015,tower,800.0,69,69,0.0,True,131.94571981241265
TALL_044,TALL,vst_TALL_2016,2016,tower,800.0,67,66,0.014925373134328401,True,137.16167840515533
TALL_044,TALL,vst_TALL_2017,2017,tower,800.0,63,63,0.0,True,137.41170515415052
TALL_044,TALL,vst_TALL_2018,2018,tower,800.0,62,62,0.0,True,137.71919772232548
TALL_044,TALL,vst_TALL_2019,2019,tower,800.0,65,65,0.0,True,153.39587145537047
TALL_044,TALL,vst_TALL_2021,2021,tower,800.0,65,65,0.0,True,158.33235666050177
TALL_044,TALL,vst_TALL_2022,2022,tower,800.0,69,69,0.0,True,154.8974990440605
TALL_044,TALL,vst_TALL_2023,2023,tower,800.0,67,67,0.0,True,159.4315864811059
TALL_044,TALL,vst_TALL_2024,2024,tower,800.0,65,65,0.0,True,163.14446932501778
TALL_045,TALL,vst_TALL_2015,2015,tower,800.0,90,81,0.09999999999999998,True,128.33657819184907
TALL_045,TALL,vst_TALL_2016,2016,tower,800.0,75,75,0.0,True,134.52086765652686
TALL_045,TALL,vst_TALL_2017,2017,tower,800.0,74,73,0.013513513513513487,True,125.71232001098598
TALL_045,TALL,vst_TALL_2018,2018,tower,800.0,72,72,0.0,True,125.73970010027371
TALL_045,TALL,vst_TALL_2024,2024,tower,800.0,60,60,0.0,True,115.77041080854708
TALL_046,TALL,vst_TALL_2015,2015,tower,800.0,110,106,0.036363636363636376,True,112.86462014672458
TALL_046,TALL,vst_TALL_2016,2016,tower,800.0,113,110,0.026548672566371723,True,119.50893069946639
TALL_046,TALL,vst_TALL_2017,2017,tower,800.0,102,101,0.009803921568627416,True,120.77110201120635
TALL_046,TALL,vst_TALL_2018,2018,tower,800.0,98,97,0.010204081632653073,True,125.15245183707364
TALL_046,TALL,vst_TALL_2024,2024,tower,800.0,98,97,0.010204081632653073,True,158.1363595928067
TALL_047,TALL,vst_TALL_2015,2015,tower,800.0,38,38,0.0,True,236.04706896248837
TALL_047,TALL,vst_TALL_2016,2016,tower,800.0,38,38,0.0,True,217.11613437954983
TALL_047,TALL,vst_TALL_2017,2017,tower,800.0,35,35,0.0,True,225.14285054448848
TALL_047,TALL,vst_TALL_2018,2018,tower,800.0,36,36,0.0,True,233.0796019123865
TALL_047,TALL,vst_TALL_2019,2019,tower,800.0,35,35,0.0,True,236.44288885249085
TALL_047,TALL,vst_TALL_2021,2021,tower,800.0,35,35,0.0,True,252.27812340533814
TALL_047,TALL,vst_TALL_2022,2022,tower,800.0,39,39,0.0,True,253.03946907716227
TALL_047,TALL,vst_TALL_2023,2023,tower,800.0,34,34,0.0,True,259.38732376214784
TALL_047,TALL,vst_TALL_2024,2024,tower,800.0,32,32,0.0,True,254.95511769181354
TALL_047,TALL,vst_TALL_2025,2025,tower,800.0,34,34,0.0,True,230.27501107092652
TALL_048,TALL,vst_TALL_2015,2015,tower,800.0,29,29,0.0,True,165.7770526538501
TALL_048,TALL,vst_TALL_2016,2016,tower,800.0,26,26,0.0,True,188.35256582006787
TALL_048,TALL,vst_TALL_2017,2017,tower,800.0,29,28,0.03448275862068961,True,166.04664562615275
TALL_048,TALL,vst_TALL_2018,2018,tower,800.0,29,29,0.0,True,186.79851907896995
TALL_048,TALL,vst_TALL_2024,2024,tower,800.0,28,28,0.0,True,196.7356149408347
TALL_049,TALL,vst_TALL_2015,2015,tower,800.0,11,11,0.0,True,138.29602659575525
TALL_049,TALL,vst_TALL_2016,2016,tower,800.0,10,10,0.0,True,122.77000201335233
TALL_049,TALL,vst_TALL_2017,2017,tower,800.0,11,11,0.0,True,106.97624450577008
TALL_049,TALL,vst_TALL_2018,2018,tower,800.0,10,10,0.0,True,126.51628952959419
TALL_049,TALL,vst_TALL_2024,2024,tower,800.0,10,10,0.0,True,140.46273236445577
TALL_050,TALL,vst_TALL_2015,2015,tower,800.0,36,36,0.0,True,169.58480583410872
TALL_050,TALL,vst_TALL_2016,2016,tower,800.0,30,30,0.0,True,171.19079554724527
TALL_050,TALL,vst_TALL_2017,2017,tower,800.0,32,32,0.0,True,165.7120756702882
TALL_050,TALL,vst_TALL_2018,2018,tower,800.0,30,30,0.0,True,167.05526820174728
TALL_050,TALL,vst_TALL_2024,2024,tower,400.0,28,28,0.0,True,347.0054502082757
TALL_051,TALL,vst_TALL_2015,2015,tower,800.0,14,13,0.0714285714285714,True,215.66121871064956
TALL_051,TALL,vst_TALL_2016,2016,tower,800.0,15,14,0.06666666666666665,True,182.15304191901666
TALL_051,TALL,vst_TALL_2017,2017,tower,800.0,16,16,0.0,True,184.7650866685959
TALL_051,TALL,vst_TALL_2018,2018,tower,800.0,14,14,0.0,True,188.66640873519194
TALL_051,TALL,vst_TALL_2019,2019,tower,800.0,22,22,0.0,True,190.9754755560112
TALL_051,TALL,vst_TALL_2024,2024,tower,800.0,12,12,0.0,True,204.39535584034428
TALL_052,TALL,vst_TALL_2015,2015,tower,800.0,19,19,0.0,True,104.56537022439456
TALL_052,TALL,vst_TALL_2016,2016,tower,800.0,19,18,0.052631578947368474,True,95.16424909154033
TALL_052,TALL,vst_TALL_2017,2017,tower,800.0,19,19,0.0,True,105.29633931681488
TALL_052,TALL,vst_TALL_2018,2018,tower,800.0,19,19,0.0,True,105.78077679846243
TALL_052,TALL,vst_TALL_2024,2024,tower,800.0,19,19,0.0,True,124.17189290346941
TALL_053,TALL,vst_TALL_2015,2015,tower,800.0,31,31,0.0,True,224.32501358785512
TALL_053,TALL,vst_TALL_2016,2016,tower,800.0,27,27,0.0,True,204.7433660009086
TALL_053,TALL,vst_TALL_2017,2017,tower,800.0,25,25,0.0,True,207.10367542883495
TALL_053,TALL,vst_TALL_2018,2018,tower,800.0,23,23,0.0,True,212.02698195338186
TALL_053,TALL,vst_TALL_2024,2024,tower,800.0,19,19,0.0,True,213.7398663636743
TALL_054,TALL,vst_TALL_2015,2015,tower,800.0,49,49,0.0,True,87.37720396320472
TALL_054,TALL,vst_TALL_2016,2016,tower,800.0,42,42,0.0,True,89.56915982354045
TALL_054,TALL,vst_TALL_2017,2017,tower,800.0,42,42,0.0,True,90.04515310970949
TALL_054,TALL,vst_TALL_2018,2018,tower,800.0,42,42,0.0,True,94.54122582665248
TALL_054,TALL,vst_TALL_2019,2019,tower,800.0,44,44,0.0,True,96.05937867470755
TALL_054,TALL,vst_TALL_2020,2020,tower,800.0,47,47,0.0,True,100.26965054113978
TALL_054,TALL,vst_TALL_2021,2021,tower,800.0,48,48,0.0,True,106.06433187609277
TALL_054,TALL,vst_TALL_2022,2022,tower,800.0,50,50,0.0,True,108.36745234709073
TALL_054,TALL,vst_TALL_2023,2023,tower,800.0,50,50,0.0,True,111.10590434342275
TALL_054,TALL,vst_TALL_2024,2024,tower,800.0,50,50,0.0,True,116.02382791234164
TALL_054,TALL,vst_TALL_2025,2025,tower,800.0,52,52,0.0,True,119.16850918788843
TALL_055,TALL,vst_TALL_2015,2015,tower,800.0,40,39,0.025000000000000022,True,156.36617589009566
TALL_055,TALL,vst_TALL_2016,2016,tower,800.0,35,35,0.0,True,155.01237197329246
TALL_055,TALL,vst_TALL_2017,2017,tower,800.0,37,37,0.0,True,156.83253737971563
TALL_055,TALL,vst_TALL_2018,2018,tower,800.0,36,36,0.0,True,158.7449312440314
TALL_055,TALL,vst_TALL_2021,2021,tower,800.0,36,36,0.0,True,176.95274235047114
TALL_055,TALL,vst_TALL_2022,2022,tower,800.0,38,38,0.0,True,180.38058973830312
TALL_055,TALL,vst_TALL_2023,2023,tower,800.0,39,39,0.0,True,182.78961820325804
TALL_055,TALL,vst_TALL_2024,2024,tower,400.0,39,39,0.0,True,374.74059724260366
TALL_055,TALL,vst_TALL_2025,2025,tower,800.0,37,37,0.0,True,180.27254118492047
TALL_056,TALL,vst_TALL_2015,2015,tower,800.0,30,29,0.033333333333333326,True,71.78694044019363
TALL_056,TALL,vst_TALL_2016,2016,tower,800.0,25,25,0.0,True,70.51261710929558
TALL_056,TALL,vst_TALL_2017,2017,tower,800.0,25,25,0.0,True,71.87884094167552
TALL_056,TALL,vst_TALL_2018,2018,tower,800.0,25,25,0.0,True,72.6984033961697
TALL_056,TALL,vst_TALL_2024,2024,tower,800.0,28,28,0.0,True,83.003295332657
TALL_057,TALL,vst_TALL_2015,2015,tower,800.0,33,33,0.0,True,91.78325625793885
TALL_057,TALL,vst_TALL_2016,2016,tower,800.0,29,29,0.0,True,89.6855706754383
TALL_057,TALL,vst_TALL_2017,2017,tower,800.0,28,28,0.0,True,93.37685786903482
TALL_057,TALL,vst_TALL_2018,2018,tower,800.0,30,30,0.0,True,96.32384759570463
TALL_057,TALL,vst_TALL_2024,2024,tower,800.0,30,30,0.0,True,110.06956371881908
TALL_058,TALL,vst_TALL_2015,2015,tower,800.0,44,44,0.0,True,206.37485008134905
TALL_058,TALL,vst_TALL_2016,2016,tower,800.0,45,45,0.0,True,223.82939670904943
TALL_058,TALL,vst_TALL_2017,2017,tower,800.0,47,47,0.0,True,205.43463493192738
TALL_058,TALL,vst_TALL_2018,2018,tower,800.0,44,44,0.0,True,205.16877778871904
TALL_058,TALL,vst_TALL_2024,2024,tower,800.0,39,39,0.0,True,150.0952784655817
TALL_059,TALL,vst_TALL_2015,2015,tower,800.0,61,55,0.09836065573770492,True,230.7785973503809
TALL_059,TALL,vst_TALL_2016,2016,tower,800.0,69,61,0.1159420289855072,False,288.59577702170185
TALL_059,TALL,vst_TALL_2017,2017,tower,800.0,74,69,0.06756756756756754,True,238.42477728366694
TALL_059,TALL,vst_TALL_2018,2018,tower,800.0,66,65,0.015151515151515138,True,238.2127641511424
TALL_059,TALL,vst_TALL_2024,2024,tower,800.0,47,47,0.0,True,265.1991876486078
TALL_060,TALL,vst_TALL_2015,2015,tower,800.0,79,69,0.12658227848101267,False,91.88470459504451
TALL_060,TALL,vst_TALL_2016,2016,tower,800.0,87,76,0.12643678160919536,False,89.94253956331102
TALL_060,TALL,vst_TALL_2017,2017,tower,800.0,78,76,0.02564102564102566,True,84.32507269059126
TALL_060,TALL,vst_TALL_2018,2018,tower,800.0,72,70,0.02777777777777779,True,86.91339145357058
TALL_060,TALL,vst_TALL_2024,2024,tower,800.0,62,59,0.048387096774193505,True,104.41967709276818
TALL_061,TALL,vst_TALL_2015,2015,tower,800.0,22,20,0.09090909090909094,True,90.34699961446239
TALL_061,TALL,vst_TALL_2016,2016,tower,800.0,17,17,0.0,True,62.77019213975932
TALL_061,TALL,vst_TALL_2017,2017,tower,800.0,20,20,0.0,True,94.61535718762569
TALL_061,TALL,vst_TALL_2018,2018,tower,800.0,15,15,0.0,True,94.00577542370797
TALL_061,TALL,vst_TALL_2024,2024,tower,800.0,18,18,0.0,True,108.09214208075576
TALL_064,TALL,vst_TALL_2015,2015,distributed,400.0,25,24,0.040000000000000036,True,224.4595792208962
TEAK_001,TEAK,vst_TEAK_2022,2022,distributed,400.0,11,11,0.0,True,80.32086610796738
TEAK_002,TEAK,vst_TEAK_2022,2022,distributed,400.0,14,13,0.0714285714285714,True,1351.4791624455534
TEAK_003,TEAK,vst_TEAK_2022,2022,distributed,400.0,24,24,0.0,True,201.33838926661775
TEAK_004,TEAK,vst_TEAK_2022,2022,distributed,400.0,1,1,0.0,True,0.010538018319407082
TEAK_005,TEAK,vst_TEAK_2022,2022,distributed,400.0,12,12,0.0,True,447.7603790464018
TEAK_006,TEAK,vst_TEAK_2022,2022,distributed,400.0,12,11,0.08333333333333337,True,232.44412471088472
TEAK_007,TEAK,vst_TEAK_2022,2022,distributed,400.0,13,13,0.0,True,137.3095033904418
TEAK_010,TEAK,vst_TEAK_2022,2022,distributed,400.0,4,4,0.0,True,188.60939345364238
TEAK_011,TEAK,vst_TEAK_2022,2022,distributed,400.0,15,15,0.0,True,529.5067234741849
TEAK_012,TEAK,vst_TEAK_2022,2022,distributed,400.0,48,48,0.0,True,453.7360456909374
TEAK_013,TEAK,vst_TEAK_2022,2022,distributed,400.0,15,15,0.0,True,716.8760422838554
TEAK_014,TEAK,vst_TEAK_2022,2022,distributed,400.0,7,7,0.0,True,103.12471650167087
TEAK_015,TEAK,vst_TEAK_2022,2022,distributed,400.0,45,45,0.0,True,194.85495131592936
TEAK_016,TEAK,vst_TEAK_2022,2022,distributed,400.0,6,6,0.0,True,127.78875630105644
TEAK_017,TEAK,vst_TEAK_2022,2022,distributed,400.0,9,9,0.0,True,170.12652642284914
TEAK_018,TEAK,vst_TEAK_2022,2022,distributed,400.0,6,6,0.0,True,872.2460039746835
TEAK_019,TEAK,vst_TEAK_2022,2022,distributed,400.0,23,23,0.0,True,754.9515638145228
TEAK_020,TEAK,vst_TEAK_2022,2022,distributed,400.0,14,14,0.0,True,996.9133700301823
TEAK_025,TEAK,vst_TEAK_2022,2022,distributed,400.0,5,5,0.0,True,157.11300674058177
TEAK_043,TEAK,vst_TEAK_2015,2015,tower,800.0,39,39,0.0,True,44.72933563779739
TEAK_043,TEAK,vst_TEAK_2021,2021,tower,800.0,32,32,0.0,True,17.938291534639234
TEAK_043,TEAK,vst_TEAK_2022,2022,tower,800.0,30,30,0.0,True,17.43845689382271
TEAK_043,TEAK,vst_TEAK_2023,2023,tower,400.0,28,28,0.0,True,30.292849507307206
TEAK_043,TEAK,vst_TEAK_2024,2024,tower,800.0,36,36,0.0,True,19.802870914558937
TEAK_043,TEAK,vst_TEAK_2025,2025,tower,800.0,34,34,0.0,True,18.544286047688416
TEAK_044,TEAK,vst_TEAK_2015,2015,tower,800.0,128,128,0.0,True,352.39311837502237
TEAK_044,TEAK,vst_TEAK_2021,2021,tower,800.0,117,116,0.008547008547008517,True,280.9412773565679
TEAK_044,TEAK,vst_TEAK_2022,2022,tower,800.0,117,117,0.0,True,334.77919086461964
TEAK_044,TEAK,vst_TEAK_2023,2023,tower,800.0,116,116,0.0,True,315.76747801722723
TEAK_044,TEAK,vst_TEAK_2024,2024,tower,800.0,87,87,0.0,True,268.63064446847244
TEAK_044,TEAK,vst_TEAK_2025,2025,tower,800.0,117,117,0.0,True,323.3743286191704
TEAK_045,TEAK,vst_TEAK_2015,2015,tower,800.0,74,73,0.013513513513513487,True,451.9950648194418
TEAK_045,TEAK,vst_TEAK_2021,2021,tower,800.0,55,55,0.0,True,536.9978302934036
TEAK_045,TEAK,vst_TEAK_2022,2022,tower,800.0,44,44,0.0,True,444.67861106245755
TEAK_045,TEAK,vst_TEAK_2023,2023,tower,800.0,41,41,0.0,True,404.72880211686606
TEAK_045,TEAK,vst_TEAK_2024,2024,tower,800.0,43,43,0.0,True,413.92666243204957
TEAK_045,TEAK,vst_TEAK_2025,2025,tower,800.0,51,51,0.0,True,442.1549116733448
TEAK_046,TEAK,vst_TEAK_2015,2015,tower,800.0,98,98,0.0,True,363.05117380437605
TEAK_046,TEAK,vst_TEAK_2021,2021,tower,800.0,100,100,0.0,True,211.9613573258178
TEAK_046,TEAK,vst_TEAK_2022,2022,tower,800.0,40,40,0.0,True,351.3393395520831
TEAK_046,TEAK,vst_TEAK_2023,2023,tower,800.0,46,46,0.0,True,269.47794087081803
TEAK_046,TEAK,vst_TEAK_2024,2024,tower,800.0,77,77,0.0,True,258.29410609361526
TEAK_046,TEAK,vst_TEAK_2025,2025,tower,800.0,65,65,0.0,True,216.242049683721
TEAK_047,TEAK,vst_TEAK_2015,2015,tower,800.0,56,56,0.0,True,258.2028042313093
TEAK_047,TEAK,vst_TEAK_2021,2021,tower,800.0,54,54,0.0,True,189.6314496590446
TEAK_047,TEAK,vst_TEAK_2022,2022,tower,800.0,57,57,0.0,True,192.12829822394238
TEAK_047,TEAK,vst_TEAK_2023,2023,tower,800.0,56,56,0.0,True,182.96217388651402
TEAK_047,TEAK,vst_TEAK_2024,2024,tower,800.0,48,48,0.0,True,191.9742460942213
TEAK_047,TEAK,vst_TEAK_2025,2025,tower,800.0,48,48,0.0,True,197.38806682762967
TEAK_048,TEAK,vst_TEAK_2015,2015,tower,800.0,28,28,0.0,True,257.58377380597676
TEAK_048,TEAK,vst_TEAK_2025,2025,tower,800.0,19,19,0.0,True,141.77307070312324
TEAK_049,TEAK,vst_TEAK_2015,2015,tower,800.0,26,26,0.0,True,90.54528137466787
TEAK_049,TEAK,vst_TEAK_2025,2025,tower,800.0,18,18,0.0,True,80.70781032185134
TEAK_050,TEAK,vst_TEAK_2015,2015,tower,800.0,99,99,0.0,True,951.5631582207941
TEAK_051,TEAK,vst_TEAK_2015,2015,tower,800.0,50,50,0.0,True,227.96232300752547
TEAK_051,TEAK,vst_TEAK_2025,2025,tower,800.0,59,59,0.0,True,202.45293695105917
TEAK_052,TEAK,vst_TEAK_2015,2015,tower,800.0,142,139,0.021126760563380254,True,317.4221016695387
TEAK_052,TEAK,vst_TEAK_2025,2025,tower,800.0,122,121,0.008196721311475419,True,329.66637920056843
TEAK_053,TEAK,vst_TEAK_2015,2015,tower,800.0,28,28,0.0,True,274.56910741619686
TEAK_053,TEAK,vst_TEAK_2025,2025,tower,800.0,13,13,0.0,True,245.40010868948642
TEAK_054,TEAK,vst_TEAK_2015,2015,tower,800.0,38,38,0.0,True,326.618747520023
TEAK_054,TEAK,vst_TEAK_2025,2025,tower,800.0,30,30,0.0,True,279.2648840282904
TEAK_055,TEAK,vst_TEAK_2015,2015,tower,800.0,19,19,0.0,True,309.9881903545849
TEAK_056,TEAK,vst_TEAK_2015,2015,tower,800.0,24,24,0.0,True,278.86156669360656
TEAK_057,TEAK,vst_TEAK_2015,2015,tower,800.0,87,87,0.0,True,420.7042579558232
TEAK_058,TEAK,vst_TEAK_2015,2015,tower,800.0,22,22,0.0,True,137.58611143200784
TEAK_059,TEAK,vst_TEAK_2015,2015,tower,800.0,133,131,0.015037593984962405,True,594.4171568267907
TEAK_060,TEAK,vst_TEAK_2015,2015,tower,800.0,70,70,0.0,True,272.9718962063333
TEAK_061,TEAK,vst_TEAK_2015,2015,tower,800.0,51,51,0.0,True,154.26999071101764
TEAK_062,TEAK,vst_TEAK_2015,2015,tower,800.0,97,97,0.0,True,412.5835165482774
TREE_001,TREE,vst_TREE_2017,2017,distributed,400.0,25,25,0.0,True,149.41826457086253
TREE_001,TREE,vst_TREE_2019,2019,distributed,400.0,27,27,0.0,True,160.56723093916202
TREE_001,TREE,vst_TREE_2023,2023,distributed,400.0,9,9,0.0,True,147.5147153801801
TREE_002,TREE,vst_TREE_2017,2017,distributed,400.0,34,34,0.0,True,109.2003229638503
TREE_002,TREE,vst_TREE_2019,2019,distributed,400.0,37,37,0.0,True,116.20600008250699
TREE_002,TREE,vst_TREE_2023,2023,distributed,400.0,43,43,0.0,True,96.62032562368337
TREE_003,TREE,vst_TREE_2017,2017,distributed,400.0,19,19,0.0,True,190.42578824941833
TREE_003,TREE,vst_TREE_2019,2019,distributed,400.0,19,19,0.0,True,195.70501109897765
TREE_003,TREE,vst_TREE_2023,2023,distributed,400.0,19,19,0.0,True,218.92138778858578
TREE_004,TREE,vst_TREE_2017,2017,distributed,400.0,31,31,0.0,True,81.84098562980763
TREE_004,TREE,vst_TREE_2019,2019,distributed,400.0,25,25,0.0,True,67.59976629090089
TREE_004,TREE,vst_TREE_2023,2023,distributed,400.0,21,21,0.0,True,55.21284931489695
TREE_005,TREE,vst_TREE_2017,2017,distributed,400.0,5,5,0.0,True,61.990481795544525
TREE_005,TREE,vst_TREE_2019,2019,distributed,400.0,2,2,0.0,True,57.667331258380116
TREE_006,TREE,vst_TREE_2017,2017,distributed,400.0,7,7,0.0,True,114.68656158612735
TREE_006,TREE,vst_TREE_2019,2019,distributed,400.0,5,5,0.0,True,53.77409527974876
TREE_006,TREE,vst_TREE_2023,2023,distributed,400.0,6,6,0.0,True,56.59248832535941
TREE_007,TREE,vst_TREE_2017,2017,distributed,400.0,32,32,0.0,True,64.7397807181055
TREE_007,TREE,vst_TREE_2019,2019,distributed,400.0,44,44,0.0,True,66.0051538694154
TREE_007,TREE,vst_TREE_2023,2023,distributed,400.0,52,52,0.0,True,68.6814226580169
TREE_008,TREE,vst_TREE_2017,2017,distributed,400.0,4,4,0.0,True,17.351985466937492
TREE_008,TREE,vst_TREE_2019,2019,distributed,400.0,2,2,0.0,True,3.6647005430422714
TREE_009,TREE,vst_TREE_2017,2017,distributed,400.0,69,69,0.0,True,122.97445490931445
TREE_009,TREE,vst_TREE_2019,2019,distributed,400.0,78,78,0.0,True,126.05061301649494
TREE_010,TREE,vst_TREE_2017,2017,distributed,400.0,62,62,0.0,True,40.60378743656948
TREE_010,TREE,vst_TREE_2019,2019,distributed,400.0,59,59,0.0,True,51.00141303405863
TREE_011,TREE,vst_TREE_2017,2017,distributed,400.0,5,5,0.0,True,1.0315090863335925
TREE_011,TREE,vst_TREE_2019,2019,distributed,400.0,5,5,0.0,True,0.8556093331741433
TREE_012,TREE,vst_TREE_2017,2017,distributed,400.0,53,53,0.0,True,108.2621432217762
TREE_012,TREE,vst_TREE_2019,2019,distributed,400.0,55,55,0.0,True,111.31026974027557
TREE_014,TREE,vst_TREE_2017,2017,distributed,400.0,17,17,0.0,True,66.62047889254065
TREE_014,TREE,vst_TREE_2019,2019,distributed,400.0,12,12,0.0,True,72.07368909423133
TREE_015,TREE,vst_TREE_2017,2017,distributed,400.0,47,47,0.0,True,135.02825754754392
TREE_015,TREE,vst_TREE_2019,2019,distributed,400.0,46,46,0.0,True,138.353447392534
TREE_016,TREE,vst_TREE_2017,2017,distributed,400.0,12,11,0.08333333333333337,True,67.21059567750397
TREE_016,TREE,vst_TREE_2019,2019,distributed,400.0,10,10,0.0,True,73.65780363984658
TREE_017,TREE,vst_TREE_2017,2017,distributed,400.0,20,20,0.0,True,63.075671833802424
TREE_017,TREE,vst_TREE_2019,2019,distributed,400.0,22,22,0.0,True,71.91716399428694
TREE_018,TREE,vst_TREE_2017,2017,distributed,400.0,20,20,0.0,True,166.079386143011
TREE_018,TREE,vst_TREE_2019,2019,distributed,400.0,16,16,0.0,True,197.68400725259508
TREE_018,TREE,vst_TREE_2023,2023,distributed,400.0,39,39,0.0,True,214.8042230755578
TREE_019,TREE,vst_TREE_2017,2017,distributed,400.0,60,60,0.0,True,95.62174003103412
TREE_019,TREE,vst_TREE_2019,2019,distributed,400.0,51,51,0.0,True,106.25224388033779
TREE_023,TREE,vst_TREE_2017,2017,distributed,400.0,35,35,0.0,True,84.89273642859669
TREE_023,TREE,vst_TREE_2019,2019,distributed,400.0,41,41,0.0,True,93.48235622210517
TREE_025,TREE,vst_TREE_2015,2015,tower,800.0,49,49,0.0,True,135.42393054674312
TREE_025,TREE,vst_TREE_2016,2016,tower,800.0,47,47,0.0,True,131.38409431863377
TREE_025,TREE,vst_TREE_2017,2017,tower,800.0,50,50,0.0,True,137.18578007310094
TREE_025,TREE,vst_TREE_2018,2018,tower,800.0,54,54,0.0,True,147.43895536935344
TREE_039,TREE,vst_TREE_2015,2015,tower,800.0,58,58,0.0,True,121.3250242861108
TREE_039,TREE,vst_TREE_2016,2016,tower,800.0,53,53,0.0,True,120.57004503909809
TREE_039,TREE,vst_TREE_2017,2017,tower,800.0,54,54,0.0,True,129.5115636951796
TREE_039,TREE,vst_TREE_2018,2018,tower,800.0,58,58,0.0,True,128.75105485638144
TREE_039,TREE,vst_TREE_2019,2019,tower,800.0,58,58,0.0,True,135.44336591576683
TREE_039,TREE,vst_TREE_2020,2020,tower,800.0,61,61,0.0,True,135.69955785108877
TREE_039,TREE,vst_TREE_2021,2021,tower,800.0,63,63,0.0,True,141.26771097351016
TREE_040,TREE,vst_TREE_2015,2015,tower,800.0,49,49,0.0,True,105.32651259356929
TREE_040,TREE,vst_TREE_2016,2016,tower,800.0,37,37,0.0,True,100.49733761071742
TREE_040,TREE,vst_TREE_2017,2017,tower,800.0,35,35,0.0,True,97.97879589900683
TREE_040,TREE,vst_TREE_2018,2018,tower,800.0,31,31,0.0,True,86.0285975185564
TREE_040,TREE,vst_TREE_2019,2019,tower,800.0,33,33,0.0,True,95.13631312861828
TREE_040,TREE,vst_TREE_2020,2020,tower,800.0,27,27,0.0,True,69.84278407949307
TREE_040,TREE,vst_TREE_2021,2021,tower,800.0,27,27,0.0,True,71.33666342674218
TREE_041,TREE,vst_TREE_2015,2015,tower,800.0,30,30,0.0,True,150.14866597256986
TREE_041,TREE,vst_TREE_2016,2016,tower,800.0,30,30,0.0,True,151.12125397399166
TREE_041,TREE,vst_TREE_2017,2017,tower,800.0,30,30,0.0,True,155.4100310697903
TREE_041,TREE,vst_TREE_2018,2018,tower,800.0,31,31,0.0,True,160.9274919003646
TREE_041,TREE,vst_TREE_2019,2019,tower,800.0,30,30,0.0,True,161.05395645353178
TREE_041,TREE,vst_TREE_2020,2020,tower,800.0,30,30,0.0,True,160.07302142827632
TREE_041,TREE,vst_TREE_2021,2021,tower,800.0,29,29,0.0,True,157.13142855479535
TREE_041,TREE,vst_TREE_2022,2022,tower,800.0,29,29,0.0,True,160.1341710308328
TREE_041,TREE,vst_TREE_2023,2023,tower,800.0,29,29,0.0,True,166.61631770823882
TREE_041,TREE,vst_TREE_2024,2024,tower,800.0,24,24,0.0,True,122.6104528667981
TREE_041,TREE,vst_TREE_2025,2025,tower,800.0,25,25,0.0,True,112.00922835030703
TREE_042,TREE,vst_TREE_2015,2015,tower,800.0,41,41,0.0,True,259.8309563722549
TREE_042,TREE,vst_TREE_2016,2016,tower,800.0,41,41,0.0,True,251.35954222783673
TREE_042,TREE,vst_TREE_2017,2017,tower,800.0,40,40,0.0,True,221.58761908624408
TREE_042,TREE,vst_TREE_2018,2018,tower,800.0,42,42,0.0,True,262.09023775749586
TREE_042,TREE,vst_TREE_2019,2019,tower,800.0,39,39,0.0,True,244.47832630958834
TREE_042,TREE,vst_TREE_2020,2020,tower,800.0,42,42,0.0,True,264.4892645469583
TREE_042,TREE,vst_TREE_2021,2021,tower,800.0,41,41,0.0,True,263.7295660818029
TREE_043,TREE,vst_TREE_2015,2015,tower,800.0,40,40,0.0,True,81.23161366716694
TREE_043,TREE,vst_TREE_2016,2016,tower,800.0,45,45,0.0,True,83.6496561888344
TREE_043,TREE,vst_TREE_2017,2017,tower,800.0,40,40,0.0,True,86.22299363965958
TREE_043,TREE,vst_TREE_2018,2018,tower,800.0,52,52,0.0,True,100.38463964507153
TREE_043,TREE,vst_TREE_2019,2019,tower,800.0,43,43,0.0,True,89.8700513433122
TREE_043,TREE,vst_TREE_2020,2020,tower,800.0,47,47,0.0,True,91.38231230892552
TREE_044,TREE,vst_TREE_2015,2015,tower,800.0,36,36,0.0,True,3.4857155278337846
TREE_044,TREE,vst_TREE_2016,2016,tower,800.0,52,52,0.0,True,5.745093683427128
TREE_044,TREE,vst_TREE_2017,2017,tower,800.0,41,41,0.0,True,7.034862469890096
TREE_044,TREE,vst_TREE_2018,2018,tower,800.0,67,67,0.0,True,15.399188392382493
TREE_045,TREE,vst_TREE_2015,2015,tower,800.0,42,42,0.0,True,124.01711616965353
TREE_045,TREE,vst_TREE_2016,2016,tower,800.0,43,43,0.0,True,131.79782039011337
TREE_045,TREE,vst_TREE_2017,2017,tower,800.0,43,43,0.0,True,140.36362736645688
TREE_045,TREE,vst_TREE_2018,2018,tower,800.0,43,43,0.0,True,143.28586888981604
TREE_046,TREE,vst_TREE_2015,2015,tower,800.0,56,56,0.0,True,185.61329231076846
TREE_046,TREE,vst_TREE_2016,2016,tower,800.0,58,58,0.0,True,167.99347546974616
TREE_046,TREE,vst_TREE_2017,2017,tower,800.0,57,57,0.0,True,190.39162493763692
TREE_046,TREE,vst_TREE_2018,2018,tower,800.0,58,58,0.0,True,191.21979321092172
TREE_046,TREE,vst_TREE_2021,2021,tower,800.0,57,57,0.0,True,195.06825144133217
TREE_046,TREE,vst_TREE_2022,2022,tower,800.0,47,47,0.0,True,170.12884203813806
TREE_046,TREE,vst_TREE_2023,2023,tower,800.0,49,49,0.0,True,175.21862593764212
TREE_046,TREE,vst_TREE_2024,2024,tower,800.0,49,49,0.0,True,176.56684283641403
TREE_046,TREE,vst_TREE_2025,2025,tower,800.0,50,50,0.0,True,179.44260503863816
TREE_047,TREE,vst_TREE_2015,2015,tower,800.0,37,37,0.0,True,162.70386112209835
TREE_047,TREE,vst_TREE_2016,2016,tower,800.0,36,36,0.0,True,156.19058742813252
TREE_047,TREE,vst_TREE_2017,2017,tower,800.0,36,36,0.0,True,159.42105076859536
TREE_047,TREE,vst_TREE_2018,2018,tower,800.0,36,36,0.0,True,166.1382170592756
TREE_048,TREE,vst_TREE_2015,2015,tower,800.0,78,78,0.0,True,81.95881079314877
TREE_048,TREE,vst_TREE_2016,2016,tower,800.0,72,72,0.0,True,77.77156950394148
TREE_048,TREE,vst_TREE_2017,2017,tower,800.0,74,74,0.0,True,77.11117837157533
TREE_048,TREE,vst_TREE_2018,2018,tower,800.0,72,72,0.0,True,80.20600998527017
TREE_048,TREE,vst_TREE_2021,2021,tower,800.0,67,67,0.0,True,77.54168221985232
TREE_049,TREE,vst_TREE_2015,2015,tower,800.0,30,30,0.0,True,168.89048045706673
TREE_049,TREE,vst_TREE_2016,2016,tower,800.0,33,33,0.0,True,172.0198036207139
TREE_049,TREE,vst_TREE_2017,2017,tower,800.0,34,34,0.0,True,181.71054888587133
TREE_049,TREE,vst_TREE_2018,2018,tower,800.0,32,32,0.0,True,176.432894042708
TREE_049,TREE,vst_TREE_2021,2021,tower,800.0,31,31,0.0,True,179.83800026558427
TREE_049,TREE,vst_TREE_2022,2022,tower,800.0,24,24,0.0,True,148.91039438130855
TREE_049,TREE,vst_TREE_2023,2023,tower,800.0,24,24,0.0,True,152.12425136520147
TREE_049,TREE,vst_TREE_2024,2024,tower,800.0,24,24,0.0,True,159.5505185026137
TREE_049,TREE,vst_TREE_2025,2025,tower,800.0,25,25,0.0,True,160.00329131559357
TREE_050,TREE,vst_TREE_2015,2015,tower,800.0,34,34,0.0,True,50.09672975962162
TREE_050,TREE,vst_TREE_2016,2016,tower,800.0,38,38,0.0,True,50.89143167068403
TREE_050,TREE,vst_TREE_2017,2017,tower,800.0,37,37,0.0,True,49.78499182366192
TREE_050,TREE,vst_TREE_2018,2018,tower,800.0,37,37,0.0,True,54.78055353493527
TREE_050,TREE,vst_TREE_2021,2021,tower,800.0,31,31,0.0,True,46.78998792211239
TREE_051,TREE,vst_TREE_2015,2015,tower,800.0,120,120,0.0,True,116.8391133602872
TREE_051,TREE,vst_TREE_2016,2016,tower,800.0,113,113,0.0,True,116.77382840250525
TREE_051,TREE,vst_TREE_2017,2017,tower,800.0,129,129,0.0,True,123.43555477840438
TREE_051,TREE,vst_TREE_2018,2018,tower,800.0,116,116,0.0,True,120.24111675992741
TREE_052,TREE,vst_TREE_2015,2015,tower,800.0,75,75,0.0,True,84.70206006627461
TREE_052,TREE,vst_TREE_2016,2016,tower,800.0,73,73,0.0,True,84.5360007302215
TREE_052,TREE,vst_TREE_2017,2017,tower,800.0,75,75,0.0,True,83.06184837368184
TREE_052,TREE,vst_TREE_2018,2018,tower,800.0,78,78,0.0,True,95.81051174084055
TREE_053,TREE,vst_TREE_2015,2015,tower,800.0,44,41,0.06818181818181823,True,190.08553643325155
TREE_053,TREE,vst_TREE_2016,2016,tower,800.0,45,43,0.0444444444444444,True,190.2022330020474
TREE_053,TREE,vst_TREE_2017,2017,tower,800.0,42,42,0.0,True,190.4635761108481
TREE_053,TREE,vst_TREE_2018,2018,tower,800.0,41,41,0.0,True,199.65433482149487
TREE_054,TREE,vst_TREE_2015,2015,tower,800.0,73,72,0.013698630136986356,True,108.45501410979385
TREE_054,TREE,vst_TREE_2016,2016,tower,800.0,71,71,0.0,True,98.50783597610621
TREE_054,TREE,vst_TREE_2017,2017,tower,800.0,71,71,0.0,True,111.7246498512843
TREE_054,TREE,vst_TREE_2018,2018,tower,800.0,80,80,0.0,True,116.06064392765249
TREE_054,TREE,vst_TREE_2021,2021,tower,800.0,80,80,0.0,True,125.9406328431806
TREE_054,TREE,vst_TREE_2022,2022,tower,800.0,61,61,0.0,True,94.82102045192691
TREE_054,TREE,vst_TREE_2023,2023,tower,800.0,67,67,0.0,True,101.82595809943086
TREE_054,TREE,vst_TREE_2024,2024,tower,800.0,60,60,0.0,True,104.48336360765391
TREE_054,TREE,vst_TREE_2025,2025,tower,800.0,62,62,0.0,True,107.39485982749363
TREE_055,TREE,vst_TREE_2015,2015,tower,800.0,50,50,0.0,True,162.6239947610539
TREE_055,TREE,vst_TREE_2016,2016,tower,800.0,54,53,0.01851851851851849,True,170.244377333346
TREE_055,TREE,vst_TREE_2017,2017,tower,800.0,54,54,0.0,True,171.42042018140842
TREE_055,TREE,vst_TREE_2018,2018,tower,800.0,59,59,0.0,True,162.72392162031355
TREE_056,TREE,vst_TREE_2015,2015,tower,800.0,58,58,0.0,True,167.87834627787288
TREE_056,TREE,vst_TREE_2016,2016,tower,800.0,57,57,0.0,True,174.0683237174111
TREE_056,TREE,vst_TREE_2017,2017,tower,800.0,55,55,0.0,True,172.47060087216624
TREE_056,TREE,vst_TREE_2018,2018,tower,800.0,56,56,0.0,True,163.92299189913197
TREE_056,TREE,vst_TREE_2021,2021,tower,800.0,61,61,0.0,True,179.2895274649361
TREE_056,TREE,vst_TREE_2022,2022,tower,800.0,47,47,0.0,True,133.64083540385477
TREE_056,TREE,vst_TREE_2023,2023,tower,800.0,50,50,0.0,True,139.39890409015646
TREE_056,TREE,vst_TREE_2024,2024,tower,800.0,12,12,0.0,True,27.862771515333282
TREE_056,TREE,vst_TREE_2025,2025,tower,800.0,48,48,0.0,True,139.58682825324212
TREE_057,TREE,vst_TREE_2015,2015,tower,800.0,61,61,0.0,True,98.69186647692275
TREE_057,TREE,vst_TREE_2016,2016,tower,800.0,62,62,0.0,True,89.146748472039
TREE_057,TREE,vst_TREE_2017,2017,tower,800.0,68,68,0.0,True,103.49559368889989
TREE_057,TREE,vst_TREE_2018,2018,tower,800.0,69,69,0.0,True,102.08350447542198
TREE_060,TREE,vst_TREE_2017,2017,distributed,400.0,19,19,0.0,True,60.37637413818816
TREE_060,TREE,vst_TREE_2019,2019,distributed,400.0,23,23,0.0,True,68.02416230677825
TREE_062,TREE,vst_TREE_2023,2023,distributed,400.0,46,46,0.0,True,55.234594064680216
TREE_063,TREE,vst_TREE_2023,2023,distributed,400.0,43,43,0.0,True,48.3917795096899
UKFS_001,UKFS,vst_UKFS_2018,2018,distributed,400.0,22,21,0.045454545454545414,True,172.96565083363032
UKFS_001,UKFS,vst_UKFS_2023,2023,distributed,400.0,27,27,0.0,True,140.69955690863875
UKFS_002,UKFS,vst_UKFS_2018,2018,distributed,400.0,24,24,0.0,True,127.63687094155573
UKFS_002,UKFS,vst_UKFS_2023,2023,distributed,400.0,25,25,0.0,True,134.32664336570187
UKFS_003,UKFS,vst_UKFS_2018,2018,distributed,400.0,35,32,0.08571428571428574,True,45.283772572772214
UKFS_003,UKFS,vst_UKFS_2023,2023,distributed,400.0,50,47,0.06000000000000005,True,68.8834217793441
UKFS_004,UKFS,vst_UKFS_2018,2018,distributed,400.0,20,19,0.050000000000000044,True,109.56140260849286
UKFS_004,UKFS,vst_UKFS_2023,2023,distributed,400.0,18,17,0.05555555555555558,True,143.92839335017885
UKFS_005,UKFS,vst_UKFS_2018,2018,distributed,400.0,51,49,0.039215686274509776,True,312.9877156480782
UKFS_005,UKFS,vst_UKFS_2023,2023,distributed,400.0,30,28,0.06666666666666665,True,321.266979775148
UKFS_006,UKFS,vst_UKFS_2018,2018,distributed,400.0,42,40,0.04761904761904767,True,86.68945980763007
UKFS_006,UKFS,vst_UKFS_2023,2023,distributed,400.0,28,25,0.1071428571428571,False,90.04057577647642
UKFS_007,UKFS,vst_UKFS_2018,2018,distributed,400.0,47,47,0.0,True,453.52651722990834
UKFS_007,UKFS,vst_UKFS_2023,2023,distributed,400.0,59,58,0.016949152542372836,True,513.976616553023
UKFS_008,UKFS,vst_UKFS_2018,2018,distributed,400.0,15,15,0.0,True,327.0367880793614
UKFS_008,UKFS,vst_UKFS_2023,2023,distributed,400.0,16,16,0.0,True,361.1081072275466
UKFS_010,UKFS,vst_UKFS_2018,2018,distributed,400.0,37,36,0.027027027027026973,True,64.63465889136033
UKFS_010,UKFS,vst_UKFS_2023,2023,distributed,400.0,32,31,0.03125,True,99.91601658285823
UKFS_011,UKFS,vst_UKFS_2018,2018,distributed,400.0,18,18,0.0,True,182.42261378101395
UKFS_012,UKFS,vst_UKFS_2018,2018,distributed,400.0,24,23,0.04166666666666663,True,107.29775535758272
UKFS_013,UKFS,vst_UKFS_2018,2018,distributed,400.0,15,12,0.19999999999999996,False,11.866835653043896
UKFS_014,UKFS,vst_UKFS_2018,2018,distributed,400.0,45,45,0.0,True,174.02177744929062
UKFS_015,UKFS,vst_UKFS_2018,2018,distributed,400.0,27,27,0.0,True,166.23356251105105
UKFS_016,UKFS,vst_UKFS_2018,2018,distributed,400.0,21,21,0.0,True,54.46480096864282
UKFS_017,UKFS,vst_UKFS_2018,2018,distributed,400.0,32,31,0.03125,True,34.23445879311011
UKFS_019,UKFS,vst_UKFS_2018,2018,distributed,400.0,33,32,0.030303030303030276,True,129.5747983184967
UKFS_031,UKFS,vst_UKFS_2015,2015,tower,800.0,51,51,0.0,True,130.9790890591558
UKFS_031,UKFS,vst_UKFS_2016,2016,tower,800.0,55,55,0.0,True,147.74061117022947
UKFS_031,UKFS,vst_UKFS_2017,2017,tower,800.0,52,52,0.0,True,151.95926900067536
UKFS_031,UKFS,vst_UKFS_2018,2018,tower,800.0,55,54,0.018181818181818188,True,155.3796192255834
UKFS_031,UKFS,vst_UKFS_2019,2019,tower,800.0,35,34,0.02857142857142858,True,88.31081994459043
UKFS_031,UKFS,vst_UKFS_2020,2020,tower,800.0,67,67,0.0,True,164.83761656228143
UKFS_031,UKFS,vst_UKFS_2021,2021,tower,800.0,93,93,0.0,True,164.70944652648475
UKFS_031,UKFS,vst_UKFS_2022,2022,tower,800.0,74,74,0.0,True,169.20920074767648
UKFS_031,UKFS,vst_UKFS_2023,2023,tower,800.0,84,84,0.0,True,165.98468362509766
UKFS_031,UKFS,vst_UKFS_2024,2024,tower,800.0,37,37,0.0,True,161.5645035791668
UKFS_031,UKFS,vst_UKFS_2025,2025,tower,800.0,37,37,0.0,True,171.11301478667482
UKFS_032,UKFS,vst_UKFS_2015,2015,tower,800.0,78,77,0.012820512820512775,True,117.32950276860545
UKFS_032,UKFS,vst_UKFS_2016,2016,tower,800.0,65,61,0.06153846153846154,True,129.64849055838857
UKFS_032,UKFS,vst_UKFS_2017,2017,tower,800.0,65,63,0.03076923076923077,True,129.73544909396978
UKFS_032,UKFS,vst_UKFS_2018,2018,tower,800.0,66,64,0.030303030303030276,True,181.05987763293493
UKFS_032,UKFS,vst_UKFS_2019,2019,tower,800.0,68,56,0.17647058823529416,False,152.3323297849192
UKFS_032,UKFS,vst_UKFS_2021,2021,tower,800.0,66,52,0.21212121212121215,False,125.59435303763743
UKFS_032,UKFS,vst_UKFS_2022,2022,tower,800.0,30,30,0.0,True,95.87916977946803
UKFS_032,UKFS,vst_UKFS_2023,2023,tower,800.0,39,37,0.05128205128205132,True,96.30169789719565
UKFS_032,UKFS,vst_UKFS_2024,2024,tower,800.0,46,43,0.06521739130434778,True,99.18944810583356
UKFS_032,UKFS,vst_UKFS_2025,2025,tower,800.0,57,52,0.08771929824561409,True,97.27432207779707
UKFS_043,UKFS,vst_UKFS_2015,2015,tower,800.0,32,32,0.0,True,133.34034131868466
UKFS_043,UKFS,vst_UKFS_2016,2016,tower,800.0,33,32,0.030303030303030276,True,121.68926472494779
UKFS_043,UKFS,vst_UKFS_2017,2017,tower,800.0,35,35,0.0,True,174.50034899650112
UKFS_043,UKFS,vst_UKFS_2018,2018,tower,800.0,31,29,0.06451612903225812,True,141.0159014897077
UKFS_043,UKFS,vst_UKFS_2019,2019,tower,800.0,34,30,0.11764705882352944,False,62.2975952445839
UKFS_043,UKFS,vst_UKFS_2020,2020,tower,800.0,46,46,0.0,True,98.7438905293879
UKFS_043,UKFS,vst_UKFS_2021,2021,tower,800.0,53,49,0.07547169811320753,True,158.13044009757115
UKFS_043,UKFS,vst_UKFS_2022,2022,tower,800.0,35,35,0.0,True,163.3837039939185
UKFS_043,UKFS,vst_UKFS_2023,2023,tower,800.0,44,44,0.0,True,154.61460378393522
UKFS_043,UKFS,vst_UKFS_2024,2024,tower,800.0,43,43,0.0,True,173.9219458091869
UKFS_043,UKFS,vst_UKFS_2025,2025,tower,800.0,45,45,0.0,True,172.8352400715113
UKFS_044,UKFS,vst_UKFS_2015,2015,tower,800.0,31,31,0.0,True,253.67683574367706
UKFS_044,UKFS,vst_UKFS_2016,2016,tower,800.0,27,26,0.03703703703703709,True,236.13920128400076
UKFS_044,UKFS,vst_UKFS_2017,2017,tower,800.0,35,34,0.02857142857142858,True,308.6762259873956
UKFS_044,UKFS,vst_UKFS_2018,2018,tower,800.0,32,32,0.0,True,311.8031818442768
UKFS_044,UKFS,vst_UKFS_2019,2019,tower,800.0,35,35,0.0,True,301.7679889057565
UKFS_044,UKFS,vst_UKFS_2021,2021,tower,800.0,33,33,0.0,True,311.09520340233655
UKFS_044,UKFS,vst_UKFS_2022,2022,tower,800.0,24,24,0.0,True,308.1766006256922
UKFS_044,UKFS,vst_UKFS_2023,2023,tower,800.0,25,25,0.0,True,307.0337976690338
UKFS_044,UKFS,vst_UKFS_2024,2024,tower,800.0,25,25,0.0,True,326.0283547472672
UKFS_045,UKFS,vst_UKFS_2015,2015,tower,800.0,37,37,0.0,True,121.99554445518395
UKFS_045,UKFS,vst_UKFS_2016,2016,tower,800.0,57,57,0.0,True,141.7399090262061
UKFS_045,UKFS,vst_UKFS_2017,2017,tower,800.0,54,54,0.0,True,142.8085847941343
UKFS_045,UKFS,vst_UKFS_2018,2018,tower,800.0,48,48,0.0,True,137.34213503728054
UKFS_045,UKFS,vst_UKFS_2019,2019,tower,800.0,59,59,0.0,True,164.00505583942552
UKFS_045,UKFS,vst_UKFS_2021,2021,tower,800.0,38,38,0.0,True,573.1514908872364
UKFS_045,UKFS,vst_UKFS_2022,2022,tower,800.0,37,37,0.0,True,149.8714355037369
UKFS_045,UKFS,vst_UKFS_2023,2023,tower,800.0,44,44,0.0,True,149.95897507672578
UKFS_045,UKFS,vst_UKFS_2024,2024,tower,800.0,50,50,0.0,True,156.5292851468163
UKFS_046,UKFS,vst_UKFS_2015,2015,tower,800.0,42,42,0.0,True,248.21303632923315
UKFS_046,UKFS,vst_UKFS_2016,2016,tower,800.0,28,28,0.0,True,150.57369299578403
UKFS_046,UKFS,vst_UKFS_2017,2017,tower,800.0,31,31,0.0,True,205.65079309213846
UKFS_046,UKFS,vst_UKFS_2018,2018,tower,800.0,34,34,0.0,True,229.6025287550436
UKFS_046,UKFS,vst_UKFS_2021,2021,tower,800.0,18,18,0.0,True,98.90925540765562
UKFS_047,UKFS,vst_UKFS_2015,2015,tower,800.0,38,38,0.0,True,224.9997269667537
UKFS_047,UKFS,vst_UKFS_2016,2016,tower,800.0,38,38,0.0,True,185.38660656508486
UKFS_047,UKFS,vst_UKFS_2017,2017,tower,800.0,39,39,0.0,True,194.10865624126964
UKFS_047,UKFS,vst_UKFS_2018,2018,tower,800.0,41,41,0.0,True,199.6246309646401
UKFS_047,UKFS,vst_UKFS_2021,2021,tower,800.0,37,37,0.0,True,206.60265389505565
UKFS_048,UKFS,vst_UKFS_2015,2015,tower,800.0,37,37,0.0,True,172.9916858943806
UKFS_048,UKFS,vst_UKFS_2016,2016,tower,800.0,37,36,0.027027027027026973,True,165.07460762221424
UKFS_048,UKFS,vst_UKFS_2017,2017,tower,800.0,44,43,0.022727272727272707,True,208.24642267702873
UKFS_048,UKFS,vst_UKFS_2018,2018,tower,800.0,43,43,0.0,True,199.485122669036
UKFS_048,UKFS,vst_UKFS_2021,2021,tower,800.0,36,36,0.0,True,229.65045378707757
UKFS_049,UKFS,vst_UKFS_2015,2015,tower,800.0,45,44,0.022222222222222254,True,168.21550754826356
UKFS_049,UKFS,vst_UKFS_2016,2016,tower,800.0,44,43,0.022727272727272707,True,176.37653594996056
UKFS_049,UKFS,vst_UKFS_2017,2017,tower,800.0,47,46,0.021276595744680882,True,182.61896753162088
UKFS_049,UKFS,vst_UKFS_2018,2018,tower,800.0,54,52,0.03703703703703709,True,194.335900018552
UKFS_049,UKFS,vst_UKFS_2021,2021,tower,800.0,50,48,0.040000000000000036,True,191.38747363589553
UKFS_050,UKFS,vst_UKFS_2015,2015,tower,800.0,26,25,0.038461538461538436,True,81.34011881402301
UKFS_050,UKFS,vst_UKFS_2016,2016,tower,800.0,23,22,0.04347826086956519,True,67.11594666601968
UKFS_050,UKFS,vst_UKFS_2017,2017,tower,800.0,25,24,0.040000000000000036,True,70.53600944123741
UKFS_050,UKFS,vst_UKFS_2018,2018,tower,800.0,25,24,0.040000000000000036,True,71.69579216661081
UKFS_050,UKFS,vst_UKFS_2021,2021,tower,800.0,43,42,0.023255813953488413,True,49.029471057919935
UKFS_051,UKFS,vst_UKFS_2015,2015,tower,800.0,75,19,0.7466666666666666,False,48.0792904029961
UKFS_051,UKFS,vst_UKFS_2016,2016,tower,800.0,74,18,0.7567567567567568,False,42.738785286436034
UKFS_051,UKFS,vst_UKFS_2017,2017,tower,800.0,85,20,0.7647058823529411,False,53.68589468186816
UKFS_051,UKFS,vst_UKFS_2018,2018,tower,800.0,88,20,0.7727272727272727,False,56.843442236845966
UKFS_051,UKFS,vst_UKFS_2021,2021,tower,800.0,87,19,0.7816091954022988,False,68.09926117243533
UKFS_052,UKFS,vst_UKFS_2015,2015,tower,800.0,33,33,0.0,True,154.39611648078812
UKFS_052,UKFS,vst_UKFS_2016,2016,tower,800.0,34,34,0.0,True,155.61998928409832
UKFS_052,UKFS,vst_UKFS_2017,2017,tower,800.0,29,29,0.0,True,130.8762811250142
UKFS_052,UKFS,vst_UKFS_2018,2018,tower,800.0,32,32,0.0,True,152.53715160556777
UKFS_052,UKFS,vst_UKFS_2021,2021,tower,800.0,25,25,0.0,True,129.57706397218553
UKFS_053,UKFS,vst_UKFS_2015,2015,tower,800.0,63,63,0.0,True,148.69756861682544
UKFS_053,UKFS,vst_UKFS_2016,2016,tower,800.0,61,60,0.016393442622950838,True,145.76322081588273
UKFS_053,UKFS,vst_UKFS_2017,2017,tower,800.0,26,26,0.0,True,59.80894474128547
UKFS_053,UKFS,vst_UKFS_2018,2018,tower,800.0,40,39,0.025000000000000022,True,68.29534149912504
UKFS_053,UKFS,vst_UKFS_2021,2021,tower,800.0,47,47,0.0,True,154.42085792575227
UKFS_054,UKFS,vst_UKFS_2015,2015,tower,800.0,52,52,0.0,True,130.98939922434505
UKFS_054,UKFS,vst_UKFS_2016,2016,tower,800.0,75,75,0.0,True,200.70448908202607
UKFS_054,UKFS,vst_UKFS_2017,2017,tower,800.0,27,27,0.0,True,65.85271058031645
UKFS_054,UKFS,vst_UKFS_2018,2018,tower,800.0,50,50,0.0,True,144.58534857787137
UKFS_054,UKFS,vst_UKFS_2021,2021,tower,800.0,53,53,0.0,True,154.07461907946237
UKFS_055,UKFS,vst_UKFS_2015,2015,tower,800.0,49,49,0.0,True,118.54528774227026
UKFS_055,UKFS,vst_UKFS_2016,2016,tower,800.0,53,53,0.0,True,119.64600571260553
UKFS_055,UKFS,vst_UKFS_2017,2017,tower,800.0,58,58,0.0,True,122.51560210864403
UKFS_055,UKFS,vst_UKFS_2018,2018,tower,800.0,59,59,0.0,True,126.5385172630321
UKFS_055,UKFS,vst_UKFS_2021,2021,tower,800.0,46,46,0.0,True,122.39213500417813
UKFS_056,UKFS,vst_UKFS_2015,2015,tower,800.0,19,19,0.0,True,172.0082816386799
UKFS_056,UKFS,vst_UKFS_2016,2016,tower,800.0,16,16,0.0,True,160.56759942519207
UKFS_056,UKFS,vst_UKFS_2017,2017,tower,800.0,17,17,0.0,True,177.40656160384285
UKFS_056,UKFS,vst_UKFS_2018,2018,tower,800.0,18,18,0.0,True,187.20327446757264
UKFS_056,UKFS,vst_UKFS_2021,2021,tower,800.0,20,20,0.0,True,135.22030561060848
UKFS_057,UKFS,vst_UKFS_2015,2015,tower,800.0,59,34,0.423728813559322,False,26.039539327108795
UKFS_057,UKFS,vst_UKFS_2016,2016,tower,800.0,62,34,0.4516129032258065,False,24.74306606580309
UKFS_057,UKFS,vst_UKFS_2017,2017,tower,800.0,64,35,0.453125,False,28.12397882973131
UKFS_057,UKFS,vst_UKFS_2018,2018,tower,800.0,72,42,0.41666666666666663,False,30.253044409910874
UKFS_057,UKFS,vst_UKFS_2021,2021,tower,800.0,70,40,0.4285714285714286,False,77.18517236004382
UKFS_058,UKFS,vst_UKFS_2015,2015,tower,800.0,58,58,0.0,True,100.25776280527569
UKFS_058,UKFS,vst_UKFS_2016,2016,tower,800.0,67,67,0.0,True,115.41465478650983
UKFS_058,UKFS,vst_UKFS_2017,2017,tower,800.0,62,62,0.0,True,100.51222882377226
UKFS_058,UKFS,vst_UKFS_2018,2018,tower,800.0,69,68,0.01449275362318836,True,81.64773662441608
UKFS_058,UKFS,vst_UKFS_2021,2021,tower,800.0,86,86,0.0,True,161.51086136741972
UKFS_059,UKFS,vst_UKFS_2015,2015,tower,800.0,26,26,0.0,True,122.92317021403427
UKFS_059,UKFS,vst_UKFS_2016,2016,tower,800.0,27,26,0.03703703703703709,True,129.74732590125748
UKFS_059,UKFS,vst_UKFS_2017,2017,tower,800.0,31,31,0.0,True,148.77908689700737
UKFS_059,UKFS,vst_UKFS_2018,2018,tower,800.0,33,33,0.0,True,143.8832029612985
UKFS_059,UKFS,vst_UKFS_2021,2021,tower,800.0,38,38,0.0,True,143.21925940049528
UKFS_060,UKFS,vst_UKFS_2015,2015,tower,800.0,49,49,0.0,True,140.9590772858183
UKFS_060,UKFS,vst_UKFS_2016,2016,tower,800.0,45,45,0.0,True,134.931031638061
UKFS_060,UKFS,vst_UKFS_2017,2017,tower,800.0,46,46,0.0,True,144.37820185219184
UKFS_060,UKFS,vst_UKFS_2018,2018,tower,800.0,48,48,0.0,True,164.5807330463366
UKFS_060,UKFS,vst_UKFS_2021,2021,tower,800.0,51,51,0.0,True,158.2822232772238
UNDE_001,UNDE,vst_UNDE_2020,2020,distributed,400.0,35,35,0.0,True,165.75383833835176
UNDE_001,UNDE,vst_UNDE_2024,2024,distributed,400.0,36,36,0.0,True,186.75860313109894
UNDE_002,UNDE,vst_UNDE_2020,2020,distributed,400.0,56,56,0.0,True,73.75928559107538
UNDE_002,UNDE,vst_UNDE_2024,2024,distributed,400.0,56,56,0.0,True,78.36740974479187
UNDE_003,UNDE,vst_UNDE_2020,2020,distributed,400.0,48,48,0.0,True,55.209473326271215
UNDE_003,UNDE,vst_UNDE_2024,2024,distributed,400.0,55,55,0.0,True,65.68922341799987
UNDE_006,UNDE,vst_UNDE_2020,2020,distributed,400.0,33,33,0.0,True,182.2705455931715
UNDE_006,UNDE,vst_UNDE_2024,2024,distributed,400.0,52,52,0.0,True,198.2025338814111
UNDE_007,UNDE,vst_UNDE_2020,2020,distributed,400.0,16,16,0.0,True,105.85807643274647
UNDE_007,UNDE,vst_UNDE_2024,2024,distributed,400.0,16,16,0.0,True,118.33981447693232
UNDE_008,UNDE,vst_UNDE_2020,2020,distributed,400.0,47,47,0.0,True,120.71918045466154
UNDE_008,UNDE,vst_UNDE_2024,2024,distributed,400.0,57,57,0.0,True,136.6572860887922
UNDE_010,UNDE,vst_UNDE_2020,2020,distributed,400.0,53,53,0.0,True,103.94198698922871
UNDE_010,UNDE,vst_UNDE_2024,2024,distributed,400.0,59,59,0.0,True,120.33922396079896
UNDE_011,UNDE,vst_UNDE_2020,2020,distributed,400.0,38,38,0.0,True,45.50759823018053
UNDE_011,UNDE,vst_UNDE_2024,2024,distributed,400.0,45,45,0.0,True,63.352478849631986
UNDE_012,UNDE,vst_UNDE_2020,2020,distributed,400.0,27,27,0.0,True,41.7407182587432
UNDE_012,UNDE,vst_UNDE_2024,2024,distributed,400.0,30,30,0.0,True,45.855054357172925
UNDE_013,UNDE,vst_UNDE_2020,2020,distributed,400.0,39,39,0.0,True,358.8336892562456
UNDE_015,UNDE,vst_UNDE_2024,2024,distributed,400.0,73,73,0.0,True,136.57595007113883
UNDE_037,UNDE,vst_UNDE_2016,2016,tower,800.0,77,77,0.0,True,154.14267852443294
UNDE_037,UNDE,vst_UNDE_2017,2017,tower,800.0,73,73,0.0,True,135.6257187362595
UNDE_037,UNDE,vst_UNDE_2018,2018,tower,800.0,32,32,0.0,True,70.83465450497644
UNDE_037,UNDE,vst_UNDE_2019,2019,tower,800.0,78,78,0.0,True,231.91753896488157
UNDE_037,UNDE,vst_UNDE_2020,2020,tower,800.0,74,74,0.0,True,141.31486479776223
UNDE_037,UNDE,vst_UNDE_2021,2021,tower,800.0,74,74,0.0,True,136.72131865186284
UNDE_037,UNDE,vst_UNDE_2022,2022,tower,800.0,76,76,0.0,True,134.23546757779684
UNDE_037,UNDE,vst_UNDE_2023,2023,tower,800.0,75,75,0.0,True,133.92908145737923
UNDE_037,UNDE,vst_UNDE_2024,2024,tower,800.0,83,83,0.0,True,149.2004162417917
UNDE_037,UNDE,vst_UNDE_2025,2025,tower,800.0,83,83,0.0,True,147.4366432506283
UNDE_038,UNDE,vst_UNDE_2017,2017,tower,800.0,61,61,0.0,True,75.81862500654044
UNDE_038,UNDE,vst_UNDE_2018,2018,tower,800.0,63,63,0.0,True,80.3283764027487
UNDE_038,UNDE,vst_UNDE_2019,2019,tower,800.0,61,61,0.0,True,79.10397577565345
UNDE_038,UNDE,vst_UNDE_2020,2020,tower,800.0,56,56,0.0,True,74.85813387720577
UNDE_038,UNDE,vst_UNDE_2021,2021,tower,800.0,55,55,0.0,True,76.61344989865212
UNDE_038,UNDE,vst_UNDE_2022,2022,tower,800.0,58,58,0.0,True,80.32220293142255
UNDE_038,UNDE,vst_UNDE_2023,2023,tower,800.0,55,55,0.0,True,79.44585832605475
UNDE_038,UNDE,vst_UNDE_2024,2024,tower,800.0,60,60,0.0,True,85.38640838169859
UNDE_038,UNDE,vst_UNDE_2025,2025,tower,800.0,57,57,0.0,True,75.04087422857228
UNDE_043,UNDE,vst_UNDE_2016,2016,tower,800.0,73,73,0.0,True,155.51945694884927
UNDE_043,UNDE,vst_UNDE_2017,2017,tower,800.0,74,74,0.0,True,158.69417564395383
UNDE_043,UNDE,vst_UNDE_2018,2018,tower,800.0,73,73,0.0,True,163.37572503375307
UNDE_043,UNDE,vst_UNDE_2019,2019,tower,800.0,75,75,0.0,True,168.26580686124495
UNDE_043,UNDE,vst_UNDE_2020,2020,tower,800.0,70,70,0.0,True,164.26513705182418
UNDE_043,UNDE,vst_UNDE_2021,2021,tower,800.0,72,72,0.0,True,171.44520465031977
UNDE_043,UNDE,vst_UNDE_2022,2022,tower,800.0,76,76,0.0,True,173.2200575928964
UNDE_043,UNDE,vst_UNDE_2023,2023,tower,800.0,80,80,0.0,True,176.69643956503432
UNDE_043,UNDE,vst_UNDE_2024,2024,tower,800.0,83,83,0.0,True,184.10719702355857
UNDE_043,UNDE,vst_UNDE_2025,2025,tower,800.0,85,85,0.0,True,176.04499073312743
UNDE_044,UNDE,vst_UNDE_2016,2016,tower,800.0,45,45,0.0,True,137.58599429101895
UNDE_044,UNDE,vst_UNDE_2017,2017,tower,800.0,58,58,0.0,True,150.1147503559317
UNDE_044,UNDE,vst_UNDE_2018,2018,tower,800.0,47,47,0.0,True,118.89471290808892
UNDE_044,UNDE,vst_UNDE_2019,2019,tower,800.0,57,57,0.0,True,133.85074240038296
UNDE_044,UNDE,vst_UNDE_2020,2020,tower,800.0,59,59,0.0,True,136.6095424407465
UNDE_044,UNDE,vst_UNDE_2021,2021,tower,800.0,55,55,0.0,True,134.9766194770788
UNDE_044,UNDE,vst_UNDE_2022,2022,tower,800.0,57,57,0.0,True,124.89688786870366
UNDE_044,UNDE,vst_UNDE_2023,2023,tower,800.0,62,62,0.0,True,119.28942374528796
UNDE_044,UNDE,vst_UNDE_2024,2024,tower,800.0,61,61,0.0,True,106.87275490883536
UNDE_044,UNDE,vst_UNDE_2025,2025,tower,800.0,64,64,0.0,True,108.71434999715852
UNDE_045,UNDE,vst_UNDE_2016,2016,tower,800.0,72,72,0.0,True,195.74472377819833
UNDE_045,UNDE,vst_UNDE_2017,2017,tower,800.0,71,71,0.0,True,189.94963675997172
UNDE_045,UNDE,vst_UNDE_2018,2018,tower,800.0,70,70,0.0,True,164.98476937790062
UNDE_045,UNDE,vst_UNDE_2021,2021,tower,800.0,68,68,0.0,True,176.8401518249032
UNDE_045,UNDE,vst_UNDE_2022,2022,tower,800.0,68,68,0.0,True,179.8515312860247
UNDE_045,UNDE,vst_UNDE_2023,2023,tower,800.0,70,70,0.0,True,175.6921202725672
UNDE_045,UNDE,vst_UNDE_2024,2024,tower,800.0,70,70,0.0,True,189.75068939545213
UNDE_045,UNDE,vst_UNDE_2025,2025,tower,800.0,67,67,0.0,True,192.2085143082973
UNDE_047,UNDE,vst_UNDE_2016,2016,tower,800.0,29,29,0.0,True,295.8489947536399
UNDE_047,UNDE,vst_UNDE_2017,2017,tower,800.0,32,32,0.0,True,332.26964853442456
UNDE_047,UNDE,vst_UNDE_2018,2018,tower,800.0,34,34,0.0,True,342.7856424546991
UNDE_047,UNDE,vst_UNDE_2022,2022,tower,800.0,42,42,0.0,True,285.73911247824157
UNDE_048,UNDE,vst_UNDE_2016,2016,tower,800.0,87,87,0.0,True,126.77302288099077
UNDE_048,UNDE,vst_UNDE_2017,2017,tower,800.0,101,101,0.0,True,125.72887671698338
UNDE_048,UNDE,vst_UNDE_2018,2018,tower,800.0,93,93,0.0,True,109.08955767688553
UNDE_048,UNDE,vst_UNDE_2022,2022,tower,800.0,99,99,0.0,True,118.02924820475404
UNDE_049,UNDE,vst_UNDE_2016,2016,tower,800.0,109,109,0.0,True,82.12290712361182
UNDE_049,UNDE,vst_UNDE_2017,2017,tower,800.0,112,112,0.0,True,88.45887412555804
UNDE_049,UNDE,vst_UNDE_2018,2018,tower,800.0,102,102,0.0,True,88.12071552985739
UNDE_049,UNDE,vst_UNDE_2022,2022,tower,800.0,106,106,0.0,True,108.09397469361221
UNDE_050,UNDE,vst_UNDE_2016,2016,tower,800.0,82,82,0.0,True,146.4297768740298
UNDE_050,UNDE,vst_UNDE_2017,2017,tower,800.0,75,75,0.0,True,127.08492649692452
UNDE_050,UNDE,vst_UNDE_2018,2018,tower,800.0,43,43,0.0,True,61.977772351599135
UNDE_050,UNDE,vst_UNDE_2022,2022,tower,800.0,72,72,0.0,True,154.00360473108077
UNDE_052,UNDE,vst_UNDE_2016,2016,tower,800.0,68,68,0.0,True,140.05829022054746
UNDE_052,UNDE,vst_UNDE_2017,2017,tower,800.0,72,72,0.0,True,141.4832312662763
UNDE_052,UNDE,vst_UNDE_2018,2018,tower,800.0,67,67,0.0,True,145.3672331206841
UNDE_052,UNDE,vst_UNDE_2022,2022,tower,800.0,69,69,0.0,True,150.68630495918637
UNDE_054,UNDE,vst_UNDE_2016,2016,tower,800.0,37,37,0.0,True,246.21948853673177
UNDE_054,UNDE,vst_UNDE_2017,2017,tower,800.0,44,44,0.0,True,259.6084065845219
UNDE_054,UNDE,vst_UNDE_2018,2018,tower,800.0,42,42,0.0,True,258.6247836963873
UNDE_054,UNDE,vst_UNDE_2022,2022,tower,800.0,52,52,0.0,True,263.5269483931754
UNDE_055,UNDE,vst_UNDE_2016,2016,tower,800.0,91,91,0.0,True,168.87823802947975
UNDE_055,UNDE,vst_UNDE_2017,2017,tower,800.0,91,91,0.0,True,184.46679608034293
UNDE_055,UNDE,vst_UNDE_2018,2018,tower,800.0,92,91,0.010869565217391353,True,170.72008585160188
UNDE_056,UNDE,vst_UNDE_2016,2016,tower,800.0,73,73,0.0,True,132.52399688415585
UNDE_056,UNDE,vst_UNDE_2017,2017,tower,800.0,72,72,0.0,True,135.03849474285488
UNDE_056,UNDE,vst_UNDE_2018,2018,tower,800.0,82,82,0.0,True,165.1222721378354
UNDE_056,UNDE,vst_UNDE_2022,2022,tower,800.0,77,77,0.0,True,161.6917988640033
UNDE_057,UNDE,vst_UNDE_2016,2016,tower,800.0,98,98,0.0,True,94.36574060132446
UNDE_057,UNDE,vst_UNDE_2017,2017,tower,800.0,97,97,0.0,True,95.55972595378036
UNDE_057,UNDE,vst_UNDE_2018,2018,tower,800.0,91,91,0.0,True,98.03724987232312
UNDE_057,UNDE,vst_UNDE_2022,2022,tower,800.0,86,86,0.0,True,100.04653129006407
UNDE_058,UNDE,vst_UNDE_2016,2016,tower,800.0,49,48,0.020408163265306145,True,159.9393086403342
UNDE_058,UNDE,vst_UNDE_2017,2017,tower,800.0,54,54,0.0,True,213.85602613215164
UNDE_058,UNDE,vst_UNDE_2018,2018,tower,800.0,53,53,0.0,True,212.5253003512516
UNDE_058,UNDE,vst_UNDE_2022,2022,tower,800.0,60,60,0.0,True,186.4019149524048
UNDE_059,UNDE,vst_UNDE_2016,2016,tower,800.0,87,87,0.0,True,211.31691765390045
UNDE_059,UNDE,vst_UNDE_2017,2017,tower,800.0,87,87,0.0,True,234.567078588489
UNDE_059,UNDE,vst_UNDE_2018,2018,tower,800.0,84,84,0.0,True,220.593315894891
UNDE_060,UNDE,vst_UNDE_2016,2016,tower,800.0,47,47,0.0,True,77.44483762906721
UNDE_060,UNDE,vst_UNDE_2017,2017,tower,800.0,48,48,0.0,True,77.59736993162338
UNDE_060,UNDE,vst_UNDE_2018,2018,tower,800.0,45,45,0.0,True,78.2317928540139
UNDE_060,UNDE,vst_UNDE_2022,2022,tower,800.0,50,50,0.0,True,81.28660508862808
UNDE_061,UNDE,vst_UNDE_2016,2016,tower,800.0,42,42,0.0,True,151.18611798526197
UNDE_061,UNDE,vst_UNDE_2017,2017,tower,800.0,42,42,0.0,True,154.38734077216353
UNDE_061,UNDE,vst_UNDE_2018,2018,tower,800.0,47,47,0.0,True,160.99531693133517
UNDE_065,UNDE,vst_UNDE_2016,2016,tower,800.0,64,64,0.0,True,136.51775970053444
UNDE_065,UNDE,vst_UNDE_2017,2017,tower,800.0,66,66,0.0,True,139.68302219397498
UNDE_065,UNDE,vst_UNDE_2018,2018,tower,800.0,66,66,0.0,True,145.88092447641964
UNDE_065,UNDE,vst_UNDE_2019,2019,tower,800.0,64,64,0.0,True,142.64573074254164
UNDE_065,UNDE,vst_UNDE_2020,2020,tower,800.0,68,68,0.0,True,151.49563676906075
UNDE_065,UNDE,vst_UNDE_2021,2021,tower,800.0,72,72,0.0,True,163.9839880195553
UNDE_065,UNDE,vst_UNDE_2022,2022,tower,800.0,75,75,0.0,True,169.0619924056501
UNDE_078,UNDE,vst_UNDE_2016,2016,tower,800.0,58,58,0.0,True,52.594334819425626
UNDE_078,UNDE,vst_UNDE_2017,2017,tower,800.0,57,56,0.01754385964912286,True,55.65643197456406
UNDE_078,UNDE,vst_UNDE_2018,2018,tower,800.0,63,63,0.0,True,74.73206778434536
UNDE_078,UNDE,vst_UNDE_2022,2022,tower,800.0,69,69,0.0,True,72.11724246603654
WREF_001,WREF,vst_WREF_2019,2019,distributed,400.0,9,9,0.0,True,574.6254382029954
WREF_001,WREF,vst_WREF_2022,2022,distributed,400.0,10,10,0.0,True,507.0772960697952
WREF_002,WREF,vst_WREF_2019,2019,distributed,400.0,86,86,0.0,True,524.4109918140535
WREF_002,WREF,vst_WREF_2022,2022,distributed,400.0,81,81,0.0,True,508.22648037592126
WREF_003,WREF,vst_WREF_2019,2019,distributed,400.0,56,56,0.0,True,233.34689138899748
WREF_003,WREF,vst_WREF_2022,2022,distributed,400.0,55,55,0.0,True,246.79412442261034
WREF_004,WREF,vst_WREF_2019,2019,distributed,400.0,17,13,0.23529411764705888,False,246.82229552509403
WREF_004,WREF,vst_WREF_2022,2022,distributed,400.0,19,15,0.21052631578947367,False,261.7813288713243
WREF_005,WREF,vst_WREF_2019,2019,distributed,400.0,33,33,0.0,True,1018.6168721631741
WREF_005,WREF,vst_WREF_2022,2022,distributed,400.0,29,29,0.0,True,1028.8367423762174
WREF_007,WREF,vst_WREF_2019,2019,distributed,400.0,36,36,0.0,True,173.4178860548998
WREF_007,WREF,vst_WREF_2022,2022,distributed,400.0,32,32,0.0,True,171.0503108654106
WREF_008,WREF,vst_WREF_2019,2019,distributed,400.0,11,11,0.0,True,448.5019803305952
WREF_008,WREF,vst_WREF_2022,2022,distributed,400.0,11,11,0.0,True,380.89489315493483
WREF_009,WREF,vst_WREF_2019,2019,distributed,400.0,6,6,0.0,True,1376.6316060846589
WREF_009,WREF,vst_WREF_2022,2022,distributed,400.0,6,6,0.0,True,1345.4939908559572
WREF_010,WREF,vst_WREF_2019,2019,distributed,400.0,43,43,0.0,True,878.0841063328312
WREF_010,WREF,vst_WREF_2022,2022,distributed,400.0,15,15,0.0,True,901.1221180156298
WREF_011,WREF,vst_WREF_2019,2019,distributed,400.0,52,52,0.0,True,211.33533907823204
WREF_011,WREF,vst_WREF_2022,2022,distributed,400.0,50,50,0.0,True,224.89926798612348
WREF_012,WREF,vst_WREF_2019,2019,distributed,400.0,20,20,0.0,True,835.8640124953724
WREF_012,WREF,vst_WREF_2022,2022,distributed,400.0,21,21,0.0,True,890.8092504032214
WREF_013,WREF,vst_WREF_2019,2019,distributed,400.0,74,74,0.0,True,94.30880887707552
WREF_013,WREF,vst_WREF_2022,2022,distributed,400.0,73,73,0.0,True,413.88586909833725
WREF_014,WREF,vst_WREF_2019,2019,distributed,400.0,40,33,0.17500000000000004,False,440.46047012211204
WREF_014,WREF,vst_WREF_2022,2022,distributed,400.0,39,33,0.15384615384615385,False,452.73703585897624
WREF_015,WREF,vst_WREF_2019,2019,distributed,400.0,21,21,0.0,True,431.20601753780676
WREF_016,WREF,vst_WREF_2019,2019,distributed,400.0,13,13,0.0,True,760.6354633380793
WREF_017,WREF,vst_WREF_2019,2019,distributed,400.0,51,51,0.0,True,413.59640037017994
WREF_018,WREF,vst_WREF_2019,2019,distributed,400.0,16,16,0.0,True,572.8901654988834
WREF_019,WREF,vst_WREF_2019,2019,distributed,400.0,17,16,0.05882352941176472,True,361.64068008262007
WREF_020,WREF,vst_WREF_2019,2019,distributed,400.0,30,30,0.0,True,373.3960616514227
WREF_070,WREF,vst_WREF_2017,2017,tower,800.0,146,145,0.006849315068493178,True,243.11129782930476
WREF_070,WREF,vst_WREF_2020,2020,tower,800.0,158,157,0.006329113924050667,True,259.5349014445525
WREF_070,WREF,vst_WREF_2025,2025,tower,800.0,79,78,0.012658227848101222,True,277.9341538969411
WREF_071,WREF,vst_WREF_2017,2017,tower,800.0,72,72,0.0,True,284.708899508042
WREF_071,WREF,vst_WREF_2020,2020,tower,800.0,72,72,0.0,True,279.33385211528014
WREF_071,WREF,vst_WREF_2025,2025,tower,800.0,77,77,0.0,True,293.1592134294967
WREF_072,WREF,vst_WREF_2017,2017,tower,800.0,35,32,0.08571428571428574,True,115.6445792677037
WREF_072,WREF,vst_WREF_2020,2020,tower,800.0,37,34,0.08108108108108103,True,117.82398434642722
WREF_072,WREF,vst_WREF_2025,2025,tower,800.0,31,29,0.06451612903225812,True,121.2651115896862
WREF_073,WREF,vst_WREF_2017,2017,tower,800.0,117,117,0.0,True,390.9013964858999
WREF_073,WREF,vst_WREF_2019,2019,tower,800.0,119,119,0.0,True,415.46758160988713
WREF_073,WREF,vst_WREF_2020,2020,tower,800.0,108,108,0.0,True,386.41403679970614
WREF_073,WREF,vst_WREF_2021,2021,tower,800.0,102,102,0.0,True,389.9923880325468
WREF_073,WREF,vst_WREF_2022,2022,tower,800.0,105,105,0.0,True,382.61126805357804
WREF_073,WREF,vst_WREF_2023,2023,tower,800.0,107,107,0.0,True,417.19092498108716
WREF_073,WREF,vst_WREF_2024,2024,tower,800.0,86,86,0.0,True,423.0191877567135
WREF_073,WREF,vst_WREF_2025,2025,tower,800.0,85,85,0.0,True,412.36227728010346
WREF_074,WREF,vst_WREF_2017,2017,tower,800.0,48,47,0.02083333333333337,True,273.4285265411741
WREF_074,WREF,vst_WREF_2020,2020,tower,800.0,49,48,0.020408163265306145,True,273.58481664847864
WREF_074,WREF,vst_WREF_2021,2021,tower,800.0,49,48,0.020408163265306145,True,291.11442615654306
WREF_074,WREF,vst_WREF_2022,2022,tower,800.0,47,46,0.021276595744680882,True,285.7908427929987
WREF_074,WREF,vst_WREF_2023,2023,tower,800.0,46,45,0.021739130434782594,True,291.2978071971865
WREF_074,WREF,vst_WREF_2024,2024,tower,800.0,46,45,0.021739130434782594,True,295.1946377814373
WREF_074,WREF,vst_WREF_2025,2025,tower,800.0,46,45,0.021739130434782594,True,298.82993625577905
WREF_075,WREF,vst_WREF_2017,2017,tower,800.0,89,89,0.0,True,218.21312426075355
WREF_075,WREF,vst_WREF_2019,2019,tower,800.0,89,89,0.0,True,231.0406841436452
WREF_075,WREF,vst_WREF_2020,2020,tower,800.0,87,87,0.0,True,229.34719379736535
WREF_075,WREF,vst_WREF_2021,2021,tower,800.0,87,87,0.0,True,234.78939376605513
WREF_075,WREF,vst_WREF_2022,2022,tower,800.0,85,85,0.0,True,234.8655643792751
WREF_075,WREF,vst_WREF_2023,2023,tower,800.0,84,84,0.0,True,237.72509983236714
WREF_075,WREF,vst_WREF_2024,2024,tower,800.0,76,76,0.0,True,222.82660688869979
WREF_075,WREF,vst_WREF_2025,2025,tower,800.0,75,75,0.0,True,227.06795498423102
WREF_076,WREF,vst_WREF_2017,2017,tower,800.0,55,47,0.1454545454545455,False,374.9027804068724
WREF_076,WREF,vst_WREF_2019,2019,tower,800.0,57,49,0.14035087719298245,False,385.17455679387103
WREF_076,WREF,vst_WREF_2020,2020,tower,800.0,57,49,0.14035087719298245,False,385.7994484591731
WREF_076,WREF,vst_WREF_2021,2021,tower,800.0,60,52,0.1333333333333333,False,391.34290483445267
WREF_076,WREF,vst_WREF_2022,2022,tower,800.0,59,52,0.11864406779661019,False,388.14960537316864
WREF_076,WREF,vst_WREF_2023,2023,tower,800.0,57,51,0.10526315789473684,False,394.63364601969363
WREF_076,WREF,vst_WREF_2024,2024,tower,800.0,60,53,0.1166666666666667,False,388.76201151776417
WREF_076,WREF,vst_WREF_2025,2025,tower,800.0,61,54,0.11475409836065575,False,390.5401738805703
WREF_077,WREF,vst_WREF_2017,2017,tower,800.0,35,32,0.08571428571428574,True,717.7557611439264
WREF_077,WREF,vst_WREF_2019,2019,tower,800.0,32,30,0.0625,True,668.533174912538
WREF_077,WREF,vst_WREF_2020,2020,tower,800.0,36,34,0.05555555555555558,True,702.8928747884364
WREF_077,WREF,vst_WREF_2021,2021,tower,800.0,36,34,0.05555555555555558,True,657.4981965851933
WREF_077,WREF,vst_WREF_2022,2022,tower,800.0,36,34,0.05555555555555558,True,651.0491290028285
WREF_077,WREF,vst_WREF_2023,2023,tower,800.0,37,35,0.05405405405405406,True,655.226998823174
WREF_077,WREF,vst_WREF_2024,2024,tower,800.0,37,35,0.05405405405405406,True,649.6274711520027
WREF_077,WREF,vst_WREF_2025,2025,tower,800.0,37,35,0.05405405405405406,True,646.8920914110106
WREF_078,WREF,vst_WREF_2017,2017,tower,800.0,55,55,0.0,True,265.67881319999117
WREF_078,WREF,vst_WREF_2020,2020,tower,800.0,53,53,0.0,True,286.8923953620381
WREF_078,WREF,vst_WREF_2025,2025,tower,800.0,49,49,0.0,True,288.9574234620266
WREF_079,WREF,vst_WREF_2017,2017,tower,800.0,74,70,0.05405405405405406,True,307.0845893762554
WREF_079,WREF,vst_WREF_2020,2020,tower,800.0,60,57,0.050000000000000044,True,301.86391245332374
WREF_079,WREF,vst_WREF_2025,2025,tower,800.0,51,50,0.019607843137254943,True,297.0306578217687
WREF_080,WREF,vst_WREF_2017,2017,tower,800.0,87,87,0.0,True,67.25843533043134
WREF_080,WREF,vst_WREF_2020,2020,tower,800.0,94,94,0.0,True,83.24506451558571
WREF_080,WREF,vst_WREF_2025,2025,tower,800.0,105,105,0.0,True,116.68569806976734
WREF_081,WREF,vst_WREF_2017,2017,tower,800.0,41,41,0.0,True,445.92090492833154
WREF_081,WREF,vst_WREF_2020,2020,tower,800.0,45,45,0.0,True,451.73065581379825
WREF_081,WREF,vst_WREF_2025,2025,tower,800.0,47,47,0.0,True,463.72859100147724
WREF_082,WREF,vst_WREF_2017,2017,tower,800.0,22,22,0.0,True,230.1352116483792
WREF_082,WREF,vst_WREF_2020,2020,tower,800.0,25,25,0.0,True,241.58604444694322
WREF_082,WREF,vst_WREF_2025,2025,tower,800.0,23,23,0.0,True,254.07920866358808
WREF_083,WREF,vst_WREF_2017,2017,tower,800.0,38,38,0.0,True,980.8803585475422
WREF_083,WREF,vst_WREF_2020,2020,tower,800.0,38,38,0.0,True,978.9916176436678
WREF_083,WREF,vst_WREF_2025,2025,tower,800.0,33,33,0.0,True,1005.0857135083971
WREF_084,WREF,vst_WREF_2017,2017,tower,800.0,32,32,0.0,True,113.4435404747056
WREF_084,WREF,vst_WREF_2020,2020,tower,800.0,37,37,0.0,True,126.4233411454294
WREF_084,WREF,vst_WREF_2025,2025,tower,800.0,40,40,0.0,True,142.23346240248864
WREF_085,WREF,vst_WREF_2017,2017,tower,800.0,30,30,0.0,True,324.00715740883373
WREF_085,WREF,vst_WREF_2020,2020,tower,800.0,33,33,0.0,True,337.78615697929376
WREF_085,WREF,vst_WREF_2025,2025,tower,800.0,37,37,0.0,True,271.73330151603415
WREF_086,WREF,vst_WREF_2017,2017,tower,800.0,39,39,0.0,True,155.67948989270906
WREF_086,WREF,vst_WREF_2020,2020,tower,800.0,38,38,0.0,True,152.68030451706286
WREF_086,WREF,vst_WREF_2025,2025,tower,800.0,20,20,0.0,True,147.4481427040951
WREF_087,WREF,vst_WREF_2017,2017,tower,800.0,122,121,0.008196721311475419,True,296.23125469274675
WREF_087,WREF,vst_WREF_2020,2020,tower,800.0,110,110,0.0,True,219.98032925416857
WREF_087,WREF,vst_WREF_2025,2025,tower,800.0,95,95,0.0,True,273.2843238708793
WREF_088,WREF,vst_WREF_2017,2017,tower,800.0,58,58,0.0,True,179.7024613755354
WREF_088,WREF,vst_WREF_2020,2020,tower,800.0,55,55,0.0,True,161.10800274396047
WREF_088,WREF,vst_WREF_2025,2025,tower,800.0,47,47,0.0,True,194.62555945399544
WREF_089,WREF,vst_WREF_2017,2017,tower,800.0,75,73,0.026666666666666616,True,378.12460451582945
WREF_089,WREF,vst_WREF_2020,2020,tower,800.0,71,69,0.028169014084507005,True,279.5429878280879
WREF_089,WREF,vst_WREF_2025,2025,tower,800.0,53,51,0.037735849056603765,True,277.51762540203384
YELL_006,YELL,vst_YELL_2018,2018,distributed,400.0,5,5,0.0,True,142.39594434667043
YELL_006,YELL,vst_YELL_2019,2019,distributed,400.0,6,6,0.0,True,122.965979864186
YELL_006,YELL,vst_YELL_2024,2024,distributed,400.0,6,6,0.0,True,134.668783572588
YELL_007,YELL,vst_YELL_2019,2019,distributed,400.0,17,17,0.0,True,157.8905127812941
YELL_007,YELL,vst_YELL_2024,2024,distributed,400.0,17,17,0.0,True,172.22592124454368
YELL_009,YELL,vst_YELL_2019,2019,distributed,400.0,19,18,0.052631578947368474,True,189.3304736082842
YELL_009,YELL,vst_YELL_2024,2024,distributed,400.0,18,18,0.0,True,193.61654000114967
YELL_012,YELL,vst_YELL_2019,2019,distributed,400.0,18,18,0.0,True,160.11401567550985
YELL_012,YELL,vst_YELL_2024,2024,distributed,400.0,18,18,0.0,True,165.27764628314557
YELL_020,YELL,vst_YELL_2018,2018,distributed,400.0,32,32,0.0,True,32.09988746809519
YELL_020,YELL,vst_YELL_2019,2019,distributed,400.0,51,51,0.0,True,45.51764086204109
YELL_020,YELL,vst_YELL_2024,2024,distributed,400.0,54,54,0.0,True,58.365750470445256
YELL_021,YELL,vst_YELL_2019,2019,distributed,400.0,19,15,0.21052631578947367,False,92.40796349870237
YELL_021,YELL,vst_YELL_2024,2024,distributed,400.0,21,17,0.19047619047619047,False,112.5580714190489
YELL_022,YELL,vst_YELL_2019,2019,distributed,400.0,12,12,0.0,True,86.07875498510768
YELL_022,YELL,vst_YELL_2024,2024,distributed,400.0,10,10,0.0,True,81.81245492490001
YELL_023,YELL,vst_YELL_2019,2019,distributed,400.0,13,13,0.0,True,72.02106167179122
YELL_023,YELL,vst_YELL_2024,2024,distributed,400.0,14,14,0.0,True,79.8393467259729
YELL_043,YELL,vst_YELL_2019,2019,tower,800.0,40,40,0.0,True,103.67962100372185
YELL_043,YELL,vst_YELL_2020,2020,tower,800.0,42,42,0.0,True,105.90667209247353
YELL_043,YELL,vst_YELL_2021,2021,tower,800.0,44,44,0.0,True,77.53103643721028
YELL_043,YELL,vst_YELL_2022,2022,tower,800.0,42,42,0.0,True,53.792520020281295
YELL_043,YELL,vst_YELL_2023,2023,tower,800.0,40,40,0.0,True,40.17199937694196
YELL_043,YELL,vst_YELL_2024,2024,tower,800.0,43,43,0.0,True,29.689498000528975
YELL_043,YELL,vst_YELL_2025,2025,tower,800.0,44,44,0.0,True,30.44788863121841
YELL_044,YELL,vst_YELL_2019,2019,tower,800.0,24,24,0.0,True,84.45510586677027
YELL_044,YELL,vst_YELL_2020,2020,tower,800.0,24,24,0.0,True,88.71583327815932
YELL_044,YELL,vst_YELL_2021,2021,tower,800.0,22,22,0.0,True,87.03825282234966
YELL_044,YELL,vst_YELL_2022,2022,tower,800.0,22,22,0.0,True,83.45725992411684
YELL_044,YELL,vst_YELL_2023,2023,tower,800.0,22,22,0.0,True,85.08194909673523
YELL_044,YELL,vst_YELL_2024,2024,tower,800.0,21,21,0.0,True,71.370131402156
YELL_044,YELL,vst_YELL_2025,2025,tower,800.0,21,21,0.0,True,86.47112953580199
YELL_045,YELL,vst_YELL_2019,2019,tower,800.0,16,16,0.0,True,115.95296121562339
YELL_045,YELL,vst_YELL_2020,2020,tower,800.0,13,13,0.0,True,71.57935776063216
YELL_045,YELL,vst_YELL_2021,2021,tower,800.0,15,15,0.0,True,77.99829694102412
YELL_045,YELL,vst_YELL_2022,2022,tower,800.0,15,15,0.0,True,77.06806647074986
YELL_045,YELL,vst_YELL_2023,2023,tower,800.0,15,15,0.0,True,78.35440240547521
YELL_045,YELL,vst_YELL_2024,2024,tower,800.0,15,15,0.0,True,78.79331981859272
YELL_045,YELL,vst_YELL_2025,2025,tower,800.0,14,14,0.0,True,67.07775022277791
YELL_046,YELL,vst_YELL_2019,2019,tower,800.0,9,9,0.0,True,71.6722343233795
YELL_046,YELL,vst_YELL_2020,2020,tower,800.0,6,6,0.0,True,51.96259901230442
YELL_046,YELL,vst_YELL_2021,2021,tower,800.0,12,12,0.0,True,102.65233191158364
YELL_046,YELL,vst_YELL_2022,2022,tower,800.0,12,12,0.0,True,94.05863771759356
YELL_046,YELL,vst_YELL_2023,2023,tower,800.0,12,12,0.0,True,94.60724322867897
YELL_046,YELL,vst_YELL_2024,2024,tower,800.0,13,13,0.0,True,106.21104113046063
YELL_046,YELL,vst_YELL_2025,2025,tower,800.0,13,13,0.0,True,77.94842071436993
YELL_047,YELL,vst_YELL_2019,2019,tower,800.0,18,18,0.0,True,52.874990974821664
YELL_047,YELL,vst_YELL_2020,2020,tower,800.0,10,10,0.0,True,27.176419660857288
YELL_047,YELL,vst_YELL_2021,2021,tower,800.0,13,13,0.0,True,29.03807057071995
YELL_047,YELL,vst_YELL_2022,2022,tower,800.0,11,11,0.0,True,28.251712133084812
YELL_047,YELL,vst_YELL_2023,2023,tower,800.0,11,11,0.0,True,23.402780229329455
YELL_047,YELL,vst_YELL_2024,2024,tower,800.0,11,11,0.0,True,22.455646885666944
YELL_047,YELL,vst_YELL_2025,2025,tower,800.0,6,6,0.0,True,5.0795216207353935
YELL_048,YELL,vst_YELL_2019,2019,tower,800.0,26,26,0.0,True,190.77877365684546
YELL_048,YELL,vst_YELL_2021,2021,tower,800.0,26,26,0.0,True,223.3868428405552
YELL_049,YELL,vst_YELL_2019,2019,tower,800.0,15,15,0.0,True,0.1738193537711135
YELL_049,YELL,vst_YELL_2021,2021,tower,800.0,12,12,0.0,True,0.30403612854424095
YELL_050,YELL,vst_YELL_2019,2019,tower,800.0,6,6,0.0,True,58.01427093465745
YELL_050,YELL,vst_YELL_2021,2021,tower,800.0,7,7,0.0,True,62.19784263444837
YELL_052,YELL,vst_YELL_2019,2019,tower,800.0,35,35,0.0,True,141.08711774439055
YELL_052,YELL,vst_YELL_2021,2021,tower,800.0,40,40,0.0,True,148.8336511216877
YELL_053,YELL,vst_YELL_2019,2019,tower,800.0,8,8,0.0,True,27.697845427742713
YELL_053,YELL,vst_YELL_2021,2021,tower,800.0,10,10,0.0,True,27.933474221356587
YELL_054,YELL,vst_YELL_2019,2019,tower,800.0,52,52,0.0,True,88.70537733396166
YELL_054,YELL,vst_YELL_2021,2021,tower,800.0,52,52,0.0,True,86.82874785159522
YELL_055,YELL,vst_YELL_2019,2019,tower,800.0,30,30,0.0,True,99.90341721466552
YELL_055,YELL,vst_YELL_2021,2021,tower,800.0,28,28,0.0,True,113.38572376106683
YELL_056,YELL,vst_YELL_2019,2019,tower,800.0,5,5,0.0,True,13.90623230367917
YELL_056,YELL,vst_YELL_2021,2021,tower,800.0,4,4,0.0,True,12.179591827236976
YELL_057,YELL,vst_YELL_2019,2019,tower,800.0,20,20,0.0,True,158.0433944073427
YELL_057,YELL,vst_YELL_2021,2021,tower,800.0,33,33,0.0,True,165.75976956427206
YELL_058,YELL,vst_YELL_2019,2019,tower,800.0,24,24,0.0,True,55.05092097448605
YELL_058,YELL,vst_YELL_2021,2021,tower,800.0,23,23,0.0,True,56.427030553848745
YELL_059,YELL,vst_YELL_2019,2019,tower,800.0,17,17,0.0,True,251.59519754046954
YELL_059,YELL,vst_YELL_2021,2021,tower,800.0,17,17,0.0,True,247.13473254225153
YELL_060,YELL,vst_YELL_2019,2019,tower,800.0,4,4,0.0,True,19.559166433113024
YELL_060,YELL,vst_YELL_2021,2021,tower,800.0,5,5,0.0,True,21.13354547847083
YELL_061,YELL,vst_YELL_2019,2019,tower,800.0,12,12,0.0,True,88.54578921161283
YELL_061,YELL,vst_YELL_2021,2021,tower,800.0,18,18,0.0,True,109.4927068832277
YELL_062,YELL,vst_YELL_2019,2019,tower,800.0,7,7,0.0,True,26.40918216859524
YELL_062,YELL,vst_YELL_2021,2021,tower,800.0,7,7,0.0,True,30.55031760143685
