obs_key,source,project,site,obs_time,year,longitude,latitude,sampledarea_ha,nplots,agb_drymass_ha,agb_ha_rederived,verify_ratio,verify_status,bgb_drymass_ha,live_basal_area_ha,live_tree_density_ha,n_stems,n_species,mean_dbh_cm,mean_ht_m,n_allom_models
14625472_02661412_20140623_000000,DSITI Queensland RSC,JAXA K&C biomass (Qld),wallal02,2014-06-23,2014,146.2547,-26.6141,0.1963,1,62.1106,68.61807335710647,1.1047723473466118,provider_disagrees,18.0291,8.0268,285.0,56.0,4.0,13.706616071428572,7.567272727272727,2.0
14736090_02568053_20150820_000000,DSITI Queensland RSC,TLSIIG (Qld),ilcp11118,2015-08-20,2015,147.3609,-25.6805,0.25,1,360.6569,311.72773639999997,0.8643332108716066,provider_disagrees,103.0054,25.93,880.0,220.0,10.0,15.071071818181819,,2.0
14739574_02578928_20150817_000000,DSITI Queensland RSC,TLSIIG (Qld),ilcp14213,2015-08-17,2015,147.3957,-25.7893,0.25,1,97.7646,127.6055616,1.3052327897828049,provider_disagrees,30.2343,8.7236,312.0,78.0,3.0,15.829574358974359,,2.0
14747230_02571672_20150821_000000,DSITI Queensland RSC,TLSIIG (Qld),ilcp12419,2015-08-21,2015,147.4723,-25.7167,0.25,1,212.7559,266.515138,1.2526803628007495,provider_disagrees,63.529,15.7884,444.0,111.0,3.0,15.092082882882883,,4.0
14761871_02546368_20150818_000000,DSITI Queensland RSC,TLSIIG (Qld),ilcp05829,2015-08-18,2015,147.6187,-25.4637,0.25,1,147.2174,141.8842552,0.96377367892654,provider_disagrees,41.4561,10.7084,340.0,85.0,4.0,17.530882352941177,,2.0
14861750_02541087_20140903_000000,DSITI Queensland RSC,JAXA K&C biomass (Qld),boxvale02,2014-09-03,2014,148.6175,-25.4109,0.1963,1,230.323,265.79501171676003,1.1540098544946011,provider_disagrees,59.5197,14.1045,581.0,114.0,4.0,13.302995614035089,11.78131868131868,2.0
14861900_02541120_20140903_000000,DSITI Queensland RSC,JAXA K&C biomass (Qld),boxvale01,2014-09-03,2014,148.619,-25.4112,0.1963,1,44.1828,49.56562964849719,1.121830885514209,provider_disagrees,13.4581,4.4126,275.0,54.0,1.0,11.264835185185186,9.539622641509434,1.0
14862200_02540506_20140903_000000,DSITI Queensland RSC,JAXA K&C biomass (Qld),boxvale03,2014-09-03,2014,148.622,-25.4051,0.1963,1,162.2897,217.42025267447784,1.3397045695104361,provider_disagrees,48.8988,12.7314,733.0,144.0,4.0,12.898221527777778,8.46875,2.0
14978713_02482119_20141217_000000,DSITI Queensland RSC,JAXA K&C biomass (Qld),brs01,2014-12-17,2014,149.7871,-24.8212,0.1963,1,704.4864,717.2999256240448,1.0181884641407482,provider_disagrees,188.6685,10.7608,1131.0,222.0,2.0,10.200587837837837,7.276190476190476,3.0
14993800_02741504_20140901_000000,DSITI Queensland RSC,JAXA K&C biomass (Qld),broadacres01,2014-09-01,2014,149.938,-27.415,0.1963,1,72.5853,104.82590983188994,1.4441754712302621,provider_disagrees,21.7672,14.5338,647.0,127.0,2.0,10.463653543307087,8.09920634920635,2.0
14993860_02741497_20140901_000000,DSITI Queensland RSC,JAXA K&C biomass (Qld),broadacres02,2014-09-01,2014,149.9386,-27.415,0.1963,1,617.9021,1213.8309836984208,1.9644390004475156,provider_disagrees,184.9675,9.0504,4543.0,892.0,2.0,5.578341816143498,6.69655172413793,2.0
15051610_02355434_20141216_000000,DSITI Queensland RSC,JAXA K&C biomass (Qld),hinchcliff01,2014-12-16,2014,150.5161,-23.5543,0.1963,1,222.3367,310.986039225675,1.3987166276448062,provider_disagrees,60.8181,8.4636,698.0,137.0,4.0,8.946652554744524,6.2700729927007295,3.0
15051685_02355103_20141216_000000,DSITI Queensland RSC,JAXA K&C biomass (Qld),hinchcliff02,2014-12-16,2014,150.5169,-23.551,0.1963,1,239.9809,426.3800906775344,1.7767251088629736,provider_disagrees,65.8985,6.6416,789.0,155.0,3.0,7.624276774193548,5.9071428571428575,3.0
15099702_02569456_20141219_000000,DSITI Queensland RSC,JAXA K&C biomass (Qld),dykehead02,2014-12-19,2014,150.997,-25.6946,0.1963,1,119.8611,137.4626428935303,1.1468495024117942,provider_disagrees,34.3971,5.9902,540.0,106.0,9.0,5.0346707547169816,3.859433962264151,2.0
15099767_02569445_20141219_000000,DSITI Queensland RSC,JAXA K&C biomass (Qld),dykehead03,2014-12-19,2014,150.9977,-25.6944,0.1963,1,130.0851,119.98566683647478,0.9223628750446805,provider_disagrees,39.7789,4.9548,382.0,75.0,8.0,8.461832,6.921333333333334,3.0
15100021_02569390_20141219_000000,DSITI Queensland RSC,JAXA K&C biomass (Qld),dykehead01,2014-12-19,2014,151.0002,-25.6939,0.1963,1,111.2004,45.65899643402955,0.41060100893548535,provider_disagrees,30.8892,2.3434,143.0,28.0,2.0,9.028675,6.178571428571429,3.0
15308820_02762713_20140923_000000,DSITI Queensland RSC,TLSIIG (Qld),kara005,2014-09-23,2014,153.0882,-27.6271,0.1963,1,269.717,243.85273611818644,0.904105918863796,provider_disagrees,78.0788,22.7535,606.0,119.0,12.0,18.022843697478994,,4.0
15308909_02762522_20140923_000000,DSITI Queensland RSC,TLSIIG (Qld),kara001,2014-09-23,2014,153.0891,-27.6252,0.1963,1,235.5248,232.3589516046867,0.9865583225404998,provider_disagrees,64.1975,19.1976,601.0,118.0,12.0,14.560929661016948,,2.0
11534153_03395064_20140415_000000,Department of Parks and Wildlife (WA),SouthWestForests-IRIS-DEV,C09-035193,2014-04-15,2014,115.3415,-33.9506,0.1257,1,74.2461,,,no_stem_data,22.0028,12.9172,247.0,,,,,
11557850_03375284_20140415_000000,Department of Parks and Wildlife (WA),SouthWestForests-IRIS-DEV,C08-016078,2014-04-15,2014,115.5785,-33.7528,0.1257,1,27.3479,,,no_stem_data,9.1879,27.2051,470.0,,,,,
11591287_03387761_20140515_000000,Department of Parks and Wildlife (WA),SouthWestForests-IRIS-DEV,C07-020302,2014-05-15,2014,115.9129,-33.8776,0.1257,1,83.2572,,,no_stem_data,27.0878,122.931,613.0,,,,,
11599804_03367678_20140415_000000,Department of Parks and Wildlife (WA),SouthWestForests-IRIS-DEV,C06-027097,2014-04-15,2014,115.998,-33.6768,0.1257,1,142.1074,,,no_stem_data,42.1377,46.0838,477.0,,,,,
11600198_03368167_20140415_000000,Department of Parks and Wildlife (WA),SouthWestForests-IRIS-DEV,C06-029175,2014-04-15,2014,116.002,-33.6817,0.1257,1,50.5747,,,no_stem_data,15.6064,32.1195,279.0,,,,,
11601348_03315699_20140215_000000,Department of Parks and Wildlife (WA),SouthWestForests-IRIS-DEV,C03-015383,2014-02-15,2014,116.0135,-33.157,0.1257,1,140.7857,,,no_stem_data,42.4365,21.3103,549.0,,,,,
11603703_03336484_20140215_000000,Department of Parks and Wildlife (WA),SouthWestForests-IRIS-DEV,C05-038286,2014-02-15,2014,116.037,-33.3648,0.1257,1,69.8516,,,no_stem_data,19.9549,24.0591,485.0,,,,,
11605026_03296565_20140215_000000,Department of Parks and Wildlife (WA),SouthWestForests-IRIS-DEV,C01-043048,2014-02-15,2014,116.0503,-32.9656,0.1257,1,213.9436,,,no_stem_data,66.8345,47.1022,1369.0,,,,,
11605747_03338039_20140215_000000,Department of Parks and Wildlife (WA),SouthWestForests-IRIS-DEV,C05-097335,2014-02-15,2014,116.0575,-33.3804,0.1257,1,85.4394,,,no_stem_data,27.4124,21.2553,414.0,,,,,
11606120_03268199_20140703_000000,Department of Parks and Wildlife (WA),SouthWestForests-IRIS-DEV,N07-070139,2014-07-03,2014,116.0612,-32.682,0.1257,1,618.9039,,,no_stem_data,180.5183,41.51,772.0,,,,,
11606129_03268720_20141020_000000,Department of Parks and Wildlife (WA),SouthWestForests-IRIS-DEV,U02-017933,2014-10-20,2014,116.0613,-32.6872,0.1257,1,233.1727,,,no_stem_data,71.4099,25.1306,382.0,,,,,
11606347_03336448_20140215_000000,Department of Parks and Wildlife (WA),SouthWestForests-IRIS-DEV,C05-038281,2014-02-15,2014,116.0635,-33.3645,0.1257,1,65.6842,,,no_stem_data,19.8175,30.2802,223.0,,,,,
11606652_03269626_20141220_000000,Department of Parks and Wildlife (WA),SouthWestForests-IRIS-DEV,U02-018211,2014-12-20,2014,116.0665,-32.6963,0.1257,1,1174.7862,,,no_stem_data,356.4227,42.75,565.0,,,,,
11609437_03293940_20140515_000000,Department of Parks and Wildlife (WA),SouthWestForests-IRIS-DEV,C01-037174,2014-05-15,2014,116.0944,-32.9394,0.1257,1,65.1138,,,no_stem_data,20.0588,21.7438,271.0,,,,,
11612091_03295648_20140715_000000,Department of Parks and Wildlife (WA),SouthWestForests-IRIS-DEV,C01-041086,2014-07-15,2014,116.1209,-32.9565,0.1257,1,57.4335,,,no_stem_data,17.0269,25.6091,199.0,,,,,
11612358_03293910_20140715_000000,Department of Parks and Wildlife (WA),SouthWestForests-IRIS-DEV,C01-037169,2014-07-15,2014,116.1236,-32.9391,0.1257,1,48.4936,,,no_stem_data,15.6204,57.0865,605.0,,,,,
11613170_03281301_20140716_000000,Department of Parks and Wildlife (WA),SouthWestForests-IRIS-DEV,N07-043435,2014-07-16,2014,116.1317,-32.813,0.1257,1,471.3592,,,no_stem_data,166.5878,36.6075,629.0,,,,,
11617752_03230848_20140708_000000,Department of Parks and Wildlife (WA),SouthWestForests-IRIS-DEV,N04-044275,2014-07-08,2014,116.1775,-32.3085,0.1257,1,1109.3013,,,no_stem_data,342.5942,33.1387,716.0,,,,,
11619702_03234301_20140630_000000,Department of Parks and Wildlife (WA),SouthWestForests-IRIS-DEV,N04-014127,2014-06-30,2014,116.197,-32.343,0.1257,1,68.1094,,,no_stem_data,22.0063,42.9456,732.0,,,,,
11620843_03469495_20140815_000000,Department of Parks and Wildlife (WA),SouthWestForests-IRIS-DEV,U01-005827,2014-08-15,2014,116.2084,-34.6949,0.1257,1,504.2429,,,no_stem_data,165.7225,46.4426,589.0,,,,,
11625455_03367049_20140915_000000,Department of Parks and Wildlife (WA),SouthWestForests-IRIS-DEV,C06-025047,2014-09-15,2014,116.2546,-33.6705,0.1257,1,153.5497,,,no_stem_data,45.7852,40.9338,597.0,,,,,
11625792_03367028_20140815_000000,Department of Parks and Wildlife (WA),SouthWestForests-IRIS-DEV,C11-038090,2014-08-15,2014,116.2579,-33.6703,0.1257,1,58.4885,,,no_stem_data,18.8278,29.8423,660.0,,,,,
11625801_03272881_20140613_000000,Department of Parks and Wildlife (WA),SouthWestForests-IRIS-DEV,N07-061347,2014-06-13,2014,116.258,-32.7288,0.1257,1,704.6266,,,no_stem_data,214.2379,42.5869,477.0,,,,,
11627844_03348734_20140615_000000,Department of Parks and Wildlife (WA),SouthWestForests-IRIS-DEV,U02-031143,2014-06-15,2014,116.2784,-33.4873,0.1257,1,1539.636,,,no_stem_data,441.5824,25.8798,573.0,,,,,
11628625_03275923_20140813_000000,Department of Parks and Wildlife (WA),SouthWestForests-IRIS-DEV,N07-055144,2014-08-13,2014,116.2862,-32.7592,0.1257,1,72.5013,,,no_stem_data,22.6642,20.7319,374.0,,,,,
11634641_03293669_20140731_000000,Department of Parks and Wildlife (WA),SouthWestForests-IRIS-DEV,N07-016379,2014-07-31,2014,116.3464,-32.9367,0.1257,1,264.958,,,no_stem_data,94.5322,37.4644,501.0,,,,,
11636760_03419311_20140101_000000,Department of Parks and Wildlife (WA),SouthWestForests-IRIS-PRD,S03-064209,2014-01-01,2014,116.3676,-34.1931,0.1257,1,1537.0728,,,no_stem_data,405.4893,27.733,565.0,,,,,
11639060_03311503_20140415_000000,Department of Parks and Wildlife (WA),SouthWestForests-IRIS-DEV,C02-038101,2014-04-15,2014,116.3906,-33.115,0.1257,1,47.9522,,,no_stem_data,14.4312,30.2118,207.0,,,,,
11641820_03334707_20140415_000000,Department of Parks and Wildlife (WA),SouthWestForests-IRIS-DEV,C04-033159,2014-04-15,2014,116.4182,-33.3471,0.1257,1,45.7052,,,no_stem_data,14.5942,36.8709,414.0,,,,,
11642461_03303475_20140915_000000,Department of Parks and Wildlife (WA),SouthWestForests-IRIS-DEV,C02-065027,2014-09-15,2014,116.4246,-33.0347,0.1257,1,38.7283,,,no_stem_data,12.1312,32.8676,318.0,,,,,
11644604_03345140_20140915_000000,Department of Parks and Wildlife (WA),SouthWestForests-IRIS-DEV,U02-041701,2014-09-15,2014,116.446,-33.4514,0.1257,1,609.2518,,,no_stem_data,165.2663,29.8307,167.0,,,,,
11647568_03343651_20140915_000000,Department of Parks and Wildlife (WA),SouthWestForests-IRIS-DEV,C04-053020,2014-09-15,2014,116.4757,-33.4365,0.1257,1,32.5833,,,no_stem_data,10.3811,14.7907,247.0,,,,,
11648631_03433766_20140501_000000,Department of Parks and Wildlife (WA),SouthWestForests-IRIS-PRD,S04-027325,2014-05-01,2014,116.4863,-34.3377,0.1257,1,556.1116,,,no_stem_data,145.6191,30.5968,310.0,,,,,
11650782_03299875_20140301_000000,Department of Parks and Wildlife (WA),SouthWestForests-IRIS-PRD,U02-099999,2014-03-01,2014,116.5078,-32.9988,0.1257,1,41.1009,,,no_stem_data,11.4224,33.4232,263.0,,,,,
11650782_03299875_20140315_000000,Department of Parks and Wildlife (WA),SouthWestForests-IRIS-DEV,U02-000001,2014-03-15,2014,116.5078,-32.9988,0.1257,1,155.4199,,,no_stem_data,54.2829,22.9257,151.0,,,,,
11661331_03459018_20140215_000000,Department of Parks and Wildlife (WA),SouthWestForests-IRIS-DEV,S05-028442,2014-02-15,2014,116.6133,-34.5902,0.1257,1,2051.5402,,,no_stem_data,591.3298,44.3534,573.0,,,,,
14247208_03463481_20150101_000000,Forestry Corporation Commercial Estate (NSW),NFSI_RG,313,2015-01-01,2015,142.4721,-34.6348,0.1,1,7.5956,,,no_stem_data,2.3043,23.8931,40.0,,,,,
14261690_03477653_20150101_000000,Forestry Corporation Commercial Estate (NSW),NFSI_RG,283,2015-01-01,2015,142.6169,-34.7765,0.1,1,4.3601,,,no_stem_data,1.4426,1.5349,60.0,,,,,
14283042_03457417_20150101_000000,Forestry Corporation Commercial Estate (NSW),NFSI_RG,327,2015-01-01,2015,142.8304,-34.5742,0.1,1,2.4321,,,no_stem_data,0.7392,9.0594,10.0,,,,,
14292816_03465092_20150101_000000,Forestry Corporation Commercial Estate (NSW),NFSI_RG,315,2015-01-01,2015,142.9282,-34.6509,0.1,1,2.6093,,,no_stem_data,0.8242,1.2231,20.0,,,,,
14296521_03467307_20150101_000000,Forestry Corporation Commercial Estate (NSW),NFSI_RG,309,2015-01-01,2015,142.9652,-34.6731,0.1,1,102.3893,,,no_stem_data,29.2833,45.9267,210.0,,,,,
14309427_03462489_20150101_000000,Forestry Corporation Commercial Estate (NSW),NFSI_RG,321,2015-01-01,2015,143.0943,-34.6249,0.1,1,51.6034,,,no_stem_data,14.4709,11.2475,90.0,,,,,
14313227_03462617_20150101_000000,Forestry Corporation Commercial Estate (NSW),NFSI_RG,323,2015-01-01,2015,143.1323,-34.6262,0.1,1,80.6875,,,no_stem_data,22.5663,5.1374,140.0,,,,,
14313278_03461561_20150101_000000,Forestry Corporation Commercial Estate (NSW),NFSI_RG,325,2015-01-01,2015,143.1328,-34.6156,0.1,1,209.6283,,,no_stem_data,58.7718,20.7044,360.0,,,,,
14316985_03463779_20150101_000000,Forestry Corporation Commercial Estate (NSW),NFSI_RG,319,2015-01-01,2015,143.1699,-34.6378,0.1,1,99.0728,,,no_stem_data,27.8524,16.0946,260.0,,,,,
14318204_03464866_20150101_000000,Forestry Corporation Commercial Estate (NSW),NFSI_RG,317,2015-01-01,2015,143.182,-34.6487,0.1,1,3.4911,,,no_stem_data,1.089,0.848,20.0,,,,,
14322845_03474452_20150101_000000,Forestry Corporation Commercial Estate (NSW),NFSI_RG,295,2015-01-01,2015,143.2285,-34.7445,0.1,1,48.1634,,,no_stem_data,13.9075,17.3147,140.0,,,,,
14325620_03469290_20150101_000000,Forestry Corporation Commercial Estate (NSW),NFSI_RG,303,2015-01-01,2015,143.2562,-34.6929,0.1,1,4.7538,,,no_stem_data,1.3706,0.1267,10.0,,,,,
14326552_03476668_20150101_000000,Forestry Corporation Commercial Estate (NSW),NFSI_RG,291,2015-01-01,2015,143.2655,-34.7667,0.1,1,42.4485,,,no_stem_data,12.3556,10.398,110.0,,,,,
14327734_03478802_20150101_000000,Forestry Corporation Commercial Estate (NSW),NFSI_RG,287,2015-01-01,2015,143.2773,-34.788,0.1,1,159.9839,,,no_stem_data,45.4851,30.8601,400.0,,,,,
14328108_03470417_20150101_000000,Forestry Corporation Commercial Estate (NSW),NFSI_RG,299,2015-01-01,2015,143.2811,-34.7042,0.1,1,56.8576,,,no_stem_data,16.2986,8.5512,140.0,,,,,
14329052_03477788_20150101_000000,Forestry Corporation Commercial Estate (NSW),NFSI_RG,289,2015-01-01,2015,143.2905,-34.7779,0.1,1,157.6192,,,no_stem_data,44.4828,4.5723,290.0,,,,,
14330365_03476784_20150101_000000,Forestry Corporation Commercial Estate (NSW),NFSI_RG,293,2015-01-01,2015,143.3037,-34.7678,0.1,1,33.745,,,no_stem_data,9.4838,7.7446,60.0,,,,,
14330603_03471540_20150101_000000,Forestry Corporation Commercial Estate (NSW),NFSI_RG,297,2015-01-01,2015,143.306,-34.7154,0.1,1,3.0158,,,no_stem_data,0.9516,4.4249,20.0,,,,,
14335077_03485311_20150101_000000,Forestry Corporation Commercial Estate (NSW),NFSI_RG,275,2015-01-01,2015,143.3508,-34.8531,0.1,1,106.8844,,,no_stem_data,29.7429,21.4196,160.0,,,,,
14336528_03481158_20150101_000000,Forestry Corporation Commercial Estate (NSW),NFSI_RG,281,2015-01-01,2015,143.3653,-34.8116,0.1,1,14.0584,,,no_stem_data,4.4662,11.741,110.0,,,,,
14337571_03486439_20150101_000000,Forestry Corporation Commercial Estate (NSW),NFSI_RG,271,2015-01-01,2015,143.3757,-34.8644,0.1,1,32.5774,,,no_stem_data,10.8453,6.2622,310.0,,,,,
14337661_03484342_20150101_000000,Forestry Corporation Commercial Estate (NSW),NFSI_RG,279,2015-01-01,2015,143.3766,-34.8434,0.1,1,23.0002,,,no_stem_data,7.0825,5.4688,170.0,,,,,
14338258_03470719_20150101_000000,Forestry Corporation Commercial Estate (NSW),NFSI_RG,301,2015-01-01,2015,143.3826,-34.7072,0.1,1,23.1004,,,no_stem_data,6.8314,15.2842,70.0,,,,,
14339569_03469716_20150101_000000,Forestry Corporation Commercial Estate (NSW),NFSI_RG,305,2015-01-01,2015,143.3957,-34.6972,0.1,1,6.1528,,,no_stem_data,1.7382,0.4011,10.0,,,,,
14340065_03487559_20150101_000000,Forestry Corporation Commercial Estate (NSW),NFSI_RG,269,2015-01-01,2015,143.4007,-34.8756,0.1,1,38.7792,,,no_stem_data,11.752,21.2568,220.0,,,,,
14340163_03485462_20150101_000000,Forestry Corporation Commercial Estate (NSW),NFSI_RG,277,2015-01-01,2015,143.4016,-34.8546,0.1,1,64.0752,,,no_stem_data,16.0809,1.0969,50.0,,,,,
14341384_03486552_20150101_000000,Forestry Corporation Commercial Estate (NSW),NFSI_RG,273,2015-01-01,2015,143.4138,-34.8655,0.1,1,118.2721,,,no_stem_data,34.1639,10.7266,320.0,,,,,
14342107_03469787_20150101_000000,Forestry Corporation Commercial Estate (NSW),NFSI_RG,307,2015-01-01,2015,143.4211,-34.6979,0.1,1,85.2062,,,no_stem_data,23.6632,14.914,140.0,,,,,
14342563_03488679_20150101_000000,Forestry Corporation Commercial Estate (NSW),NFSI_RG,267,2015-01-01,2015,143.4256,-34.8868,0.1,1,20.4533,,,no_stem_data,5.9002,3.4058,40.0,,,,,
14344731_03467771_20150101_000000,Forestry Corporation Commercial Estate (NSW),NFSI_RG,311,2015-01-01,2015,143.4473,-34.6777,0.1,1,59.2251,,,no_stem_data,16.825,21.9175,120.0,,,,,
14345019_03490850_20150101_000000,Forestry Corporation Commercial Estate (NSW),NFSI_RG,265,2015-01-01,2015,143.4502,-34.9085,0.1,1,16.9513,,,no_stem_data,4.9368,9.5888,40.0,,,,,
14360414_03456678_20150101_000000,Forestry Corporation Commercial Estate (NSW),NFSI_RG,329,2015-01-01,2015,143.6041,-34.5668,0.1,1,25.5432,,,no_stem_data,7.2672,6.4819,50.0,,,,,
14361728_03455660_20150101_000000,Forestry Corporation Commercial Estate (NSW),NFSI_RG,333,2015-01-01,2015,143.6173,-34.5566,0.1,1,20.392,,,no_stem_data,5.8491,9.4251,70.0,,,,,
14371134_03442283_20150101_000000,Forestry Corporation Commercial Estate (NSW),NFSI_RG,337,2015-01-01,2015,143.7113,-34.4228,0.1,1,61.5463,,,no_stem_data,17.6396,10.2266,140.0,,,,,
14371178_03441239_20150101_000000,Forestry Corporation Commercial Estate (NSW),NFSI_RG,339,2015-01-01,2015,143.7118,-34.4124,0.1,1,30.58,,,no_stem_data,8.8184,4.167,80.0,,,,,
14373839_03438157_20150101_000000,Forestry Corporation Commercial Estate (NSW),NFSI_RG,345,2015-01-01,2015,143.7384,-34.3816,0.1,1,155.0302,,,no_stem_data,42.9136,13.4614,270.0,,,,,
14373950_03435013_20150101_000000,Forestry Corporation Commercial Estate (NSW),NFSI_RG,359,2015-01-01,2015,143.7395,-34.3501,0.1,1,120.0354,,,no_stem_data,31.7382,11.5225,150.0,,,,,
14375131_03437140_20150101_000000,Forestry Corporation Commercial Estate (NSW),NFSI_RG,349,2015-01-01,2015,143.7513,-34.3714,0.1,1,3.4092,,,no_stem_data,1.0934,2.1285,30.0,,,,,
14375173_03436097_20150101_000000,Forestry Corporation Commercial Estate (NSW),NFSI_RG,353,2015-01-01,2015,143.7517,-34.361,0.1,1,60.9467,,,no_stem_data,16.1814,26.1769,50.0,,,,,
14375307_03432949_20150101_000000,Forestry Corporation Commercial Estate (NSW),NFSI_RG,375,2015-01-01,2015,143.7531,-34.3295,0.1,1,70.1183,,,no_stem_data,19.676,8.7016,150.0,,,,,
14375376_03430856_20150101_000000,Forestry Corporation Commercial Estate (NSW),NFSI_RG,385,2015-01-01,2015,143.7538,-34.3086,0.1,1,195.2932,,,no_stem_data,54.2115,9.7751,380.0,,,,,
14376358_03438226_20150101_000000,Forestry Corporation Commercial Estate (NSW),NFSI_RG,347,2015-01-01,2015,143.7636,-34.3823,0.1,1,37.5404,,,no_stem_data,10.1511,13.5165,70.0,,,,,
14377900_03430921_20150101_000000,Forestry Corporation Commercial Estate (NSW),NFSI_RG,387,2015-01-01,2015,143.779,-34.3092,0.1,1,15.0468,,,no_stem_data,4.2653,2.5626,30.0,,,,,
14379208_03429905_20150101_000000,Forestry Corporation Commercial Estate (NSW),NFSI_RG,389,2015-01-01,2015,143.7921,-34.2991,0.1,1,52.2593,,,no_stem_data,13.9901,16.986,50.0,,,,,
14380351_03433078_20150101_000000,Forestry Corporation Commercial Estate (NSW),NFSI_RG,377,2015-01-01,2015,143.8035,-34.3308,0.1,1,16.5158,,,no_stem_data,4.6881,8.3441,30.0,,,,,
14382917_03432100_20150101_000000,Forestry Corporation Commercial Estate (NSW),NFSI_RG,383,2015-01-01,2015,143.8292,-34.321,0.1,1,4.4631,,,no_stem_data,1.2931,6.9693,10.0,,,,,
14399699_03551800_20150101_000000,Forestry Corporation Commercial Estate (NSW),NFSI_RG,403,2015-01-01,2015,143.997,-35.518,0.1,1,116.0057,,,no_stem_data,32.0117,71.8284,240.0,,,,,
14399995_03554232_20150101_000000,Forestry Corporation Commercial Estate (NSW),NFSI_RG,251,2015-01-01,2015,144.0,-35.5423,0.1,1,182.1658,,,no_stem_data,52.6777,37.3842,510.0,,,,,
14400113_03551087_20150101_000000,Forestry Corporation Commercial Estate (NSW),NFSI_RG,263,2015-01-01,2015,144.0011,-35.5109,0.1,1,183.6912,,,no_stem_data,49.6065,11.0051,250.0,,,,,
14401319_03553220_20150101_000000,Forestry Corporation Commercial Estate (NSW),NFSI_RG,257,2015-01-01,2015,144.0132,-35.5322,0.1,1,87.7518,,,no_stem_data,26.2814,30.2802,460.0,,,,,
14402133_03553334_20150101_000000,Forestry Corporation Commercial Estate (NSW),NFSI_RG,406,2015-01-01,2015,144.0213,-35.5333,0.1,1,37.9823,,,no_stem_data,11.3347,64.4792,180.0,,,,,
14402518_03555344_20150101_000000,Forestry Corporation Commercial Estate (NSW),NFSI_RG,245,2015-01-01,2015,144.0252,-35.5534,0.1,1,70.1739,,,no_stem_data,21.6688,27.463,500.0,,,,,
14402560_03554297_20150101_000000,Forestry Corporation Commercial Estate (NSW),NFSI_RG,253,2015-01-01,2015,144.0256,-35.543,0.1,1,251.0461,,,no_stem_data,72.2062,43.2394,770.0,,,,,
14402638_03552203_20150101_000000,Forestry Corporation Commercial Estate (NSW),NFSI_RG,261,2015-01-01,2015,144.0264,-35.522,0.1,1,57.2382,,,no_stem_data,16.1192,1.9576,100.0,,,,,
14403880_03553280_20150101_000000,Forestry Corporation Commercial Estate (NSW),NFSI_RG,259,2015-01-01,2015,144.0388,-35.5328,0.1,1,64.6375,,,no_stem_data,17.8569,8.5059,100.0,,,,,
14405122_03554363_20150101_000000,Forestry Corporation Commercial Estate (NSW),NFSI_RG,255,2015-01-01,2015,144.0512,-35.5436,0.1,1,309.7853,,,no_stem_data,86.421,27.0444,500.0,,,,,
14406365_03555439_20150101_000000,Forestry Corporation Commercial Estate (NSW),NFSI_RG,247,2015-01-01,2015,144.0637,-35.5544,0.1,1,126.7343,,,no_stem_data,36.8383,25.1644,310.0,,,,,
14407625_03556514_20150101_000000,Forestry Corporation Commercial Estate (NSW),NFSI_RG,239,2015-01-01,2015,144.0763,-35.5651,0.1,1,32.5776,,,no_stem_data,9.6368,12.7996,160.0,,,,,
14408583_03421197_20150101_000000,Forestry Corporation Commercial Estate (NSW),NFSI_RG,391,2015-01-01,2015,144.0858,-34.212,0.1,1,8.0488,,,no_stem_data,2.5469,19.5028,60.0,,,,,
14408849_03557598_20150101_000000,Forestry Corporation Commercial Estate (NSW),NFSI_RG,235,2015-01-01,2015,144.0885,-35.576,0.1,1,137.4654,,,no_stem_data,40.1385,17.5321,650.0,,,,,
14409747_03558244_20150101_000000,Forestry Corporation Commercial Estate (NSW),NFSI_RG,407,2015-01-01,2015,144.0975,-35.5824,0.1,1,84.3898,,,no_stem_data,24.4694,54.3265,320.0,,,,,
14414030_03556667_20150101_000000,Forestry Corporation Commercial Estate (NSW),NFSI_RG,241,2015-01-01,2015,144.1403,-35.5667,0.1,1,2.3719,,,no_stem_data,0.8236,19.2273,40.0,,,,,
14417729_03560960_20150101_000000,Forestry Corporation Commercial Estate (NSW),NFSI_RG,215,2015-01-01,2015,144.1773,-35.6096,0.1,1,7.7907,,,no_stem_data,2.6977,2.7724,80.0,,,,,
14417803_03558862_20150101_000000,Forestry Corporation Commercial Estate (NSW),NFSI_RG,229,2015-01-01,2015,144.178,-35.5886,0.1,1,32.2385,,,no_stem_data,10.245,14.1979,230.0,,,,,
14418830_03566229_20150101_000000,Forestry Corporation Commercial Estate (NSW),NFSI_RG,183,2015-01-01,2015,144.1883,-35.6623,0.1,1,13.1827,,,no_stem_data,3.937,6.9731,100.0,,,,,
14419051_03559940_20150101_000000,Forestry Corporation Commercial Estate (NSW),NFSI_RG,223,2015-01-01,2015,144.1905,-35.5994,0.1,1,79.1905,,,no_stem_data,23.1645,14.8468,280.0,,,,,
14420075_03567308_20150101_000000,Forestry Corporation Commercial Estate (NSW),NFSI_RG,175,2015-01-01,2015,144.2008,-35.6731,0.1,1,165.2773,,,no_stem_data,46.1291,19.1786,270.0,,,,,
14420253_03562068_20150101_000000,Forestry Corporation Commercial Estate (NSW),NFSI_RG,209,2015-01-01,2015,144.2025,-35.6207,0.1,1,68.8322,,,no_stem_data,19.6589,27.8925,140.0,,,,,
14420290_03561015_20150101_000000,Forestry Corporation Commercial Estate (NSW),NFSI_RG,217,2015-01-01,2015,144.2029,-35.6101,0.1,1,17.6223,,,no_stem_data,4.8205,46.4336,40.0,,,,,
14420367_03558921_20150101_000000,Forestry Corporation Commercial Estate (NSW),NFSI_RG,231,2015-01-01,2015,144.2037,-35.5892,0.1,1,52.8334,,,no_stem_data,16.2173,16.4017,350.0,,,,,
14421322_03568382_20150101_000000,Forestry Corporation Commercial Estate (NSW),NFSI_RG,167,2015-01-01,2015,144.2132,-35.6838,0.1,1,4.8716,,,no_stem_data,1.6564,13.3926,60.0,,,,,
14421396_03566289_20150101_000000,Forestry Corporation Commercial Estate (NSW),NFSI_RG,185,2015-01-01,2015,144.214,-35.6629,0.1,1,53.9171,,,no_stem_data,16.6395,21.2908,250.0,,,,,
14421434_03565239_20150101_000000,Forestry Corporation Commercial Estate (NSW),NFSI_RG,191,2015-01-01,2015,144.2143,-35.6524,0.1,1,44.6384,,,no_stem_data,16.1376,12.3651,340.0,,,,,
14421471_03564190_20150101_000000,Forestry Corporation Commercial Estate (NSW),NFSI_RG,197,2015-01-01,2015,144.2147,-35.6419,0.1,1,23.6559,,,no_stem_data,7.7727,17.5012,160.0,,,,,
14421508_03563146_20150101_000000,Forestry Corporation Commercial Estate (NSW),NFSI_RG,203,2015-01-01,2015,144.2151,-35.6315,0.1,1,30.9774,,,no_stem_data,11.3532,22.3855,300.0,,,,,
14421616_03559996_20150101_000000,Forestry Corporation Commercial Estate (NSW),NFSI_RG,225,2015-01-01,2015,144.2162,-35.6,0.1,1,78.7265,,,no_stem_data,22.3075,11.4033,330.0,,,,,
14421690_03557905_20150101_000000,Forestry Corporation Commercial Estate (NSW),NFSI_RG,237,2015-01-01,2015,144.2169,-35.5791,0.1,1,46.3986,,,no_stem_data,14.812,12.966,320.0,,,,,
14422221_03569536_20150101_000000,Forestry Corporation Commercial Estate (NSW),NFSI_RG,410,2015-01-01,2015,144.2222,-35.6954,0.1,1,47.5949,,,no_stem_data,13.8745,38.8237,190.0,,,,,
14422646_03567364_20150101_000000,Forestry Corporation Commercial Estate (NSW),NFSI_RG,177,2015-01-01,2015,144.2265,-35.6736,0.1,1,44.3119,,,no_stem_data,13.8804,14.1674,210.0,,,,,
14422823_03562120_20150101_000000,Forestry Corporation Commercial Estate (NSW),NFSI_RG,211,2015-01-01,2015,144.2282,-35.6212,0.1,1,33.0176,,,no_stem_data,10.3946,41.8152,230.0,,,,,
14422869_03561074_20150101_000000,Forestry Corporation Commercial Estate (NSW),NFSI_RG,219,2015-01-01,2015,144.2287,-35.6107,0.1,1,44.7424,,,no_stem_data,13.3981,11.1457,200.0,,,,,
14422934_03558979_20150101_000000,Forestry Corporation Commercial Estate (NSW),NFSI_RG,233,2015-01-01,2015,144.2293,-35.5898,0.1,1,145.4862,,,no_stem_data,42.4439,8.4864,350.0,,,,,
14423787_03571590_20150101_000000,Forestry Corporation Commercial Estate (NSW),NFSI_RG,131,2015-01-01,2015,144.2379,-35.7159,0.1,1,9.7994,,,no_stem_data,3.6092,19.1676,100.0,,,,,
14423822_03570549_20150101_000000,Forestry Corporation Commercial Estate (NSW),NFSI_RG,147,2015-01-01,2015,144.2382,-35.7055,0.1,1,80.3031,,,no_stem_data,21.4038,13.7206,190.0,,,,,
14423855_03569495_20150101_000000,Forestry Corporation Commercial Estate (NSW),NFSI_RG,159,2015-01-01,2015,144.2386,-35.695,0.1,1,129.6539,,,no_stem_data,33.9279,14.0313,280.0,,,,,
14423893_03568440_20150101_000000,Forestry Corporation Commercial Estate (NSW),NFSI_RG,169,2015-01-01,2015,144.2389,-35.6844,0.1,1,79.2724,,,no_stem_data,23.174,26.1281,160.0,,,,,
14423967_03566345_20150101_000000,Forestry Corporation Commercial Estate (NSW),NFSI_RG,187,2015-01-01,2015,144.2397,-35.6635,0.1,1,110.6079,,,no_stem_data,31.0413,15.0775,400.0,,,,,
14424006_03565301_20150101_000000,Forestry Corporation Commercial Estate (NSW),NFSI_RG,193,2015-01-01,2015,144.2401,-35.653,0.1,1,34.4003,,,no_stem_data,12.4414,7.6513,90.0,,,,,
14424040_03564254_20150101_000000,Forestry Corporation Commercial Estate (NSW),NFSI_RG,199,2015-01-01,2015,144.2404,-35.6425,0.1,1,12.8247,,,no_stem_data,4.6545,14.2607,110.0,,,,,
14424071_03563202_20150101_000000,Forestry Corporation Commercial Estate (NSW),NFSI_RG,205,2015-01-01,2015,144.2407,-35.632,0.1,1,141.1214,,,no_stem_data,38.4865,6.1945,210.0,,,,,
14424184_03560061_20150101_000000,Forestry Corporation Commercial Estate (NSW),NFSI_RG,227,2015-01-01,2015,144.2418,-35.6006,0.1,1,45.6093,,,no_stem_data,14.4179,7.9908,320.0,,,,,
14425213_03567427_20150101_000000,Forestry Corporation Commercial Estate (NSW),NFSI_RG,179,2015-01-01,2015,144.2521,-35.6743,0.1,1,66.8112,,,no_stem_data,18.8304,18.151,280.0,,,,,
14425374_03573170_20150101_000000,Forestry Corporation Commercial Estate (NSW),NFSI_RG,404,2015-01-01,2015,144.2537,-35.7317,0.1,1,70.0499,,,no_stem_data,20.464,16.3337,260.0,,,,,
14425388_03562190_20150101_000000,Forestry Corporation Commercial Estate (NSW),NFSI_RG,213,2015-01-01,2015,144.2539,-35.6219,0.1,1,39.0625,,,no_stem_data,12.3117,16.1135,280.0,,,,,
14425433_03561131_20150101_000000,Forestry Corporation Commercial Estate (NSW),NFSI_RG,221,2015-01-01,2015,144.2543,-35.6113,0.1,1,95.4134,,,no_stem_data,28.1697,11.7361,240.0,,,,,
14425947_03568646_20150101_000000,Forestry Corporation Commercial Estate (NSW),NFSI_RG,408,2015-01-01,2015,144.2595,-35.6865,0.1,1,105.7876,,,no_stem_data,30.2646,83.8421,300.0,,,,,
14426285_03573739_20150101_000000,Forestry Corporation Commercial Estate (NSW),NFSI_RG,103,2015-01-01,2015,144.2629,-35.7374,0.1,1,33.3229,,,no_stem_data,9.1328,6.306,40.0,,,,,
14426322_03572693_20150101_000000,Forestry Corporation Commercial Estate (NSW),NFSI_RG,117,2015-01-01,2015,144.2632,-35.7269,0.1,1,344.7993,,,no_stem_data,88.441,10.4609,240.0,,,,,
14426349_03571649_20150101_000000,Forestry Corporation Commercial Estate (NSW),NFSI_RG,133,2015-01-01,2015,144.2635,-35.7165,0.1,1,180.4314,,,no_stem_data,47.0342,24.0421,350.0,,,,,
14426386_03570595_20150101_000000,Forestry Corporation Commercial Estate (NSW),NFSI_RG,149,2015-01-01,2015,144.2639,-35.706,0.1,1,62.7235,,,no_stem_data,18.841,18.6261,280.0,,,,,
14426425_03569546_20150101_000000,Forestry Corporation Commercial Estate (NSW),NFSI_RG,161,2015-01-01,2015,144.2643,-35.6955,0.1,1,223.5877,,,no_stem_data,66.0612,22.0837,350.0,,,,,
14426466_03568500_20150101_000000,Forestry Corporation Commercial Estate (NSW),NFSI_RG,171,2015-01-01,2015,144.2647,-35.685,0.1,1,37.8802,,,no_stem_data,12.9503,7.7779,330.0,,,,,
14426537_03566402_20150101_000000,Forestry Corporation Commercial Estate (NSW),NFSI_RG,189,2015-01-01,2015,144.2654,-35.664,0.1,1,91.3637,,,no_stem_data,32.0223,47.4162,570.0,,,,,
14426570_03565356_20150101_000000,Forestry Corporation Commercial Estate (NSW),NFSI_RG,195,2015-01-01,2015,144.2657,-35.6536,0.1,1,101.5257,,,no_stem_data,32.3805,11.2498,210.0,,,,,
14426606_03564310_20150101_000000,Forestry Corporation Commercial Estate (NSW),NFSI_RG,201,2015-01-01,2015,144.2661,-35.6431,0.1,1,1.6841,,,no_stem_data,0.6222,0.3534,20.0,,,,,
14426648_03563262_20150101_000000,Forestry Corporation Commercial Estate (NSW),NFSI_RG,207,2015-01-01,2015,144.2665,-35.6326,0.1,1,56.4029,,,no_stem_data,16.8114,3.0731,140.0,,,,,
14427732_03568803_20150101_000000,Forestry Corporation Commercial Estate (NSW),NFSI_RG,409,2015-01-01,2015,144.2773,-35.688,0.1,1,56.8554,,,no_stem_data,16.7526,26.0666,210.0,,,,,
14427783_03567481_20150101_000000,Forestry Corporation Commercial Estate (NSW),NFSI_RG,181,2015-01-01,2015,144.2778,-35.6748,0.1,1,51.8798,,,no_stem_data,15.1583,27.8239,310.0,,,,,
14428891_03572749_20150101_000000,Forestry Corporation Commercial Estate (NSW),NFSI_RG,119,2015-01-01,2015,144.2889,-35.7275,0.1,1,32.0923,,,no_stem_data,10.2456,23.7704,260.0,,,,,
14428930_03571700_20150101_000000,Forestry Corporation Commercial Estate (NSW),NFSI_RG,135,2015-01-01,2015,144.2893,-35.717,0.1,1,53.4576,,,no_stem_data,17.8146,31.6115,420.0,,,,,
14428969_03570647_20150101_000000,Forestry Corporation Commercial Estate (NSW),NFSI_RG,151,2015-01-01,2015,144.2897,-35.7065,0.1,1,81.3489,,,no_stem_data,22.8404,14.7047,160.0,,,,,
14428994_03569601_20150101_000000,Forestry Corporation Commercial Estate (NSW),NFSI_RG,163,2015-01-01,2015,144.2899,-35.696,0.1,1,92.4993,,,no_stem_data,28.4646,26.4466,380.0,,,,,
14429021_03568566_20150101_000000,Forestry Corporation Commercial Estate (NSW),NFSI_RG,173,2015-01-01,2015,144.2902,-35.6857,0.1,1,68.1426,,,no_stem_data,20.1258,19.4127,270.0,,,,,
14430139_03573833_20150101_000000,Forestry Corporation Commercial Estate (NSW),NFSI_RG,105,2015-01-01,2015,144.3014,-35.7383,0.1,1,68.1276,,,no_stem_data,18.7931,9.7511,90.0,,,,,
14431397_03574902_20150101_000000,Forestry Corporation Commercial Estate (NSW),NFSI_RG,93,2015-01-01,2015,144.314,-35.749,0.1,1,30.7311,,,no_stem_data,9.3892,12.8904,160.0,,,,,
14431462_03572814_20150101_000000,Forestry Corporation Commercial Estate (NSW),NFSI_RG,121,2015-01-01,2015,144.3146,-35.7281,0.1,1,50.017,,,no_stem_data,17.0573,22.7364,440.0,,,,,
14431500_03571772_20150101_000000,Forestry Corporation Commercial Estate (NSW),NFSI_RG,137,2015-01-01,2015,144.315,-35.7177,0.1,1,36.5916,,,no_stem_data,12.2908,22.2947,250.0,,,,,
14431528_03570715_20150101_000000,Forestry Corporation Commercial Estate (NSW),NFSI_RG,153,2015-01-01,2015,144.3153,-35.7071,0.1,1,120.8387,,,no_stem_data,32.5255,16.6448,180.0,,,,,
14431571_03569667_20150101_000000,Forestry Corporation Commercial Estate (NSW),NFSI_RG,165,2015-01-01,2015,144.3157,-35.6967,0.1,1,3.6789,,,no_stem_data,1.3626,25.0989,80.0,,,,,
14432188_03576514_20150101_000000,Forestry Corporation Commercial Estate (NSW),NFSI_RG,402,2015-01-01,2015,144.3219,-35.7651,0.1,1,53.1302,,,no_stem_data,15.3841,91.3699,330.0,,,,,
14432332_03575774_20150101_000000,Forestry Corporation Commercial Estate (NSW),NFSI_RG,405,2015-01-01,2015,144.3233,-35.7577,0.1,1,178.67,,,no_stem_data,52.0755,106.8505,640.0,,,,,
14432712_03573887_20150101_000000,Forestry Corporation Commercial Estate (NSW),NFSI_RG,107,2015-01-01,2015,144.3271,-35.7389,0.1,1,117.4034,,,no_stem_data,34.6926,14.5618,650.0,,,,,
14433935_03576016_20150101_000000,Forestry Corporation Commercial Estate (NSW),NFSI_RG,85,2015-01-01,2015,144.3393,-35.7602,0.1,1,4.6522,,,no_stem_data,1.6174,8.6885,100.0,,,,,
14433964_03574969_20150101_000000,Forestry Corporation Commercial Estate (NSW),NFSI_RG,95,2015-01-01,2015,144.3396,-35.7497,0.1,1,372.966,,,no_stem_data,103.5382,37.2044,670.0,,,,,
14434041_03572866_20150101_000000,Forestry Corporation Commercial Estate (NSW),NFSI_RG,123,2015-01-01,2015,144.3404,-35.7287,0.1,1,4.262,,,no_stem_data,1.5826,5.5657,70.0,,,,,
14434070_03571816_20150101_000000,Forestry Corporation Commercial Estate (NSW),NFSI_RG,139,2015-01-01,2015,144.3407,-35.7182,0.1,1,269.6525,,,no_stem_data,72.7651,15.1174,440.0,,,,,
14434101_03570774_20150101_000000,Forestry Corporation Commercial Estate (NSW),NFSI_RG,155,2015-01-01,2015,144.341,-35.7077,0.1,1,23.0922,,,no_stem_data,6.701,35.0342,80.0,,,,,
14434164_03576846_20150101_000000,Forestry Corporation Commercial Estate (NSW),NFSI_RG,401,2015-01-01,2015,144.3416,-35.7685,0.1,1,106.9462,,,no_stem_data,30.7783,123.6418,430.0,,,,,
14435185_03577086_20150101_000000,Forestry Corporation Commercial Estate (NSW),NFSI_RG,77,2015-01-01,2015,144.3519,-35.7709,0.1,1,78.0996,,,no_stem_data,22.1073,25.1224,200.0,,,,,
14435287_03573946_20150101_000000,Forestry Corporation Commercial Estate (NSW),NFSI_RG,109,2015-01-01,2015,144.3529,-35.7395,0.1,1,553.9324,,,no_stem_data,150.0498,14.208,640.0,,,,,
14436433_03578165_20150101_000000,Forestry Corporation Commercial Estate (NSW),NFSI_RG,71,2015-01-01,2015,144.3643,-35.7817,0.1,1,2.2774,,,no_stem_data,0.6729,8.391,30.0,,,,,
14436505_03576072_20150101_000000,Forestry Corporation Commercial Estate (NSW),NFSI_RG,87,2015-01-01,2015,144.365,-35.7607,0.1,1,158.8254,,,no_stem_data,43.7923,18.4934,270.0,,,,,
14436536_03575028_20150101_000000,Forestry Corporation Commercial Estate (NSW),NFSI_RG,97,2015-01-01,2015,144.3654,-35.7503,0.1,1,283.5357,,,no_stem_data,79.124,33.7437,500.0,,,,,
14436608_03572926_20150101_000000,Forestry Corporation Commercial Estate (NSW),NFSI_RG,125,2015-01-01,2015,144.3661,-35.7293,0.1,1,79.6475,,,no_stem_data,26.5647,17.0399,600.0,,,,,
14436644_03571876_20150101_000000,Forestry Corporation Commercial Estate (NSW),NFSI_RG,141,2015-01-01,2015,144.3664,-35.7188,0.1,1,74.9177,,,no_stem_data,21.6407,12.3611,300.0,,,,,
14436672_03570828_20150101_000000,Forestry Corporation Commercial Estate (NSW),NFSI_RG,157,2015-01-01,2015,144.3667,-35.7083,0.1,1,9.1258,,,no_stem_data,3.1435,20.1582,100.0,,,,,
14437651_03580291_20150101_000000,Forestry Corporation Commercial Estate (NSW),NFSI_RG,61,2015-01-01,2015,144.3765,-35.8029,0.1,1,62.0559,,,no_stem_data,18.4553,52.4612,330.0,,,,,
14437755_03577146_20150101_000000,Forestry Corporation Commercial Estate (NSW),NFSI_RG,79,2015-01-01,2015,144.3775,-35.7715,0.1,1,21.0878,,,no_stem_data,6.7588,12.0923,130.0,,,,,
14437859_03573998_20150101_000000,Forestry Corporation Commercial Estate (NSW),NFSI_RG,111,2015-01-01,2015,144.3786,-35.74,0.1,1,23.6583,,,no_stem_data,7.393,12.6511,180.0,,,,,
14438903_03581369_20150101_000000,Forestry Corporation Commercial Estate (NSW),NFSI_RG,57,2015-01-01,2015,144.389,-35.8137,0.1,1,209.7727,,,no_stem_data,58.1437,19.7915,430.0,,,,,
14438973_03579276_20150101_000000,Forestry Corporation Commercial Estate (NSW),NFSI_RG,67,2015-01-01,2015,144.3897,-35.7928,0.1,1,11.1053,,,no_stem_data,3.5113,24.4706,90.0,,,,,
14439009_03578221_20150101_000000,Forestry Corporation Commercial Estate (NSW),NFSI_RG,73,2015-01-01,2015,144.3901,-35.7822,0.1,1,102.2218,,,no_stem_data,28.9099,16.725,260.0,,,,,
14439075_03576124_20150101_000000,Forestry Corporation Commercial Estate (NSW),NFSI_RG,89,2015-01-01,2015,144.3908,-35.7612,0.1,1,39.3159,,,no_stem_data,11.6048,18.2898,180.0,,,,,
14439109_03575076_20150101_000000,Forestry Corporation Commercial Estate (NSW),NFSI_RG,99,2015-01-01,2015,144.3911,-35.7508,0.1,1,96.9662,,,no_stem_data,27.3357,25.1057,190.0,,,,,
14439187_03572984_20150101_000000,Forestry Corporation Commercial Estate (NSW),NFSI_RG,127,2015-01-01,2015,144.3919,-35.7298,0.1,1,112.6651,,,no_stem_data,29.8283,5.4596,120.0,,,,,
14439222_03571930_20150101_000000,Forestry Corporation Commercial Estate (NSW),NFSI_RG,143,2015-01-01,2015,144.3922,-35.7193,0.1,1,8.6724,,,no_stem_data,3.1493,9.1651,90.0,,,,,
14440052_03585590_20150101_000000,Forestry Corporation Commercial Estate (NSW),NFSI_RG,35,2015-01-01,2015,144.4005,-35.8559,0.1,1,95.2896,,,no_stem_data,27.9791,26.4026,380.0,,,,,
14440089_03584541_20150101_000000,Forestry Corporation Commercial Estate (NSW),NFSI_RG,41,2015-01-01,2015,144.4009,-35.8454,0.1,1,14.7292,,,no_stem_data,4.5773,11.1784,100.0,,,,,
14440121_03583497_20150101_000000,Forestry Corporation Commercial Estate (NSW),NFSI_RG,47,2015-01-01,2015,144.4012,-35.835,0.1,1,15.2719,,,no_stem_data,4.5938,0.7854,100.0,,,,,
14440157_03582444_20150101_000000,Forestry Corporation Commercial Estate (NSW),NFSI_RG,53,2015-01-01,2015,144.4016,-35.8244,0.1,1,77.3907,,,no_stem_data,21.0746,12.5025,110.0,,,,,
14440226_03580345_20150101_000000,Forestry Corporation Commercial Estate (NSW),NFSI_RG,63,2015-01-01,2015,144.4023,-35.8035,0.1,1,51.3462,,,no_stem_data,14.4276,17.3438,110.0,,,,,
14440329_03577199_20150101_000000,Forestry Corporation Commercial Estate (NSW),NFSI_RG,81,2015-01-01,2015,144.4033,-35.772,0.1,1,11.451,,,no_stem_data,3.71,5.0623,90.0,,,,,
14440429_03574057_20150101_000000,Forestry Corporation Commercial Estate (NSW),NFSI_RG,113,2015-01-01,2015,144.4043,-35.7406,0.1,1,73.665,,,no_stem_data,21.4287,18.7246,200.0,,,,,
14441296_03586669_20150101_000000,Forestry Corporation Commercial Estate (NSW),NFSI_RG,31,2015-01-01,2015,144.413,-35.8667,0.1,1,84.8433,,,no_stem_data,24.4237,14.3861,190.0,,,,,
14441479_03581427_20150101_000000,Forestry Corporation Commercial Estate (NSW),NFSI_RG,59,2015-01-01,2015,144.4148,-35.8143,0.1,1,19.986,,,no_stem_data,6.6293,24.7874,190.0,,,,,
14441544_03579326_20150101_000000,Forestry Corporation Commercial Estate (NSW),NFSI_RG,69,2015-01-01,2015,144.4154,-35.7933,0.1,1,76.336,,,no_stem_data,23.3092,9.4666,410.0,,,,,
14441582_03578279_20150101_000000,Forestry Corporation Commercial Estate (NSW),NFSI_RG,75,2015-01-01,2015,144.4158,-35.7828,0.1,1,114.6087,,,no_stem_data,31.2107,33.7346,200.0,,,,,
14441648_03576184_20150101_000000,Forestry Corporation Commercial Estate (NSW),NFSI_RG,91,2015-01-01,2015,144.4165,-35.7618,0.1,1,30.2826,,,no_stem_data,10.1761,18.6062,170.0,,,,,
14441680_03575131_20150101_000000,Forestry Corporation Commercial Estate (NSW),NFSI_RG,101,2015-01-01,2015,144.4168,-35.7513,0.1,1,104.3603,,,no_stem_data,29.2093,7.9557,180.0,,,,,
14441753_03573037_20150101_000000,Forestry Corporation Commercial Estate (NSW),NFSI_RG,129,2015-01-01,2015,144.4175,-35.7304,0.1,1,190.6247,,,no_stem_data,52.4429,21.0824,330.0,,,,,
14441784_03571988_20150101_000000,Forestry Corporation Commercial Estate (NSW),NFSI_RG,145,2015-01-01,2015,144.4178,-35.7199,0.1,1,72.8625,,,no_stem_data,17.1738,26.8445,50.0,,,,,
14442460_03590885_20150101_000000,Forestry Corporation Commercial Estate (NSW),NFSI_RG,11,2015-01-01,2015,144.4246,-35.9088,0.1,1,231.0546,,,no_stem_data,60.1012,23.4293,190.0,,,,,
14442494_03589836_20150101_000000,Forestry Corporation Commercial Estate (NSW),NFSI_RG,17,2015-01-01,2015,144.4249,-35.8984,0.1,1,89.8817,,,no_stem_data,28.1049,13.0136,210.0,,,,,
14442530_03588786_20150101_000000,Forestry Corporation Commercial Estate (NSW),NFSI_RG,21,2015-01-01,2015,144.4253,-35.8879,0.1,1,88.3486,,,no_stem_data,23.7788,38.9525,150.0,,,,,
14442569_03587742_20150101_000000,Forestry Corporation Commercial Estate (NSW),NFSI_RG,27,2015-01-01,2015,144.4257,-35.8774,0.1,1,3.8568,,,no_stem_data,1.4231,47.4511,40.0,,,,,
14442628_03585646_20150101_000000,Forestry Corporation Commercial Estate (NSW),NFSI_RG,37,2015-01-01,2015,144.4263,-35.8565,0.1,1,69.1379,,,no_stem_data,19.4606,12.4894,130.0,,,,,
14442658_03584599_20150101_000000,Forestry Corporation Commercial Estate (NSW),NFSI_RG,43,2015-01-01,2015,144.4266,-35.846,0.1,1,83.0459,,,no_stem_data,24.2593,23.319,330.0,,,,,
14442693_03583545_20150101_000000,Forestry Corporation Commercial Estate (NSW),NFSI_RG,49,2015-01-01,2015,144.4269,-35.8354,0.1,1,13.0066,,,no_stem_data,3.4639,12.6079,10.0,,,,,
14442734_03582504_20150101_000000,Forestry Corporation Commercial Estate (NSW),NFSI_RG,55,2015-01-01,2015,144.4273,-35.825,0.1,1,194.5176,,,no_stem_data,53.786,21.0762,300.0,,,,,
14442801_03580407_20150101_000000,Forestry Corporation Commercial Estate (NSW),NFSI_RG,65,2015-01-01,2015,144.428,-35.8041,0.1,1,208.6809,,,no_stem_data,57.2999,44.9013,350.0,,,,,
14442901_03577258_20150101_000000,Forestry Corporation Commercial Estate (NSW),NFSI_RG,83,2015-01-01,2015,144.429,-35.7726,0.1,1,152.5967,,,no_stem_data,43.9247,13.3778,510.0,,,,,
14443005_03574112_20150101_000000,Forestry Corporation Commercial Estate (NSW),NFSI_RG,115,2015-01-01,2015,144.4301,-35.7411,0.1,1,151.1313,,,no_stem_data,42.8526,14.3094,250.0,,,,,
14443886_03586716_20150101_000000,Forestry Corporation Commercial Estate (NSW),NFSI_RG,33,2015-01-01,2015,144.4389,-35.8672,0.1,1,102.1066,,,no_stem_data,28.9955,31.4747,200.0,,,,,
14445035_03590939_20150101_000000,Forestry Corporation Commercial Estate (NSW),NFSI_RG,13,2015-01-01,2015,144.4504,-35.9094,0.1,1,39.9248,,,no_stem_data,10.8327,7.8407,100.0,,,,,
14445075_03589893_20150101_000000,Forestry Corporation Commercial Estate (NSW),NFSI_RG,19,2015-01-01,2015,144.4507,-35.8989,0.1,1,112.8494,,,no_stem_data,36.0478,12.8185,210.0,,,,,
14445113_03588843_20150101_000000,Forestry Corporation Commercial Estate (NSW),NFSI_RG,23,2015-01-01,2015,144.4511,-35.8884,0.1,1,35.218,,,no_stem_data,10.5585,27.3428,200.0,,,,,
14445142_03587797_20150101_000000,Forestry Corporation Commercial Estate (NSW),NFSI_RG,29,2015-01-01,2015,144.4514,-35.878,0.1,1,64.3079,,,no_stem_data,18.6073,31.5042,150.0,,,,,
14445208_03585699_20150101_000000,Forestry Corporation Commercial Estate (NSW),NFSI_RG,39,2015-01-01,2015,144.4521,-35.857,0.1,1,40.8758,,,no_stem_data,11.1203,12.3594,50.0,,,,,
14445242_03584656_20150101_000000,Forestry Corporation Commercial Estate (NSW),NFSI_RG,45,2015-01-01,2015,144.4524,-35.8466,0.1,1,83.9636,,,no_stem_data,22.9199,9.8433,110.0,,,,,
14445276_03583607_20150101_000000,Forestry Corporation Commercial Estate (NSW),NFSI_RG,51,2015-01-01,2015,144.4528,-35.8361,0.1,1,403.4916,,,no_stem_data,110.7225,19.4484,550.0,,,,,
14446264_03593068_20150101_000000,Forestry Corporation Commercial Estate (NSW),NFSI_RG,5,2015-01-01,2015,144.4626,-35.9307,0.1,1,458.7208,,,no_stem_data,124.6806,20.7931,630.0,,,,,
14446292_03592019_20150101_000000,Forestry Corporation Commercial Estate (NSW),NFSI_RG,9,2015-01-01,2015,144.4629,-35.9202,0.1,1,5.0703,,,no_stem_data,1.5701,2.2215,30.0,,,,,
14447619_03590991_20150101_000000,Forestry Corporation Commercial Estate (NSW),NFSI_RG,15,2015-01-01,2015,144.4762,-35.9099,0.1,1,28.1664,,,no_stem_data,9.227,16.5427,220.0,,,,,
14447681_03588897_20150101_000000,Forestry Corporation Commercial Estate (NSW),NFSI_RG,25,2015-01-01,2015,144.4768,-35.889,0.1,1,34.7972,,,no_stem_data,10.6854,14.4339,210.0,,,,,
14448804_03594172_20150101_000000,Forestry Corporation Commercial Estate (NSW),NFSI_RG,3,2015-01-01,2015,144.488,-35.9417,0.1,1,51.9683,,,no_stem_data,14.1181,12.5598,70.0,,,,,
14449348_03409511_20150101_000000,Forestry Corporation Commercial Estate (NSW),NFSI_RG,395,2015-01-01,2015,144.4935,-34.0951,0.1,1,120.7172,,,no_stem_data,32.4003,10.6011,160.0,,,,,
14450059_03595246_20150101_000000,Forestry Corporation Commercial Estate (NSW),NFSI_RG,1,2015-01-01,2015,144.5006,-35.9525,0.1,1,4.1284,,,no_stem_data,1.3993,36.0421,70.0,,,,,
14453128_03409586_20150101_000000,Forestry Corporation Commercial Estate (NSW),NFSI_RG,397,2015-01-01,2015,144.5313,-34.0959,0.1,1,27.6288,,,no_stem_data,7.5379,5.4468,30.0,,,,,
14923267_03710669_20140101_000000,Forestry Corporation Commercial Estate (NSW),NFSI_EDEN,19235,2014-01-01,2014,149.2327,-37.1067,0.1,1,56.0821,,,no_stem_data,16.4434,57.6703,470.0,,,,,
14925282_03712212_20140101_000000,Forestry Corporation Commercial Estate (NSW),NFSI_EDEN,19231,2014-01-01,2014,149.2528,-37.1221,0.1,1,221.102,,,no_stem_data,60.0182,37.9669,1360.0,,,,,
14925414_03716936_20140101_000000,Forestry Corporation Commercial Estate (NSW),NFSI_EDEN,19186,2014-01-01,2014,149.2541,-37.1694,0.1,1,64.3482,,,no_stem_data,18.8012,62.7231,770.0,,,,,
14927253_03712178_20140101_000000,Forestry Corporation Commercial Estate (NSW),NFSI_EDEN,19232,2014-01-01,2014,149.2725,-37.1218,0.1,1,396.7193,,,no_stem_data,104.0356,25.8493,940.0,,,,,
14927296_03713751_20140101_000000,Forestry Corporation Commercial Estate (NSW),NFSI_EDEN,19215,2014-01-01,2014,149.273,-37.1375,0.1,1,6.9804,,,no_stem_data,2.3561,31.8853,1190.0,,,,,
14931006_03705766_20140101_000000,Forestry Corporation Commercial Estate (NSW),NFSI_EDEN,19257,2014-01-01,2014,149.3101,-37.0577,0.1,1,0.8675,,,no_stem_data,0.2424,24.7542,160.0,,,,,
14931141_03710521_20140101_000000,Forestry Corporation Commercial Estate (NSW),NFSI_EDEN,19236,2014-01-01,2014,149.3114,-37.1052,0.1,1,15.1193,,,no_stem_data,4.2866,10.425,680.0,,,,,
14931380_03718400_20140101_000000,Forestry Corporation Commercial Estate (NSW),NFSI_EDEN,19170,2014-01-01,2014,149.3138,-37.184,0.1,1,97.6002,,,no_stem_data,32.7721,36.9417,600.0,,,,,
14931758_03666348_20140101_000000,Forestry Corporation Commercial Estate (NSW),NFSI_EDEN,19332,2014-01-01,2014,149.3176,-36.6635,0.1,1,98.181,,,no_stem_data,32.4433,51.44,820.0,,,,,
14932911_03704180_20140101_000000,Forestry Corporation Commercial Estate (NSW),NFSI_EDEN,19263,2014-01-01,2014,149.3291,-37.0418,0.1,1,5.1855,,,no_stem_data,1.6854,26.7283,210.0,,,,,
14932963_03705752_20140101_000000,Forestry Corporation Commercial Estate (NSW),NFSI_EDEN,19258,2014-01-01,2014,149.3296,-37.0575,0.1,1,103.989,,,no_stem_data,27.532,17.2157,370.0,,,,,
14933014_03707328_20140101_000000,Forestry Corporation Commercial Estate (NSW),NFSI_EDEN,19250,2014-01-01,2014,149.3301,-37.0733,0.1,1,330.7796,,,no_stem_data,91.8056,45.2442,1560.0,,,,,
14933050_03708905_20140101_000000,Forestry Corporation Commercial Estate (NSW),NFSI_EDEN,19245,2014-01-01,2014,149.3305,-37.089,0.1,1,32.3202,,,no_stem_data,9.7132,24.5667,1170.0,,,,,
14934887_03704133_20140101_000000,Forestry Corporation Commercial Estate (NSW),NFSI_EDEN,19264,2014-01-01,2014,149.3489,-37.0413,0.1,1,7.9953,,,no_stem_data,2.2631,28.6784,320.0,,,,,
14935075_03710446_20140101_000000,Forestry Corporation Commercial Estate (NSW),NFSI_EDEN,19237,2014-01-01,2014,149.3507,-37.1045,0.1,1,0.4415,,,no_stem_data,0.1459,25.7632,280.0,,,,,
14935774_03669419_20140101_000000,Forestry Corporation Commercial Estate (NSW),NFSI_EDEN,19328,2014-01-01,2014,149.3577,-36.6942,0.1,1,329.9365,,,no_stem_data,84.3594,15.8526,770.0,,,,,
14936796_03702521_20140101_000000,Forestry Corporation Commercial Estate (NSW),NFSI_EDEN,19269,2014-01-01,2014,149.368,-37.0252,0.1,1,29.4407,,,no_stem_data,7.1389,21.5125,360.0,,,,,
14936869_03704103_20140101_000000,Forestry Corporation Commercial Estate (NSW),NFSI_EDEN,19265,2014-01-01,2014,149.3687,-37.041,0.1,1,69.3834,,,no_stem_data,19.4277,31.627,410.0,,,,,
14936896_03705681_20140101_000000,Forestry Corporation Commercial Estate (NSW),NFSI_EDEN,19259,2014-01-01,2014,149.369,-37.0568,0.1,1,18.1848,,,no_stem_data,5.135,30.86,190.0,,,,,
14937491_03661506_20140101_000000,Forestry Corporation Commercial Estate (NSW),NFSI_EDEN,19343,2014-01-01,2014,149.3749,-36.6151,0.1,1,103.5904,,,no_stem_data,28.471,15.4087,200.0,,,,,
14937533_03663083_20140101_000000,Forestry Corporation Commercial Estate (NSW),NFSI_EDEN,19337,2014-01-01,2014,149.3753,-36.6308,0.1,1,70.606,,,no_stem_data,25.3831,37.03,350.0,,,,,
14937784_03670960_20140101_000000,Forestry Corporation Commercial Estate (NSW),NFSI_EDEN,19324,2014-01-01,2014,149.3778,-36.7096,0.1,1,180.6848,,,no_stem_data,49.6727,32.6774,450.0,,,,,
14938614_03697757_20140101_000000,Forestry Corporation Commercial Estate (NSW),NFSI_EDEN,19283,2014-01-01,2014,149.3861,-36.9776,0.1,1,29.8201,,,no_stem_data,7.4384,23.916,50.0,,,,,
14938653_03699333_20140101_000000,Forestry Corporation Commercial Estate (NSW),NFSI_EDEN,19277,2014-01-01,2014,149.3865,-36.9933,0.1,1,66.5047,,,no_stem_data,18.2912,42.6626,660.0,,,,,
14939496_03663045_20140101_000000,Forestry Corporation Commercial Estate (NSW),NFSI_EDEN,19338,2014-01-01,2014,149.395,-36.6304,0.1,1,31.106,,,no_stem_data,8.7912,37.3923,190.0,,,,,
14940539_03696137_20140101_000000,Forestry Corporation Commercial Estate (NSW),NFSI_EDEN,19288,2014-01-01,2014,149.4054,-36.9614,0.1,1,11.9085,,,no_stem_data,3.0823,66.1028,840.0,,,,,
14941355_03659848_20140101_000000,Forestry Corporation Commercial Estate (NSW),NFSI_EDEN,19348,2014-01-01,2014,149.4136,-36.5985,0.1,1,19.9759,,,no_stem_data,5.3913,22.3482,320.0,,,,,
14941411_03661428_20140101_000000,Forestry Corporation Commercial Estate (NSW),NFSI_EDEN,19344,2014-01-01,2014,149.4141,-36.6143,0.1,1,322.8976,,,no_stem_data,84.6596,45.0987,560.0,,,,,
14941454_03663002_20140101_000000,Forestry Corporation Commercial Estate (NSW),NFSI_EDEN,19339,2014-01-01,2014,149.4145,-36.63,0.1,1,251.1569,,,no_stem_data,63.1679,54.5046,390.0,,,,,
14941505_03664578_20140101_000000,Forestry Corporation Commercial Estate (NSW),NFSI_EDEN,19333,2014-01-01,2014,149.4151,-36.6458,0.1,1,91.1,,,no_stem_data,28.5907,23.8862,370.0,,,,,
14941651_03669306_20140101_000000,Forestry Corporation Commercial Estate (NSW),NFSI_EDEN,19329,2014-01-01,2014,149.4165,-36.6931,0.1,1,164.8956,,,no_stem_data,44.2332,20.9597,740.0,,,,,
14941701_03670880_20140101_000000,Forestry Corporation Commercial Estate (NSW),NFSI_EDEN,19325,2014-01-01,2014,149.417,-36.7088,0.1,1,445.3096,,,no_stem_data,115.4761,28.7055,1000.0,,,,,
14941893_03677181_20140101_000000,Forestry Corporation Commercial Estate (NSW),NFSI_EDEN,19321,2014-01-01,2014,149.4189,-36.7718,0.1,1,17.7459,,,no_stem_data,5.0575,41.1063,1330.0,,,,,
14942384_03692949_20140101_000000,Forestry Corporation Commercial Estate (NSW),NFSI_EDEN,19297,2014-01-01,2014,149.4238,-36.9295,0.1,1,11.1239,,,no_stem_data,4.0985,15.8571,470.0,,,,,
14942448_03694526_20140101_000000,Forestry Corporation Commercial Estate (NSW),NFSI_EDEN,19293,2014-01-01,2014,149.4245,-36.9453,0.1,1,32.2868,,,no_stem_data,8.3105,11.6505,620.0,,,,,
14943164_03655077_20140101_000000,Forestry Corporation Commercial Estate (NSW),NFSI_EDEN,19359,2014-01-01,2014,149.4316,-36.5508,0.1,1,1.8041,,,no_stem_data,0.5385,34.5623,150.0,,,,,
14943359_03661394_20140101_000000,Forestry Corporation Commercial Estate (NSW),NFSI_EDEN,19345,2014-01-01,2014,149.4336,-36.6139,0.1,1,0.4934,,,no_stem_data,0.1139,1.2751,40.0,,,,,
14943400_03662971_20140101_000000,Forestry Corporation Commercial Estate (NSW),NFSI_EDEN,19340,2014-01-01,2014,149.434,-36.6297,0.1,1,8.0284,,,no_stem_data,2.3431,1.1513,30.0,,,,,
14943444_03664547_20140101_000000,Forestry Corporation Commercial Estate (NSW),NFSI_EDEN,19334,2014-01-01,2014,149.4344,-36.6455,0.1,1,110.4904,,,no_stem_data,36.3681,48.5542,380.0,,,,,
14943595_03669265_20140101_000000,Forestry Corporation Commercial Estate (NSW),NFSI_EDEN,19330,2014-01-01,2014,149.4359,-36.6926,0.1,1,368.9026,,,no_stem_data,122.3254,39.56,1470.0,,,,,
14943843_03677146_20140101_000000,Forestry Corporation Commercial Estate (NSW),NFSI_EDEN,19322,2014-01-01,2014,149.4384,-36.7715,0.1,1,51.3868,,,no_stem_data,14.4211,33.2314,460.0,,,,,
14943905_03678722_20140101_000000,Forestry Corporation Commercial Estate (NSW),NFSI_EDEN,19319,2014-01-01,2014,149.439,-36.7872,0.1,1,2.5204,,,no_stem_data,0.9926,37.6402,340.0,,,,,
14944404_03694482_20140101_000000,Forestry Corporation Commercial Estate (NSW),NFSI_EDEN,19294,2014-01-01,2014,149.444,-36.9448,0.1,1,1.945,,,no_stem_data,0.615,14.115,530.0,,,,,
14944965_03650317_20140101_000000,Forestry Corporation Commercial Estate (NSW),NFSI_EDEN,19371,2014-01-01,2014,149.4497,-36.5032,0.1,1,35.3289,,,no_stem_data,9.8499,15.9992,610.0,,,,,
14945060_03653465_20140101_000000,Forestry Corporation Commercial Estate (NSW),NFSI_EDEN,19364,2014-01-01,2014,149.4506,-36.5347,0.1,1,24.3275,,,no_stem_data,6.8851,14.269,610.0,,,,,
14945114_03655039_20140101_000000,Forestry Corporation Commercial Estate (NSW),NFSI_EDEN,19360,2014-01-01,2014,149.4511,-36.5504,0.1,1,0.6652,,,no_stem_data,0.1981,0.3744,40.0,,,,,
14945325_03661343_20140101_000000,Forestry Corporation Commercial Estate (NSW),NFSI_EDEN,19346,2014-01-01,2014,149.4532,-36.6134,0.1,1,166.9455,,,no_stem_data,42.6817,38.704,690.0,,,,,
14945413_03664497_20140101_000000,Forestry Corporation Commercial Estate (NSW),NFSI_EDEN,19335,2014-01-01,2014,149.4541,-36.645,0.1,1,8.9836,,,no_stem_data,2.3876,55.6287,70.0,,,,,
14945862_03678685_20140101_000000,Forestry Corporation Commercial Estate (NSW),NFSI_EDEN,19320,2014-01-01,2014,149.4586,-36.7868,0.1,1,238.7368,,,no_stem_data,63.3716,61.0264,700.0,,,,,
14945911_03680253_20140101_000000,Forestry Corporation Commercial Estate (NSW),NFSI_EDEN,19318,2014-01-01,2014,149.4591,-36.8025,0.1,1,542.9005,,,no_stem_data,142.7041,41.1389,1240.0,,,,,
14946060_03684989_20140101_000000,Forestry Corporation Commercial Estate (NSW),NFSI_EDEN,19312,2014-01-01,2014,149.4606,-36.8499,0.1,1,40.2176,,,no_stem_data,11.6351,4.3125,90.0,,,,,
14946919_03650278_20140101_000000,Forestry Corporation Commercial Estate (NSW),NFSI_EDEN,19372,2014-01-01,2014,149.4692,-36.5028,0.1,1,38.5461,,,no_stem_data,12.1641,29.3321,610.0,,,,,
14947024_03653416_20140101_000000,Forestry Corporation Commercial Estate (NSW),NFSI_EDEN,19365,2014-01-01,2014,149.4702,-36.5342,0.1,1,31.7389,,,no_stem_data,9.3985,37.6817,410.0,,,,,
14947917_03681797_20140101_000000,Forestry Corporation Commercial Estate (NSW),NFSI_EDEN,19316,2014-01-01,2014,149.4792,-36.818,0.1,1,68.5013,,,no_stem_data,19.2049,19.9798,130.0,,,,,
14948024_03684949_20140101_000000,Forestry Corporation Commercial Estate (NSW),NFSI_EDEN,19313,2014-01-01,2014,149.4802,-36.8495,0.1,1,53.8068,,,no_stem_data,14.0929,34.1588,270.0,,,,,
14948079_03686515_20140101_000000,Forestry Corporation Commercial Estate (NSW),NFSI_EDEN,19311,2014-01-01,2014,149.4808,-36.8651,0.1,1,145.375,,,no_stem_data,40.1862,63.4639,230.0,,,,,
14948853_03710167_20140101_000000,Forestry Corporation Commercial Estate (NSW),NFSI_EDEN,19238,2014-01-01,2014,149.4885,-37.1017,0.1,1,1.1117,,,no_stem_data,0.3556,17.6909,420.0,,,,,
14948997_03714893_20140101_000000,Forestry Corporation Commercial Estate (NSW),NFSI_EDEN,19200,2014-01-01,2014,149.49,-37.1489,0.1,1,1.2025,,,no_stem_data,0.4623,16.4846,160.0,,,,,
14949272_03722773_20140101_000000,Forestry Corporation Commercial Estate (NSW),NFSI_EDEN,19124,2014-01-01,2014,149.4927,-37.2277,0.1,1,51.0756,,,no_stem_data,15.9373,52.2036,530.0,,,,,
14949311_03724342_20140101_000000,Forestry Corporation Commercial Estate (NSW),NFSI_EDEN,19111,2014-01-01,2014,149.4931,-37.2434,0.1,1,5.9373,,,no_stem_data,2.252,14.7687,690.0,,,,,
14949413_03727488_20140101_000000,Forestry Corporation Commercial Estate (NSW),NFSI_EDEN,19084,2014-01-01,2014,149.4941,-37.2749,0.1,1,28.5461,,,no_stem_data,10.4993,29.5054,490.0,,,,,
14949894_03681755_20140101_000000,Forestry Corporation Commercial Estate (NSW),NFSI_EDEN,19317,2014-01-01,2014,149.4989,-36.8176,0.1,1,4.5859,,,no_stem_data,1.0333,13.8649,180.0,,,,,
14949940_03683329_20140101_000000,Forestry Corporation Commercial Estate (NSW),NFSI_EDEN,19315,2014-01-01,2014,149.4994,-36.8333,0.1,1,38.0188,,,no_stem_data,10.3076,19.2144,110.0,,,,,
14949996_03684900_20140101_000000,Forestry Corporation Commercial Estate (NSW),NFSI_EDEN,19314,2014-01-01,2014,149.5,-36.849,0.1,1,11.9233,,,no_stem_data,3.0917,29.0901,140.0,,,,,
14950918_03713271_20140101_000000,Forestry Corporation Commercial Estate (NSW),NFSI_EDEN,19217,2014-01-01,2014,149.5092,-37.1327,0.1,1,1.1761,,,no_stem_data,0.3763,33.6645,200.0,,,,,
14950970_03714849_20140101_000000,Forestry Corporation Commercial Estate (NSW),NFSI_EDEN,19201,2014-01-01,2014,149.5097,-37.1485,0.1,1,13.6444,,,no_stem_data,3.6287,16.4378,240.0,,,,,
14951231_03722731_20140101_000000,Forestry Corporation Commercial Estate (NSW),NFSI_EDEN,19125,2014-01-01,2014,149.5123,-37.2273,0.1,1,16.9548,,,no_stem_data,5.9043,42.2406,440.0,,,,,
14951280_03724302_20140101_000000,Forestry Corporation Commercial Estate (NSW),NFSI_EDEN,19112,2014-01-01,2014,149.5128,-37.243,0.1,1,73.9178,,,no_stem_data,27.038,24.2695,730.0,,,,,
14951342_03725881_20140101_000000,Forestry Corporation Commercial Estate (NSW),NFSI_EDEN,19096,2014-01-01,2014,149.5134,-37.2588,0.1,1,1.2742,,,no_stem_data,0.4894,20.2299,240.0,,,,,
14951391_03727460_20140101_000000,Forestry Corporation Commercial Estate (NSW),NFSI_EDEN,19085,2014-01-01,2014,149.5139,-37.2746,0.1,1,3.6392,,,no_stem_data,1.3884,26.0309,830.0,,,,,
14951458_03729375_20140101_000000,Forestry Corporation Commercial Estate (NSW),NFSI_EDEN,19074,2014-01-01,2014,149.5146,-37.2938,0.1,1,1.0909,,,no_stem_data,0.4246,15.454,550.0,,,,,
14952786_03710080_20140101_000000,Forestry Corporation Commercial Estate (NSW),NFSI_EDEN,19240,2014-01-01,2014,149.5279,-37.1008,0.1,1,83.1277,,,no_stem_data,25.2628,36.1419,1190.0,,,,,
14952938_03714811_20140101_000000,Forestry Corporation Commercial Estate (NSW),NFSI_EDEN,19202,2014-01-01,2014,149.5294,-37.1481,0.1,1,102.7149,,,no_stem_data,25.0836,53.3613,380.0,,,,,
14952998_03716381_20140101_000000,Forestry Corporation Commercial Estate (NSW),NFSI_EDEN,19187,2014-01-01,2014,149.53,-37.1638,0.1,1,122.5664,,,no_stem_data,30.5383,29.3174,980.0,,,,,
14953363_03727418_20140101_000000,Forestry Corporation Commercial Estate (NSW),NFSI_EDEN,19086,2014-01-01,2014,149.5336,-37.2742,0.1,1,0.525,,,no_stem_data,0.2013,7.6833,80.0,,,,,
14953407_03732161_20140101_000000,Forestry Corporation Commercial Estate (NSW),NFSI_EDEN,19050,2014-01-01,2014,149.5341,-37.3216,0.1,1,1.9489,,,no_stem_data,0.7596,29.2532,1010.0,,,,,
14953415_03728995_20140101_000000,Forestry Corporation Commercial Estate (NSW),NFSI_EDEN,19075,2014-01-01,2014,149.5341,-37.2899,0.1,1,2.915,,,no_stem_data,1.122,38.1119,980.0,,,,,
14953470_03730564_20140101_000000,Forestry Corporation Commercial Estate (NSW),NFSI_EDEN,19061,2014-01-01,2014,149.5347,-37.3056,0.1,1,0.7689,,,no_stem_data,0.3011,16.4152,560.0,,,,,
14954805_03711608_20140101_000000,Forestry Corporation Commercial Estate (NSW),NFSI_EDEN,19233,2014-01-01,2014,149.5481,-37.1161,0.1,1,17.8953,,,no_stem_data,5.1341,36.4143,390.0,,,,,
14954850_03713198_20140101_000000,Forestry Corporation Commercial Estate (NSW),NFSI_EDEN,19218,2014-01-01,2014,149.5485,-37.132,0.1,1,1.5239,,,no_stem_data,0.5316,25.4238,310.0,,,,,
14954917_03714770_20140101_000000,Forestry Corporation Commercial Estate (NSW),NFSI_EDEN,19203,2014-01-01,2014,149.5492,-37.1477,0.1,1,0.2865,,,no_stem_data,0.0905,5.063,40.0,,,,,
14954965_03716338_20140101_000000,Forestry Corporation Commercial Estate (NSW),NFSI_EDEN,19188,2014-01-01,2014,149.5497,-37.1634,0.1,1,28.5293,,,no_stem_data,7.1117,28.2216,440.0,,,,,
14955010_03717918_20140101_000000,Forestry Corporation Commercial Estate (NSW),NFSI_EDEN,19171,2014-01-01,2014,149.5501,-37.1792,0.1,1,74.8713,,,no_stem_data,23.244,28.9266,1200.0,,,,,
14955069_03719494_20140101_000000,Forestry Corporation Commercial Estate (NSW),NFSI_EDEN,19156,2014-01-01,2014,149.5507,-37.1949,0.1,1,107.1855,,,no_stem_data,27.7491,33.5063,480.0,,,,,
14955180_03722647_20140101_000000,Forestry Corporation Commercial Estate (NSW),NFSI_EDEN,19126,2014-01-01,2014,149.5518,-37.2265,0.1,1,6.614,,,no_stem_data,2.2661,32.3251,280.0,,,,,
14955284_03725797_20140101_000000,Forestry Corporation Commercial Estate (NSW),NFSI_EDEN,19097,2014-01-01,2014,149.5528,-37.258,0.1,1,14.5626,,,no_stem_data,5.3934,29.2909,490.0,,,,,
14955331_03727370_20140101_000000,Forestry Corporation Commercial Estate (NSW),NFSI_EDEN,19087,2014-01-01,2014,149.5533,-37.2737,0.1,1,2.2695,,,no_stem_data,0.8685,8.581,340.0,,,,,
14955438_03730525_20140101_000000,Forestry Corporation Commercial Estate (NSW),NFSI_EDEN,19062,2014-01-01,2014,149.5544,-37.3052,0.1,1,0.7403,,,no_stem_data,0.2903,30.2891,610.0,,,,,
14955494_03732102_20140101_000000,Forestry Corporation Commercial Estate (NSW),NFSI_EDEN,19051,2014-01-01,2014,149.5549,-37.321,0.1,1,3.2376,,,no_stem_data,1.2478,22.6785,730.0,,,,,
14955545_03733675_20140101_000000,Forestry Corporation Commercial Estate (NSW),NFSI_EDEN,19039,2014-01-01,2014,149.5554,-37.3367,0.1,1,6.3449,,,no_stem_data,2.3654,11.8085,240.0,,,,,
14956827_03713153_20140101_000000,Forestry Corporation Commercial Estate (NSW),NFSI_EDEN,19219,2014-01-01,2014,149.5683,-37.1315,0.1,1,0.682,,,no_stem_data,0.2712,39.61,180.0,,,,,
14956873_03714712_20140101_000000,Forestry Corporation Commercial Estate (NSW),NFSI_EDEN,19204,2014-01-01,2014,149.5687,-37.1471,0.1,1,198.1357,,,no_stem_data,50.3604,23.5878,1010.0,,,,,
14956924_03716295_20140101_000000,Forestry Corporation Commercial Estate (NSW),NFSI_EDEN,19189,2014-01-01,2014,149.5692,-37.1629,0.1,1,7.9853,,,no_stem_data,2.3828,29.7367,330.0,,,,,
14956983_03717875_20140101_000000,Forestry Corporation Commercial Estate (NSW),NFSI_EDEN,19172,2014-01-01,2014,149.5698,-37.1788,0.1,1,80.5035,,,no_stem_data,21.4643,20.488,320.0,,,,,
14957039_03719452_20140101_000000,Forestry Corporation Commercial Estate (NSW),NFSI_EDEN,19157,2014-01-01,2014,149.5704,-37.1945,0.1,1,95.0101,,,no_stem_data,25.5948,22.0108,560.0,,,,,
14957093_03721025_20140101_000000,Forestry Corporation Commercial Estate (NSW),NFSI_EDEN,19144,2014-01-01,2014,149.5709,-37.2102,0.1,1,3.4393,,,no_stem_data,0.8154,27.5511,880.0,,,,,
14957146_03722604_20140101_000000,Forestry Corporation Commercial Estate (NSW),NFSI_EDEN,19127,2014-01-01,2014,149.5715,-37.226,0.1,1,23.0442,,,no_stem_data,7.2811,15.2081,760.0,,,,,
14957189_03724177_20140101_000000,Forestry Corporation Commercial Estate (NSW),NFSI_EDEN,19113,2014-01-01,2014,149.5719,-37.2418,0.1,1,22.5716,,,no_stem_data,8.3504,16.9564,420.0,,,,,
14957251_03725750_20140101_000000,Forestry Corporation Commercial Estate (NSW),NFSI_EDEN,19098,2014-01-01,2014,149.5725,-37.2575,0.1,1,72.5195,,,no_stem_data,26.3247,29.9119,1130.0,,,,,
14957413_03730485_20140101_000000,Forestry Corporation Commercial Estate (NSW),NFSI_EDEN,19063,2014-01-01,2014,149.5741,-37.3048,0.1,1,0.3134,,,no_stem_data,0.1233,13.2285,340.0,,,,,
14957470_03732058_20140101_000000,Forestry Corporation Commercial Estate (NSW),NFSI_EDEN,19052,2014-01-01,2014,149.5747,-37.3206,0.1,1,1.0945,,,no_stem_data,0.4215,13.1299,230.0,,,,,
14957516_03733639_20140101_000000,Forestry Corporation Commercial Estate (NSW),NFSI_EDEN,19040,2014-01-01,2014,149.5752,-37.3364,0.1,1,27.981,,,no_stem_data,9.9947,13.9275,260.0,,,,,
14958790_03713104_20140101_000000,Forestry Corporation Commercial Estate (NSW),NFSI_EDEN,19220,2014-01-01,2014,149.5879,-37.131,0.1,1,1.3796,,,no_stem_data,0.5077,16.7668,240.0,,,,,
14958862_03714683_20140101_000000,Forestry Corporation Commercial Estate (NSW),NFSI_EDEN,19205,2014-01-01,2014,149.5886,-37.1468,0.1,1,83.5375,,,no_stem_data,23.1314,18.9906,640.0,,,,,
14958904_03716257_20140101_000000,Forestry Corporation Commercial Estate (NSW),NFSI_EDEN,19190,2014-01-01,2014,149.589,-37.1626,0.1,1,6.9975,,,no_stem_data,2.1658,36.4411,670.0,,,,,
14958963_03717827_20140101_000000,Forestry Corporation Commercial Estate (NSW),NFSI_EDEN,19173,2014-01-01,2014,149.5896,-37.1783,0.1,1,71.3033,,,no_stem_data,19.4908,37.521,760.0,,,,,
14959011_03719399_20140101_000000,Forestry Corporation Commercial Estate (NSW),NFSI_EDEN,19158,2014-01-01,2014,149.5901,-37.194,0.1,1,119.569,,,no_stem_data,37.1661,36.985,340.0,,,,,
14959168_03724133_20140101_000000,Forestry Corporation Commercial Estate (NSW),NFSI_EDEN,19114,2014-01-01,2014,149.5917,-37.2413,0.1,1,35.1968,,,no_stem_data,12.8521,24.8053,680.0,,,,,
14959232_03725713_20140101_000000,Forestry Corporation Commercial Estate (NSW),NFSI_EDEN,19099,2014-01-01,2014,149.5923,-37.2571,0.1,1,0.2139,,,no_stem_data,0.0837,5.0268,170.0,,,,,
14959273_03727295_20140101_000000,Forestry Corporation Commercial Estate (NSW),NFSI_EDEN,19088,2014-01-01,2014,149.5927,-37.2729,0.1,1,1.2371,,,no_stem_data,0.479,14.7302,570.0,,,,,
14959329_03728859_20140101_000000,Forestry Corporation Commercial Estate (NSW),NFSI_EDEN,19076,2014-01-01,2014,149.5933,-37.2886,0.1,1,18.0494,,,no_stem_data,6.8205,33.8798,1000.0,,,,,
14959440_03732010_20140101_000000,Forestry Corporation Commercial Estate (NSW),NFSI_EDEN,19053,2014-01-01,2014,149.5944,-37.3201,0.1,1,0.748,,,no_stem_data,0.289,23.0237,200.0,,,,,
14959494_03733587_20140101_000000,Forestry Corporation Commercial Estate (NSW),NFSI_EDEN,19041,2014-01-01,2014,149.5949,-37.3359,0.1,1,32.8796,,,no_stem_data,11.9086,13.2176,120.0,,,,,
14959541_03735162_20140101_000000,Forestry Corporation Commercial Estate (NSW),NFSI_EDEN,19028,2014-01-01,2014,149.5954,-37.3516,0.1,1,0.1019,,,no_stem_data,0.0404,28.3127,180.0,,,,,
14960761_03713060_20140101_000000,Forestry Corporation Commercial Estate (NSW),NFSI_EDEN,19221,2014-01-01,2014,149.6076,-37.1306,0.1,1,2.9539,,,no_stem_data,1.0184,10.3291,360.0,,,,,
14960865_03719369_20140101_000000,Forestry Corporation Commercial Estate (NSW),NFSI_EDEN,19159,2014-01-01,2014,149.6086,-37.1937,0.1,1,38.4447,,,no_stem_data,10.0777,21.2373,470.0,,,,,
14960917_03717784_20140101_000000,Forestry Corporation Commercial Estate (NSW),NFSI_EDEN,19174,2014-01-01,2014,149.6092,-37.1778,0.1,1,0.2878,,,no_stem_data,0.0909,11.0673,40.0,,,,,
14961098_03722509_20140101_000000,Forestry Corporation Commercial Estate (NSW),NFSI_EDEN,19128,2014-01-01,2014,149.611,-37.2251,0.1,1,88.601,,,no_stem_data,28.9203,27.7387,960.0,,,,,
14961136_03724095_20140101_000000,Forestry Corporation Commercial Estate (NSW),NFSI_EDEN,19115,2014-01-01,2014,149.6114,-37.241,0.1,1,41.2854,,,no_stem_data,15.2286,20.7626,480.0,,,,,
14961197_03725662_20140101_000000,Forestry Corporation Commercial Estate (NSW),NFSI_EDEN,19100,2014-01-01,2014,149.612,-37.2566,0.1,1,106.3448,,,no_stem_data,37.2374,33.5495,540.0,,,,,
14961359_03730395_20140101_000000,Forestry Corporation Commercial Estate (NSW),NFSI_EDEN,19064,2014-01-01,2014,149.6136,-37.3039,0.1,1,10.7716,,,no_stem_data,4.0683,36.3653,1110.0,,,,,
14961466_03733544_20140101_000000,Forestry Corporation Commercial Estate (NSW),NFSI_EDEN,19042,2014-01-01,2014,149.6147,-37.3354,0.1,1,0.2755,,,no_stem_data,0.106,11.1367,190.0,,,,,
14961524_03735125_20140101_000000,Forestry Corporation Commercial Estate (NSW),NFSI_EDEN,19029,2014-01-01,2014,149.6152,-37.3513,0.1,1,1.6755,,,no_stem_data,0.6511,26.5617,690.0,,,,,
14962730_03713025_20140101_000000,Forestry Corporation Commercial Estate (NSW),NFSI_EDEN,19222,2014-01-01,2014,149.6273,-37.1303,0.1,1,4.7819,,,no_stem_data,1.6354,29.7224,250.0,,,,,
14962785_03714597_20140101_000000,Forestry Corporation Commercial Estate (NSW),NFSI_EDEN,19206,2014-01-01,2014,149.6278,-37.146,0.1,1,6.7638,,,no_stem_data,2.1492,3.3988,150.0,,,,,
14962839_03716170_20140101_000000,Forestry Corporation Commercial Estate (NSW),NFSI_EDEN,19191,2014-01-01,2014,149.6284,-37.1617,0.1,1,56.4925,,,no_stem_data,14.1943,14.8511,280.0,,,,,
14962894_03717742_20140101_000000,Forestry Corporation Commercial Estate (NSW),NFSI_EDEN,19175,2014-01-01,2014,149.6289,-37.1774,0.1,1,38.0436,,,no_stem_data,10.5425,40.7655,420.0,,,,,
14962949_03719322_20140101_000000,Forestry Corporation Commercial Estate (NSW),NFSI_EDEN,19160,2014-01-01,2014,149.6295,-37.1932,0.1,1,1.0027,,,no_stem_data,0.3262,16.4233,200.0,,,,,
14962995_03720894_20140101_000000,Forestry Corporation Commercial Estate (NSW),NFSI_EDEN,19145,2014-01-01,2014,149.63,-37.2089,0.1,1,0.3145,,,no_stem_data,0.0774,31.1075,320.0,,,,,
14963158_03725619_20140101_000000,Forestry Corporation Commercial Estate (NSW),NFSI_EDEN,19101,2014-01-01,2014,149.6316,-37.2562,0.1,1,3.0572,,,no_stem_data,1.1501,8.8055,140.0,,,,,
14963224_03727197_20140101_000000,Forestry Corporation Commercial Estate (NSW),NFSI_EDEN,19089,2014-01-01,2014,149.6322,-37.272,0.1,1,0.1452,,,no_stem_data,0.0579,23.4532,690.0,,,,,
14963325_03730352_20140101_000000,Forestry Corporation Commercial Estate (NSW),NFSI_EDEN,19065,2014-01-01,2014,149.6333,-37.3035,0.1,1,4.6118,,,no_stem_data,1.7679,36.0334,710.0,,,,,
14963389_03731924_20140101_000000,Forestry Corporation Commercial Estate (NSW),NFSI_EDEN,19054,2014-01-01,2014,149.6339,-37.3192,0.1,1,2.9954,,,no_stem_data,1.1578,28.1703,830.0,,,,,
14963441_03733497_20140101_000000,Forestry Corporation Commercial Estate (NSW),NFSI_EDEN,19043,2014-01-01,2014,149.6344,-37.335,0.1,1,28.8003,,,no_stem_data,10.2488,2.4516,90.0,,,,,
14963491_03735082_20140101_000000,Forestry Corporation Commercial Estate (NSW),NFSI_EDEN,19030,2014-01-01,2014,149.6349,-37.3508,0.1,1,15.9502,,,no_stem_data,5.9551,23.3814,680.0,,,,,
14963544_03736648_20140101_000000,Forestry Corporation Commercial Estate (NSW),NFSI_EDEN,19019,2014-01-01,2014,149.6354,-37.3665,0.1,1,81.0306,,,no_stem_data,29.7359,12.8949,640.0,,,,,
14964754_03714550_20140101_000000,Forestry Corporation Commercial Estate (NSW),NFSI_EDEN,19207,2014-01-01,2014,149.6475,-37.1455,0.1,1,89.2841,,,no_stem_data,25.1043,41.5958,960.0,,,,,
14964808_03716129_20140101_000000,Forestry Corporation Commercial Estate (NSW),NFSI_EDEN,19192,2014-01-01,2014,149.6481,-37.1613,0.1,1,21.9526,,,no_stem_data,6.6568,32.7305,290.0,,,,,
14964969_03720844_20140101_000000,Forestry Corporation Commercial Estate (NSW),NFSI_EDEN,19146,2014-01-01,2014,149.6497,-37.2084,0.1,1,2.656,,,no_stem_data,0.7049,29.3443,1300.0,,,,,
14965025_03722432_20140101_000000,Forestry Corporation Commercial Estate (NSW),NFSI_EDEN,19129,2014-01-01,2014,149.6503,-37.2243,0.1,1,10.8041,,,no_stem_data,3.5925,20.0433,710.0,,,,,
14965135_03725575_20140101_000000,Forestry Corporation Commercial Estate (NSW),NFSI_EDEN,19102,2014-01-01,2014,149.6514,-37.2557,0.1,1,11.1007,,,no_stem_data,4.1451,37.2358,470.0,,,,,
14965248_03728733_20140101_000000,Forestry Corporation Commercial Estate (NSW),NFSI_EDEN,19077,2014-01-01,2014,149.6525,-37.2873,0.1,1,7.9103,,,no_stem_data,2.9906,18.4733,470.0,,,,,
14965303_03730295_20140101_000000,Forestry Corporation Commercial Estate (NSW),NFSI_EDEN,19066,2014-01-01,2014,149.653,-37.3029,0.1,1,7.2437,,,no_stem_data,2.7772,35.6769,1480.0,,,,,
14965414_03733459_20140101_000000,Forestry Corporation Commercial Estate (NSW),NFSI_EDEN,19044,2014-01-01,2014,149.6541,-37.3346,0.1,1,4.0258,,,no_stem_data,1.5034,22.6734,400.0,,,,,
14965468_03735024_20140101_000000,Forestry Corporation Commercial Estate (NSW),NFSI_EDEN,19031,2014-01-01,2014,149.6547,-37.3502,0.1,1,154.4825,,,no_stem_data,54.9554,44.5862,980.0,,,,,
14965507_03736612_20140101_000000,Forestry Corporation Commercial Estate (NSW),NFSI_EDEN,19020,2014-01-01,2014,149.6551,-37.3661,0.1,1,15.013,,,no_stem_data,5.6369,37.3507,1380.0,,,,,
14966670_03712926_20140101_000000,Forestry Corporation Commercial Estate (NSW),NFSI_EDEN,19223,2014-01-01,2014,149.6667,-37.1293,0.1,1,22.0138,,,no_stem_data,6.2378,49.6271,190.0,,,,,
14966828_03717665_20140101_000000,Forestry Corporation Commercial Estate (NSW),NFSI_EDEN,19176,2014-01-01,2014,149.6683,-37.1766,0.1,1,92.3361,,,no_stem_data,25.9386,42.8834,920.0,,,,,
14966883_03719235_20140101_000000,Forestry Corporation Commercial Estate (NSW),NFSI_EDEN,19161,2014-01-01,2014,149.6688,-37.1923,0.1,1,0.8037,,,no_stem_data,0.262,54.495,210.0,,,,,
14966947_03720807_20140101_000000,Forestry Corporation Commercial Estate (NSW),NFSI_EDEN,19147,2014-01-01,2014,149.6695,-37.2081,0.1,1,22.7855,,,no_stem_data,5.5946,36.5223,800.0,,,,,
14966996_03722382_20140101_000000,Forestry Corporation Commercial Estate (NSW),NFSI_EDEN,19130,2014-01-01,2014,149.67,-37.2238,0.1,1,1.0024,,,no_stem_data,0.2466,28.7205,1020.0,,,,,
14967045_03723954_20140101_000000,Forestry Corporation Commercial Estate (NSW),NFSI_EDEN,19116,2014-01-01,2014,149.6705,-37.2395,0.1,1,63.4211,,,no_stem_data,23.0892,29.5874,270.0,,,,,
14967446_03734992_20140101_000000,Forestry Corporation Commercial Estate (NSW),NFSI_EDEN,19032,2014-01-01,2014,149.6745,-37.3499,0.1,1,69.6587,,,no_stem_data,25.2063,11.4274,440.0,,,,,
14967501_03736562_20140101_000000,Forestry Corporation Commercial Estate (NSW),NFSI_EDEN,19021,2014-01-01,2014,149.675,-37.3656,0.1,1,418.0386,,,no_stem_data,150.2568,25.8605,710.0,,,,,
14967554_03738139_20140101_000000,Forestry Corporation Commercial Estate (NSW),NFSI_EDEN,19013,2014-01-01,2014,149.6755,-37.3814,0.1,1,12.4065,,,no_stem_data,4.6895,29.928,700.0,,,,,
14968620_03712883_20140101_000000,Forestry Corporation Commercial Estate (NSW),NFSI_EDEN,19224,2014-01-01,2014,149.6862,-37.1288,0.1,1,5.482,,,no_stem_data,2.0267,28.0634,580.0,,,,,
14968689_03714458_20140101_000000,Forestry Corporation Commercial Estate (NSW),NFSI_EDEN,19209,2014-01-01,2014,149.6869,-37.1446,0.1,1,0.0601,,,no_stem_data,0.0244,2.7432,10.0,,,,,
14968751_03716031_20140101_000000,Forestry Corporation Commercial Estate (NSW),NFSI_EDEN,19193,2014-01-01,2014,149.6875,-37.1603,0.1,1,120.7857,,,no_stem_data,29.6786,60.9032,210.0,,,,,
14968967_03722337_20140101_000000,Forestry Corporation Commercial Estate (NSW),NFSI_EDEN,19131,2014-01-01,2014,149.6897,-37.2234,0.1,1,0.2681,,,no_stem_data,0.0636,17.0598,50.0,,,,,
14969085_03725489_20140101_000000,Forestry Corporation Commercial Estate (NSW),NFSI_EDEN,19103,2014-01-01,2014,149.6908,-37.2549,0.1,1,29.8573,,,no_stem_data,10.9765,22.0716,530.0,,,,,
14969195_03728638_20140101_000000,Forestry Corporation Commercial Estate (NSW),NFSI_EDEN,19078,2014-01-01,2014,149.6919,-37.2864,0.1,1,5.7153,,,no_stem_data,2.1867,41.9459,760.0,,,,,
14969304_03731798_20140101_000000,Forestry Corporation Commercial Estate (NSW),NFSI_EDEN,19056,2014-01-01,2014,149.693,-37.318,0.1,1,0.8496,,,no_stem_data,0.335,37.0945,1210.0,,,,,
14969475_03736522_20140101_000000,Forestry Corporation Commercial Estate (NSW),NFSI_EDEN,19022,2014-01-01,2014,149.6948,-37.3652,0.1,1,227.0841,,,no_stem_data,80.6852,24.2962,160.0,,,,,
14969526_03738094_20140101_000000,Forestry Corporation Commercial Estate (NSW),NFSI_EDEN,19014,2014-01-01,2014,149.6953,-37.3809,0.1,1,4.9381,,,no_stem_data,1.8693,34.0937,390.0,,,,,
14969819_03690780_20140101_000000,Forestry Corporation Commercial Estate (NSW),NFSI_EDEN,19301,2014-01-01,2014,149.6982,-36.9078,0.1,1,182.5848,,,no_stem_data,50.2465,30.443,300.0,,,,,
14969986_03695506_20140101_000000,Forestry Corporation Commercial Estate (NSW),NFSI_EDEN,19289,2014-01-01,2014,149.6999,-36.9551,0.1,1,1.42,,,no_stem_data,0.3414,44.423,250.0,,,,,
14970878_03720719_20140101_000000,Forestry Corporation Commercial Estate (NSW),NFSI_EDEN,19148,2014-01-01,2014,149.7088,-37.2072,0.1,1,12.6295,,,no_stem_data,2.8953,16.3024,490.0,,,,,
14970933_03722304_20140101_000000,Forestry Corporation Commercial Estate (NSW),NFSI_EDEN,19132,2014-01-01,2014,149.7093,-37.223,0.1,1,4.5336,,,no_stem_data,1.0809,30.2291,1120.0,,,,,
14971053_03725438_20140101_000000,Forestry Corporation Commercial Estate (NSW),NFSI_EDEN,19104,2014-01-01,2014,149.7105,-37.2544,0.1,1,49.2089,,,no_stem_data,18.115,44.9188,660.0,,,,,
14971163_03728593_20140101_000000,Forestry Corporation Commercial Estate (NSW),NFSI_EDEN,19079,2014-01-01,2014,149.7116,-37.2859,0.1,1,4.1339,,,no_stem_data,1.5761,18.346,420.0,,,,,
14971392_03734900_20140101_000000,Forestry Corporation Commercial Estate (NSW),NFSI_EDEN,19033,2014-01-01,2014,149.7139,-37.349,0.1,1,8.4573,,,no_stem_data,3.1729,31.0841,550.0,,,,,
14971887_03693895_20140101_000000,Forestry Corporation Commercial Estate (NSW),NFSI_EDEN,19295,2014-01-01,2014,149.7189,-36.939,0.1,1,28.8302,,,no_stem_data,10.5839,17.6999,340.0,,,,,
14971949_03695462_20140101_000000,Forestry Corporation Commercial Estate (NSW),NFSI_EDEN,19290,2014-01-01,2014,149.7195,-36.9546,0.1,1,0.2857,,,no_stem_data,0.0906,32.916,130.0,,,,,
14972908_03722252_20140101_000000,Forestry Corporation Commercial Estate (NSW),NFSI_EDEN,19133,2014-01-01,2014,149.7291,-37.2225,0.1,1,1.3611,,,no_stem_data,0.3215,20.0797,210.0,,,,,
14973031_03725390_20140101_000000,Forestry Corporation Commercial Estate (NSW),NFSI_EDEN,19105,2014-01-01,2014,149.7303,-37.2539,0.1,1,71.7982,,,no_stem_data,26.2002,41.8721,400.0,,,,,
14973081_03726977_20140101_000000,Forestry Corporation Commercial Estate (NSW),NFSI_EDEN,19091,2014-01-01,2014,149.7308,-37.2698,0.1,1,0.6697,,,no_stem_data,0.2606,18.4875,520.0,,,,,
14973140_03728557_20140101_000000,Forestry Corporation Commercial Estate (NSW),NFSI_EDEN,19080,2014-01-01,2014,149.7314,-37.2856,0.1,1,25.1797,,,no_stem_data,9.4137,28.6031,690.0,,,,,
14973423_03736431_20140101_000000,Forestry Corporation Commercial Estate (NSW),NFSI_EDEN,19023,2014-01-01,2014,149.7342,-37.3643,0.1,1,345.8469,,,no_stem_data,117.8334,33.2435,410.0,,,,,
14973535_03739578_20140101_000000,Forestry Corporation Commercial Estate (NSW),NFSI_EDEN,19006,2014-01-01,2014,149.7354,-37.3958,0.1,1,2.2859,,,no_stem_data,0.8726,22.7271,250.0,,,,,
14973801_03692263_20140101_000000,Forestry Corporation Commercial Estate (NSW),NFSI_EDEN,19298,2014-01-01,2014,149.738,-36.9226,0.1,1,1.1151,,,no_stem_data,0.2661,46.1336,320.0,,,,,
14973853_03693844_20140101_000000,Forestry Corporation Commercial Estate (NSW),NFSI_EDEN,19296,2014-01-01,2014,149.7385,-36.9384,0.1,1,56.3387,,,no_stem_data,20.6764,17.3648,470.0,,,,,
14973912_03695418_20140101_000000,Forestry Corporation Commercial Estate (NSW),NFSI_EDEN,19291,2014-01-01,2014,149.7391,-36.9542,0.1,1,130.0222,,,no_stem_data,33.7813,32.3915,270.0,,,,,
14974762_03719057_20140101_000000,Forestry Corporation Commercial Estate (NSW),NFSI_EDEN,19162,2014-01-01,2014,149.7476,-37.1906,0.1,1,403.9333,,,no_stem_data,110.9673,22.916,1360.0,,,,,
14974819_03720626_20140101_000000,Forestry Corporation Commercial Estate (NSW),NFSI_EDEN,19149,2014-01-01,2014,149.7482,-37.2063,0.1,1,16.3978,,,no_stem_data,4.2732,41.9699,1080.0,,,,,
14974885_03722201_20140101_000000,Forestry Corporation Commercial Estate (NSW),NFSI_EDEN,19134,2014-01-01,2014,149.7488,-37.222,0.1,1,4.0141,,,no_stem_data,0.9424,20.7486,510.0,,,,,
14974936_03723779_20140101_000000,Forestry Corporation Commercial Estate (NSW),NFSI_EDEN,19118,2014-01-01,2014,149.7494,-37.2378,0.1,1,37.981,,,no_stem_data,14.0299,33.1552,630.0,,,,,
14974992_03725351_20140101_000000,Forestry Corporation Commercial Estate (NSW),NFSI_EDEN,19106,2014-01-01,2014,149.7499,-37.2535,0.1,1,12.5361,,,no_stem_data,4.6598,17.2368,900.0,,,,,
14975273_03733244_20140101_000000,Forestry Corporation Commercial Estate (NSW),NFSI_EDEN,19045,2014-01-01,2014,149.7527,-37.3324,0.1,1,3.2414,,,no_stem_data,1.221,18.4782,350.0,,,,,
14975394_03736387_20140101_000000,Forestry Corporation Commercial Estate (NSW),NFSI_EDEN,19024,2014-01-01,2014,149.7539,-37.3639,0.1,1,58.8014,,,no_stem_data,21.7042,27.6356,1400.0,,,,,
14975455_03737958_20140101_000000,Forestry Corporation Commercial Estate (NSW),NFSI_EDEN,19015,2014-01-01,2014,149.7545,-37.3796,0.1,1,528.9729,,,no_stem_data,170.9051,25.6315,430.0,,,,,
14975514_03739547_20140101_000000,Forestry Corporation Commercial Estate (NSW),NFSI_EDEN,19007,2014-01-01,2014,149.7551,-37.3955,0.1,1,9.4166,,,no_stem_data,3.5894,46.8211,950.0,,,,,
14975566_03741114_20140101_000000,Forestry Corporation Commercial Estate (NSW),NFSI_EDEN,19003,2014-01-01,2014,149.7557,-37.4111,0.1,1,2.0965,,,no_stem_data,0.802,31.4153,410.0,,,,,
14975699_03690645_20140101_000000,Forestry Corporation Commercial Estate (NSW),NFSI_EDEN,19302,2014-01-01,2014,149.757,-36.9064,0.1,1,29.5153,,,no_stem_data,10.4437,11.8262,90.0,,,,,
14976213_03704828_20140101_000000,Forestry Corporation Commercial Estate (NSW),NFSI_EDEN,19260,2014-01-01,2014,149.7621,-37.0483,0.1,1,3.2858,,,no_stem_data,1.2226,45.5439,130.0,,,,,
14976271_03706399_20140101_000000,Forestry Corporation Commercial Estate (NSW),NFSI_EDEN,19252,2014-01-01,2014,149.7627,-37.064,0.1,1,27.2098,,,no_stem_data,7.5348,68.2498,400.0,,,,,
14976337_03707975_20140101_000000,Forestry Corporation Commercial Estate (NSW),NFSI_EDEN,19247,2014-01-01,2014,149.7634,-37.0798,0.1,1,24.568,,,no_stem_data,7.2033,48.725,360.0,,,,,
14976395_03709560_20140101_000000,Forestry Corporation Commercial Estate (NSW),NFSI_EDEN,19241,2014-01-01,2014,149.7639,-37.0956,0.1,1,0.3552,,,no_stem_data,0.1127,27.396,200.0,,,,,
14976670_03717436_20140101_000000,Forestry Corporation Commercial Estate (NSW),NFSI_EDEN,19177,2014-01-01,2014,149.7667,-37.1744,0.1,1,174.4662,,,no_stem_data,45.3802,16.9182,1250.0,,,,,
14976860_03722174_20140101_000000,Forestry Corporation Commercial Estate (NSW),NFSI_EDEN,19135,2014-01-01,2014,149.7686,-37.2217,0.1,1,2.5278,,,no_stem_data,0.6052,37.2237,850.0,,,,,
14976909_03723730_20140101_000000,Forestry Corporation Commercial Estate (NSW),NFSI_EDEN,19119,2014-01-01,2014,149.7691,-37.2373,0.1,1,17.7721,,,no_stem_data,6.6115,9.929,350.0,,,,,
14976967_03725308_20140101_000000,Forestry Corporation Commercial Estate (NSW),NFSI_EDEN,19107,2014-01-01,2014,149.7697,-37.2531,0.1,1,55.945,,,no_stem_data,20.1811,30.1531,870.0,,,,,
14977142_03730039_20140101_000000,Forestry Corporation Commercial Estate (NSW),NFSI_EDEN,19068,2014-01-01,2014,149.7714,-37.3004,0.1,1,8.037,,,no_stem_data,3.0539,32.8021,1100.0,,,,,
14977197_03731605_20140101_000000,Forestry Corporation Commercial Estate (NSW),NFSI_EDEN,19057,2014-01-01,2014,149.772,-37.316,0.1,1,0.3084,,,no_stem_data,0.1222,34.7211,720.0,,,,,
14977297_03734760_20140101_000000,Forestry Corporation Commercial Estate (NSW),NFSI_EDEN,19034,2014-01-01,2014,149.773,-37.3476,0.1,1,78.241,,,no_stem_data,28.4114,25.9671,1410.0,,,,,
14977485_03739488_20140101_000000,Forestry Corporation Commercial Estate (NSW),NFSI_EDEN,19008,2014-01-01,2014,149.7748,-37.3949,0.1,1,1.414,,,no_stem_data,0.5424,29.5331,220.0,,,,,
14977600_03742642_20140101_000000,Forestry Corporation Commercial Estate (NSW),NFSI_EDEN,19001,2014-01-01,2014,149.776,-37.4264,0.1,1,0.1613,,,no_stem_data,0.0641,32.61,300.0,,,,,
14977682_03690919_20140101_000000,Forestry Corporation Commercial Estate (NSW),NFSI_EDEN,19303,2014-01-01,2014,149.7768,-36.9092,0.1,1,287.1335,,,no_stem_data,93.5116,27.0822,1440.0,,,,,
14977729_03692172_20140101_000000,Forestry Corporation Commercial Estate (NSW),NFSI_EDEN,19299,2014-01-01,2014,149.7773,-36.9217,0.1,1,7.536,,,no_stem_data,2.0356,39.389,630.0,,,,,
14977899_03696899_20140101_000000,Forestry Corporation Commercial Estate (NSW),NFSI_EDEN,19285,2014-01-01,2014,149.779,-36.969,0.1,1,1.6053,,,no_stem_data,0.4078,10.7591,50.0,,,,,
14977958_03698469_20140101_000000,Forestry Corporation Commercial Estate (NSW),NFSI_EDEN,19279,2014-01-01,2014,149.7796,-36.9847,0.1,1,87.8995,,,no_stem_data,23.8159,6.5228,470.0,,,,,
14978245_03706357_20140101_000000,Forestry Corporation Commercial Estate (NSW),NFSI_EDEN,19253,2014-01-01,2014,149.7824,-37.0636,0.1,1,2.7455,,,no_stem_data,0.8392,41.6677,280.0,,,,,
14978298_03707930_20140101_000000,Forestry Corporation Commercial Estate (NSW),NFSI_EDEN,19248,2014-01-01,2014,149.783,-37.0793,0.1,1,8.1951,,,no_stem_data,2.3045,24.5621,220.0,,,,,
14978359_03709505_20140101_000000,Forestry Corporation Commercial Estate (NSW),NFSI_EDEN,19242,2014-01-01,2014,149.7836,-37.0951,0.1,1,1.7639,,,no_stem_data,0.5581,36.9551,470.0,,,,,
14978451_03712660_20140101_000000,Forestry Corporation Commercial Estate (NSW),NFSI_EDEN,19226,2014-01-01,2014,149.7845,-37.1266,0.1,1,97.6274,,,no_stem_data,26.4838,20.1556,450.0,,,,,
14978587_03715807_20140101_000000,Forestry Corporation Commercial Estate (NSW),NFSI_EDEN,19194,2014-01-01,2014,149.7859,-37.1581,0.1,1,125.7121,,,no_stem_data,33.3394,34.2703,370.0,,,,,
14978708_03718960_20140101_000000,Forestry Corporation Commercial Estate (NSW),NFSI_EDEN,19164,2014-01-01,2014,149.7871,-37.1896,0.1,1,226.5848,,,no_stem_data,64.8684,30.0232,1350.0,,,,,
14978760_03720542_20140101_000000,Forestry Corporation Commercial Estate (NSW),NFSI_EDEN,19150,2014-01-01,2014,149.7876,-37.2054,0.1,1,111.007,,,no_stem_data,30.1546,22.1635,890.0,,,,,
14978815_03722112_20140101_000000,Forestry Corporation Commercial Estate (NSW),NFSI_EDEN,19136,2014-01-01,2014,149.7882,-37.2211,0.1,1,0.8128,,,no_stem_data,0.1983,27.7806,630.0,,,,,
14978872_03723682_20140101_000000,Forestry Corporation Commercial Estate (NSW),NFSI_EDEN,19120,2014-01-01,2014,149.7887,-37.2368,0.1,1,1.6947,,,no_stem_data,0.6583,20.8118,690.0,,,,,
14978948_03725259_20140101_000000,Forestry Corporation Commercial Estate (NSW),NFSI_EDEN,19108,2014-01-01,2014,149.7895,-37.2526,0.1,1,85.9512,,,no_stem_data,31.0985,31.9328,1320.0,,,,,
14979050_03728408_20140101_000000,Forestry Corporation Commercial Estate (NSW),NFSI_EDEN,19081,2014-01-01,2014,149.7905,-37.2841,0.1,1,98.2748,,,no_stem_data,35.3352,33.5381,1160.0,,,,,
14979113_03729989_20140101_000000,Forestry Corporation Commercial Estate (NSW),NFSI_EDEN,19069,2014-01-01,2014,149.7911,-37.2999,0.1,1,63.6997,,,no_stem_data,23.3414,19.0671,440.0,,,,,
14979170_03731572_20140101_000000,Forestry Corporation Commercial Estate (NSW),NFSI_EDEN,19058,2014-01-01,2014,149.7917,-37.3157,0.1,1,0.258,,,no_stem_data,0.1015,13.5447,300.0,,,,,
14979226_03733138_20140101_000000,Forestry Corporation Commercial Estate (NSW),NFSI_EDEN,19046,2014-01-01,2014,149.7923,-37.3314,0.1,1,2.8958,,,no_stem_data,1.0853,4.9396,90.0,,,,,
14979285_03734716_20140101_000000,Forestry Corporation Commercial Estate (NSW),NFSI_EDEN,19035,2014-01-01,2014,149.7929,-37.3472,0.1,1,174.1199,,,no_stem_data,60.1328,19.4407,280.0,,,,,
14979333_03736291_20140101_000000,Forestry Corporation Commercial Estate (NSW),NFSI_EDEN,19025,2014-01-01,2014,149.7933,-37.3629,0.1,1,50.9164,,,no_stem_data,18.7323,29.2717,1210.0,,,,,
14979400_03737860_20140101_000000,Forestry Corporation Commercial Estate (NSW),NFSI_EDEN,19016,2014-01-01,2014,149.794,-37.3786,0.1,1,557.8778,,,no_stem_data,197.1215,55.492,550.0,,,,,
14979460_03739440_20140101_000000,Forestry Corporation Commercial Estate (NSW),NFSI_EDEN,19009,2014-01-01,2014,149.7946,-37.3944,0.1,1,4.0066,,,no_stem_data,1.5333,37.1627,530.0,,,,,
14979518_03741015_20140101_000000,Forestry Corporation Commercial Estate (NSW),NFSI_EDEN,19004,2014-01-01,2014,149.7952,-37.4102,0.1,1,2.4087,,,no_stem_data,0.9197,26.4087,270.0,,,,,
14979544_03687399_20140101_000000,Forestry Corporation Commercial Estate (NSW),NFSI_EDEN,19308,2014-01-01,2014,149.7954,-36.874,0.1,1,1.3177,,,no_stem_data,0.4177,22.2409,550.0,,,,,
14979571_03688978_20140101_000000,Forestry Corporation Commercial Estate (NSW),NFSI_EDEN,19306,2014-01-01,2014,149.7957,-36.8898,0.1,1,4.358,,,no_stem_data,1.6524,51.8984,330.0,,,,,
14979580_03742592_20140101_000000,Forestry Corporation Commercial Estate (NSW),NFSI_EDEN,19002,2014-01-01,2014,149.7958,-37.4259,0.1,1,0.2468,,,no_stem_data,0.0975,55.026,320.0,,,,,
14979631_03690548_20140101_000000,Forestry Corporation Commercial Estate (NSW),NFSI_EDEN,19304,2014-01-01,2014,149.7963,-36.9055,0.1,1,4.6269,,,no_stem_data,1.0839,51.4251,530.0,,,,,
14979690_03692125_20140101_000000,Forestry Corporation Commercial Estate (NSW),NFSI_EDEN,19300,2014-01-01,2014,149.7969,-36.9212,0.1,1,12.4159,,,no_stem_data,4.5333,41.1302,450.0,,,,,
14980030_03701582_20140101_000000,Forestry Corporation Commercial Estate (NSW),NFSI_EDEN,19271,2014-01-01,2014,149.8003,-37.0158,0.1,1,14.4459,,,no_stem_data,4.4022,37.6534,720.0,,,,,
14980208_03706306_20140101_000000,Forestry Corporation Commercial Estate (NSW),NFSI_EDEN,19254,2014-01-01,2014,149.8021,-37.0631,0.1,1,7.1666,,,no_stem_data,2.168,40.127,950.0,,,,,
14980324_03709458_20140101_000000,Forestry Corporation Commercial Estate (NSW),NFSI_EDEN,19243,2014-01-01,2014,149.8032,-37.0946,0.1,1,39.841,,,no_stem_data,10.9276,23.3318,440.0,,,,,
14980439_03712607_20140101_000000,Forestry Corporation Commercial Estate (NSW),NFSI_EDEN,19227,2014-01-01,2014,149.8044,-37.1261,0.1,1,36.5782,,,no_stem_data,11.2431,23.0892,750.0,,,,,
14980495_03714181_20140101_000000,Forestry Corporation Commercial Estate (NSW),NFSI_EDEN,19211,2014-01-01,2014,149.8049,-37.1418,0.1,1,7.1373,,,no_stem_data,1.6976,5.8244,160.0,,,,,
14980611_03717346_20140101_000000,Forestry Corporation Commercial Estate (NSW),NFSI_EDEN,19179,2014-01-01,2014,149.8061,-37.1735,0.1,1,19.7039,,,no_stem_data,6.3919,29.1629,1170.0,,,,,
14980681_03718909_20140101_000000,Forestry Corporation Commercial Estate (NSW),NFSI_EDEN,19165,2014-01-01,2014,149.8068,-37.1891,0.1,1,130.2059,,,no_stem_data,33.8814,16.6498,590.0,,,,,
14980729_03720483_20140101_000000,Forestry Corporation Commercial Estate (NSW),NFSI_EDEN,19151,2014-01-01,2014,149.8073,-37.2048,0.1,1,579.7031,,,no_stem_data,156.3878,30.9706,1520.0,,,,,
14980797_03722063_20140101_000000,Forestry Corporation Commercial Estate (NSW),NFSI_EDEN,19137,2014-01-01,2014,149.808,-37.2206,0.1,1,0.6982,,,no_stem_data,0.1683,32.1979,270.0,,,,,
14980847_03723636_20140101_000000,Forestry Corporation Commercial Estate (NSW),NFSI_EDEN,19121,2014-01-01,2014,149.8085,-37.2364,0.1,1,19.2718,,,no_stem_data,7.2151,40.0289,1720.0,,,,,
14980966_03726781_20140101_000000,Forestry Corporation Commercial Estate (NSW),NFSI_EDEN,19092,2014-01-01,2014,149.8097,-37.2678,0.1,1,3.6006,,,no_stem_data,1.3827,37.8379,1350.0,,,,,
14981200_03733093_20140101_000000,Forestry Corporation Commercial Estate (NSW),NFSI_EDEN,19047,2014-01-01,2014,149.812,-37.3309,0.1,1,67.1466,,,no_stem_data,24.7561,20.304,960.0,,,,,
14981266_03734670_20140101_000000,Forestry Corporation Commercial Estate (NSW),NFSI_EDEN,19036,2014-01-01,2014,149.8127,-37.3467,0.1,1,7.1782,,,no_stem_data,2.652,17.337,480.0,,,,,
14981319_03736244_20140101_000000,Forestry Corporation Commercial Estate (NSW),NFSI_EDEN,19026,2014-01-01,2014,149.8132,-37.3624,0.1,1,1.7276,,,no_stem_data,0.6576,19.7585,940.0,,,,,
14981374_03737817_20140101_000000,Forestry Corporation Commercial Estate (NSW),NFSI_EDEN,19017,2014-01-01,2014,149.8137,-37.3782,0.1,1,19.9439,,,no_stem_data,7.4201,28.9832,430.0,,,,,
14981478_03687353_20140101_000000,Forestry Corporation Commercial Estate (NSW),NFSI_EDEN,19309,2014-01-01,2014,149.8148,-36.8735,0.1,1,31.1379,,,no_stem_data,9.3905,26.4801,690.0,,,,,
14981537_03688928_20140101_000000,Forestry Corporation Commercial Estate (NSW),NFSI_EDEN,19307,2014-01-01,2014,149.8154,-36.8893,0.1,1,3.9913,,,no_stem_data,1.4519,18.3916,880.0,,,,,
14981594_03690507_20140101_000000,Forestry Corporation Commercial Estate (NSW),NFSI_EDEN,19305,2014-01-01,2014,149.8159,-36.9051,0.1,1,13.6856,,,no_stem_data,4.7361,30.6726,1210.0,,,,,
14981883_03698380_20140101_000000,Forestry Corporation Commercial Estate (NSW),NFSI_EDEN,19280,2014-01-01,2014,149.8188,-36.9838,0.1,1,5.2446,,,no_stem_data,1.5598,32.7946,650.0,,,,,
14982168_03706269_20140101_000000,Forestry Corporation Commercial Estate (NSW),NFSI_EDEN,19255,2014-01-01,2014,149.8217,-37.0627,0.1,1,0.9441,,,no_stem_data,0.2986,12.2983,200.0,,,,,
14982232_03707839_20140101_000000,Forestry Corporation Commercial Estate (NSW),NFSI_EDEN,19249,2014-01-01,2014,149.8223,-37.0784,0.1,1,7.1902,,,no_stem_data,2.0435,20.7481,220.0,,,,,
14982289_03709412_20140101_000000,Forestry Corporation Commercial Estate (NSW),NFSI_EDEN,19244,2014-01-01,2014,149.8229,-37.0941,0.1,1,17.1635,,,no_stem_data,5.3348,25.7511,260.0,,,,,
14982429_03712529_20140101_000000,Forestry Corporation Commercial Estate (NSW),NFSI_EDEN,19228,2014-01-01,2014,149.8243,-37.1253,0.1,1,197.7863,,,no_stem_data,53.5974,43.9871,1150.0,,,,,
14982585_03717290_20140101_000000,Forestry Corporation Commercial Estate (NSW),NFSI_EDEN,19180,2014-01-01,2014,149.8258,-37.1729,0.1,1,80.0659,,,no_stem_data,21.4441,29.4098,370.0,,,,,
14982649_03718864_20140101_000000,Forestry Corporation Commercial Estate (NSW),NFSI_EDEN,19166,2014-01-01,2014,149.8265,-37.1886,0.1,1,396.3447,,,no_stem_data,97.8332,30.3978,960.0,,,,,
14982703_03720437_20140101_000000,Forestry Corporation Commercial Estate (NSW),NFSI_EDEN,19152,2014-01-01,2014,149.827,-37.2044,0.1,1,79.7696,,,no_stem_data,21.9195,21.8744,660.0,,,,,
14982762_03722012_20140101_000000,Forestry Corporation Commercial Estate (NSW),NFSI_EDEN,19138,2014-01-01,2014,149.8276,-37.2201,0.1,1,0.6884,,,no_stem_data,0.1659,19.9769,260.0,,,,,
14983055_03729893_20140101_000000,Forestry Corporation Commercial Estate (NSW),NFSI_EDEN,19070,2014-01-01,2014,149.8305,-37.2989,0.1,1,6.7673,,,no_stem_data,2.5541,22.5389,410.0,,,,,
14983166_03733041_20140101_000000,Forestry Corporation Commercial Estate (NSW),NFSI_EDEN,19048,2014-01-01,2014,149.8317,-37.3304,0.1,1,7.9794,,,no_stem_data,2.954,47.2906,850.0,,,,,
14983234_03734625_20140101_000000,Forestry Corporation Commercial Estate (NSW),NFSI_EDEN,19037,2014-01-01,2014,149.8323,-37.3463,0.1,1,34.0538,,,no_stem_data,12.4525,64.0121,970.0,,,,,
14983280_03736197_20140101_000000,Forestry Corporation Commercial Estate (NSW),NFSI_EDEN,19027,2014-01-01,2014,149.8328,-37.362,0.1,1,0.6382,,,no_stem_data,0.2519,29.0655,790.0,,,,,
14983330_03737767_20140101_000000,Forestry Corporation Commercial Estate (NSW),NFSI_EDEN,19018,2014-01-01,2014,149.8333,-37.3777,0.1,1,19.6343,,,no_stem_data,7.2369,38.9404,240.0,,,,,
14983414_03739349_20140101_000000,Forestry Corporation Commercial Estate (NSW),NFSI_EDEN,19011,2014-01-01,2014,149.8341,-37.3935,0.1,1,2.3877,,,no_stem_data,0.9136,33.8559,310.0,,,,,
14983729_03695186_20140101_000000,Forestry Corporation Commercial Estate (NSW),NFSI_EDEN,19292,2014-01-01,2014,149.8373,-36.9519,0.1,1,41.1428,,,no_stem_data,11.2938,15.5944,300.0,,,,,
14983837_03698339_20140101_000000,Forestry Corporation Commercial Estate (NSW),NFSI_EDEN,19281,2014-01-01,2014,149.8384,-36.9834,0.1,1,2.1021,,,no_stem_data,0.6633,35.5778,280.0,,,,,
14984019_03703063_20140101_000000,Forestry Corporation Commercial Estate (NSW),NFSI_EDEN,19266,2014-01-01,2014,149.8402,-37.0306,0.1,1,55.3936,,,no_stem_data,16.3372,31.5104,600.0,,,,,
14984332_03710937_20140101_000000,Forestry Corporation Commercial Estate (NSW),NFSI_EDEN,19234,2014-01-01,2014,149.8433,-37.1094,0.1,1,10.9819,,,no_stem_data,3.2694,23.8275,1100.0,,,,,
14984438_03714082_20140101_000000,Forestry Corporation Commercial Estate (NSW),NFSI_EDEN,19213,2014-01-01,2014,149.8444,-37.1408,0.1,1,75.049,,,no_stem_data,19.242,25.0097,1900.0,,,,,
14984497_03715670_20140101_000000,Forestry Corporation Commercial Estate (NSW),NFSI_EDEN,19195,2014-01-01,2014,149.845,-37.1567,0.1,1,32.15,,,no_stem_data,8.8241,49.8273,480.0,,,,,
14984545_03717245_20140101_000000,Forestry Corporation Commercial Estate (NSW),NFSI_EDEN,19181,2014-01-01,2014,149.8454,-37.1724,0.1,1,30.3633,,,no_stem_data,8.5462,37.2314,990.0,,,,,
14984614_03718820_20140101_000000,Forestry Corporation Commercial Estate (NSW),NFSI_EDEN,19167,2014-01-01,2014,149.8461,-37.1882,0.1,1,76.113,,,no_stem_data,18.5167,18.0232,150.0,,,,,
14984669_03720397_20140101_000000,Forestry Corporation Commercial Estate (NSW),NFSI_EDEN,19153,2014-01-01,2014,149.8467,-37.204,0.1,1,96.1116,,,no_stem_data,29.6653,8.1302,350.0,,,,,
14984792_03723545_20140101_000000,Forestry Corporation Commercial Estate (NSW),NFSI_EDEN,19122,2014-01-01,2014,149.8479,-37.2354,0.1,1,4.4574,,,no_stem_data,1.696,19.1771,430.0,,,,,
14984851_03725119_20140101_000000,Forestry Corporation Commercial Estate (NSW),NFSI_EDEN,19109,2014-01-01,2014,149.8485,-37.2512,0.1,1,2.2155,,,no_stem_data,0.8449,40.1086,660.0,,,,,
14984923_03726710_20140101_000000,Forestry Corporation Commercial Estate (NSW),NFSI_EDEN,19093,2014-01-01,2014,149.8492,-37.2671,0.1,1,160.4969,,,no_stem_data,57.7528,33.0659,1660.0,,,,,
14984975_03728269_20140101_000000,Forestry Corporation Commercial Estate (NSW),NFSI_EDEN,19082,2014-01-01,2014,149.8498,-37.2827,0.1,1,110.0905,,,no_stem_data,39.9813,33.237,700.0,,,,,
14985026_03729849_20140101_000000,Forestry Corporation Commercial Estate (NSW),NFSI_EDEN,19071,2014-01-01,2014,149.8503,-37.2985,0.1,1,4.3951,,,no_stem_data,1.6541,28.5727,310.0,,,,,
14985196_03734565_20140101_000000,Forestry Corporation Commercial Estate (NSW),NFSI_EDEN,19038,2014-01-01,2014,149.852,-37.3456,0.1,1,58.5869,,,no_stem_data,21.2105,61.6956,340.0,,,,,
14985384_03739296_20140101_000000,Forestry Corporation Commercial Estate (NSW),NFSI_EDEN,19012,2014-01-01,2014,149.8538,-37.393,0.1,1,13.6349,,,no_stem_data,5.143,68.4377,720.0,,,,,
14985751_03696715_20140101_000000,Forestry Corporation Commercial Estate (NSW),NFSI_EDEN,19287,2014-01-01,2014,149.8575,-36.9672,0.1,1,125.0897,,,no_stem_data,39.4334,32.0903,790.0,,,,,
14985805_03698284_20140101_000000,Forestry Corporation Commercial Estate (NSW),NFSI_EDEN,19282,2014-01-01,2014,149.8581,-36.9828,0.1,1,202.4748,,,no_stem_data,54.2188,12.9098,750.0,,,,,
14985933_03701438_20140101_000000,Forestry Corporation Commercial Estate (NSW),NFSI_EDEN,19272,2014-01-01,2014,149.8593,-37.0144,0.1,1,35.4042,,,no_stem_data,9.8558,26.7289,380.0,,,,,
14986004_03703012_20140101_000000,Forestry Corporation Commercial Estate (NSW),NFSI_EDEN,19267,2014-01-01,2014,149.86,-37.0301,0.1,1,10.9375,,,no_stem_data,3.6617,43.2906,330.0,,,,,
14986047_03704597_20140101_000000,Forestry Corporation Commercial Estate (NSW),NFSI_EDEN,19261,2014-01-01,2014,149.8605,-37.046,0.1,1,12.5786,,,no_stem_data,4.3835,51.279,520.0,,,,,
14986244_03657279_20140101_000000,Forestry Corporation Commercial Estate (NSW),NFSI_EDEN,19353,2014-01-01,2014,149.8624,-36.5728,0.1,1,107.8445,,,no_stem_data,30.6618,41.7229,290.0,,,,,
14986525_03717208_20140101_000000,Forestry Corporation Commercial Estate (NSW),NFSI_EDEN,19182,2014-01-01,2014,149.8653,-37.1721,0.1,1,167.3723,,,no_stem_data,46.7293,28.6365,1150.0,,,,,
14986575_03718774_20140101_000000,Forestry Corporation Commercial Estate (NSW),NFSI_EDEN,19168,2014-01-01,2014,149.8658,-37.1877,0.1,1,184.7036,,,no_stem_data,48.2356,33.6566,570.0,,,,,
14986698_03721925_20140101_000000,Forestry Corporation Commercial Estate (NSW),NFSI_EDEN,19139,2014-01-01,2014,149.867,-37.2193,0.1,1,1.8009,,,no_stem_data,0.5045,32.7983,550.0,,,,,
14986767_03723496_20140101_000000,Forestry Corporation Commercial Estate (NSW),NFSI_EDEN,19123,2014-01-01,2014,149.8677,-37.235,0.1,1,11.4962,,,no_stem_data,4.2576,38.1756,570.0,,,,,
14986886_03726653_20140101_000000,Forestry Corporation Commercial Estate (NSW),NFSI_EDEN,19094,2014-01-01,2014,149.8689,-37.2665,0.1,1,17.2475,,,no_stem_data,6.4536,41.0848,1530.0,,,,,
14987130_03732951_20140101_000000,Forestry Corporation Commercial Estate (NSW),NFSI_EDEN,19049,2014-01-01,2014,149.8713,-37.3295,0.1,1,19.7268,,,no_stem_data,6.9194,56.4806,2050.0,,,,,
14987835_03699819_20140101_000000,Forestry Corporation Commercial Estate (NSW),NFSI_EDEN,19276,2014-01-01,2014,149.8783,-36.9982,0.1,1,35.1035,,,no_stem_data,10.4533,25.0208,280.0,,,,,
14987898_03701401_20140101_000000,Forestry Corporation Commercial Estate (NSW),NFSI_EDEN,19273,2014-01-01,2014,149.879,-37.014,0.1,1,5.7141,,,no_stem_data,1.3164,35.565,410.0,,,,,
14987949_03702970_20140101_000000,Forestry Corporation Commercial Estate (NSW),NFSI_EDEN,19268,2014-01-01,2014,149.8795,-37.0297,0.1,1,25.9796,,,no_stem_data,7.3758,29.0094,470.0,,,,,
14988018_03704543_20140101_000000,Forestry Corporation Commercial Estate (NSW),NFSI_EDEN,19262,2014-01-01,2014,149.8802,-37.0454,0.1,1,53.3439,,,no_stem_data,14.7083,26.0855,750.0,,,,,
14988074_03706121_20140101_000000,Forestry Corporation Commercial Estate (NSW),NFSI_EDEN,19256,2014-01-01,2014,149.8807,-37.0612,0.1,1,1.2356,,,no_stem_data,0.3885,14.6253,380.0,,,,,
14988436_03715572_20140101_000000,Forestry Corporation Commercial Estate (NSW),NFSI_EDEN,19196,2014-01-01,2014,149.8844,-37.1557,0.1,1,44.8419,,,no_stem_data,13.5411,21.8442,480.0,,,,,
14988489_03717157_20140101_000000,Forestry Corporation Commercial Estate (NSW),NFSI_EDEN,19183,2014-01-01,2014,149.8849,-37.1716,0.1,1,22.9676,,,no_stem_data,6.274,38.6789,990.0,,,,,
14988612_03720298_20140101_000000,Forestry Corporation Commercial Estate (NSW),NFSI_EDEN,19154,2014-01-01,2014,149.8861,-37.203,0.1,1,109.9975,,,no_stem_data,29.4261,40.6069,910.0,,,,,
14988669_03721872_20140101_000000,Forestry Corporation Commercial Estate (NSW),NFSI_EDEN,19140,2014-01-01,2014,149.8867,-37.2187,0.1,1,2.5998,,,no_stem_data,0.6415,35.4701,720.0,,,,,
14988790_03725028_20140101_000000,Forestry Corporation Commercial Estate (NSW),NFSI_EDEN,19110,2014-01-01,2014,149.8879,-37.2503,0.1,1,1.6311,,,no_stem_data,0.6354,41.8041,1060.0,,,,,
14988847_03726613_20140101_000000,Forestry Corporation Commercial Estate (NSW),NFSI_EDEN,19095,2014-01-01,2014,149.8885,-37.2661,0.1,1,85.5267,,,no_stem_data,30.784,40.0214,760.0,,,,,
14988967_03729753_20140101_000000,Forestry Corporation Commercial Estate (NSW),NFSI_EDEN,19073,2014-01-01,2014,149.8897,-37.2975,0.1,1,35.8998,,,no_stem_data,13.3707,55.5068,1770.0,,,,,
14989866_03701356_20140101_000000,Forestry Corporation Commercial Estate (NSW),NFSI_EDEN,19274,2014-01-01,2014,149.8987,-37.0136,0.1,1,0.7718,,,no_stem_data,0.2438,65.6611,200.0,,,,,
14990217_03658749_20140101_000000,Forestry Corporation Commercial Estate (NSW),NFSI_EDEN,19349,2014-01-01,2014,149.9022,-36.5875,0.1,1,57.837,,,no_stem_data,15.2099,45.3767,610.0,,,,,
14990289_03712372_20140101_000000,Forestry Corporation Commercial Estate (NSW),NFSI_EDEN,19229,2014-01-01,2014,149.9029,-37.1237,0.1,1,64.2518,,,no_stem_data,20.5176,34.2605,1670.0,,,,,
14990401_03715519_20140101_000000,Forestry Corporation Commercial Estate (NSW),NFSI_EDEN,19197,2014-01-01,2014,149.904,-37.1552,0.1,1,121.8094,,,no_stem_data,32.3401,48.2304,390.0,,,,,
14990460_03717102_20140101_000000,Forestry Corporation Commercial Estate (NSW),NFSI_EDEN,19184,2014-01-01,2014,149.9046,-37.171,0.1,1,29.5963,,,no_stem_data,10.6133,19.6406,520.0,,,,,
14990521_03718671_20140101_000000,Forestry Corporation Commercial Estate (NSW),NFSI_EDEN,19169,2014-01-01,2014,149.9052,-37.1867,0.1,1,164.1988,,,no_stem_data,46.1989,30.601,1100.0,,,,,
14990881_03728145_20140101_000000,Forestry Corporation Commercial Estate (NSW),NFSI_EDEN,19083,2014-01-01,2014,149.9088,-37.2814,0.1,1,85.0684,,,no_stem_data,30.98,31.8772,940.0,,,,,
14992165_03658719_20140101_000000,Forestry Corporation Commercial Estate (NSW),NFSI_EDEN,19350,2014-01-01,2014,149.9217,-36.5872,0.1,1,148.5274,,,no_stem_data,37.311,3.0107,140.0,,,,,
14992287_03661861_20140101_000000,Forestry Corporation Commercial Estate (NSW),NFSI_EDEN,19342,2014-01-01,2014,149.9229,-36.6186,0.1,1,355.9893,,,no_stem_data,87.1332,16.2853,570.0,,,,,
14992308_03713901_20140101_000000,Forestry Corporation Commercial Estate (NSW),NFSI_EDEN,19214,2014-01-01,2014,149.9231,-37.139,0.1,1,1.151,,,no_stem_data,0.3727,28.8861,350.0,,,,,
14992356_03663430_20140101_000000,Forestry Corporation Commercial Estate (NSW),NFSI_EDEN,19336,2014-01-01,2014,149.9236,-36.6343,0.1,1,17.8856,,,no_stem_data,5.586,16.8378,450.0,,,,,
14992365_03715481_20140101_000000,Forestry Corporation Commercial Estate (NSW),NFSI_EDEN,19198,2014-01-01,2014,149.9236,-37.1548,0.1,1,61.5352,,,no_stem_data,17.2956,24.4946,370.0,,,,,
14992554_03720201_20140101_000000,Forestry Corporation Commercial Estate (NSW),NFSI_EDEN,19155,2014-01-01,2014,149.9255,-37.202,0.1,1,67.8152,,,no_stem_data,17.5457,33.563,240.0,,,,,
14992582_03669738_20140101_000000,Forestry Corporation Commercial Estate (NSW),NFSI_EDEN,19326,2014-01-01,2014,149.9258,-36.6974,0.1,1,25.146,,,no_stem_data,6.9401,23.6413,160.0,,,,,
14993699_03647629_20140101_000000,Forestry Corporation Commercial Estate (NSW),NFSI_EDEN,19376,2014-01-01,2014,149.937,-36.4763,0.1,1,12.6041,,,no_stem_data,4.2431,23.3811,390.0,,,,,
14993763_03649206_20140101_000000,Forestry Corporation Commercial Estate (NSW),NFSI_EDEN,19373,2014-01-01,2014,149.9376,-36.4921,0.1,1,46.3245,,,no_stem_data,12.6109,32.2602,430.0,,,,,
14994063_03657084_20140101_000000,Forestry Corporation Commercial Estate (NSW),NFSI_EDEN,19354,2014-01-01,2014,149.9406,-36.5708,0.1,1,415.0487,,,no_stem_data,104.5075,31.9304,290.0,,,,,
14994181_03660240_20140101_000000,Forestry Corporation Commercial Estate (NSW),NFSI_EDEN,19347,2014-01-01,2014,149.9418,-36.6024,0.1,1,109.8743,,,no_stem_data,28.9764,19.5138,440.0,,,,,
14994217_03712272_20140101_000000,Forestry Corporation Commercial Estate (NSW),NFSI_EDEN,19230,2014-01-01,2014,149.9422,-37.1227,0.1,1,0.1709,,,no_stem_data,0.064,2.5877,10.0,,,,,
14994329_03715426_20140101_000000,Forestry Corporation Commercial Estate (NSW),NFSI_EDEN,19199,2014-01-01,2014,149.9433,-37.1543,0.1,1,183.1074,,,no_stem_data,50.4723,33.8645,1220.0,,,,,
14994396_03716999_20140101_000000,Forestry Corporation Commercial Estate (NSW),NFSI_EDEN,19185,2014-01-01,2014,149.944,-37.17,0.1,1,69.348,,,no_stem_data,19.3477,32.1543,740.0,,,,,
14994582_03721735_20140101_000000,Forestry Corporation Commercial Estate (NSW),NFSI_EDEN,19141,2014-01-01,2014,149.9458,-37.2173,0.1,1,3.315,,,no_stem_data,0.7801,24.3899,530.0,,,,,
14995704_03649158_20140101_000000,Forestry Corporation Commercial Estate (NSW),NFSI_EDEN,19374,2014-01-01,2014,149.957,-36.4916,0.1,1,68.2476,,,no_stem_data,18.6603,39.4182,600.0,,,,,
14995883_03653890_20140101_000000,Forestry Corporation Commercial Estate (NSW),NFSI_EDEN,19361,2014-01-01,2014,149.9588,-36.5389,0.1,1,43.2086,,,no_stem_data,12.1255,26.3328,530.0,,,,,
14996073_03658609_20140101_000000,Forestry Corporation Commercial Estate (NSW),NFSI_EDEN,19352,2014-01-01,2014,149.9607,-36.5861,0.1,1,258.0185,,,no_stem_data,72.2109,32.3431,800.0,,,,,
14997784_03652257_20140101_000000,Forestry Corporation Commercial Estate (NSW),NFSI_EDEN,19366,2014-01-01,2014,149.9778,-36.5226,0.1,1,28.8353,,,no_stem_data,8.1523,37.3322,540.0,,,,,
14997901_03653832_20140101_000000,Forestry Corporation Commercial Estate (NSW),NFSI_EDEN,19362,2014-01-01,2014,149.979,-36.5383,0.1,1,2.3443,,,no_stem_data,0.6892,42.3565,120.0,,,,,
14997905_03655406_20140101_000000,Forestry Corporation Commercial Estate (NSW),NFSI_EDEN,19357,2014-01-01,2014,149.979,-36.5541,0.1,1,178.3772,,,no_stem_data,49.7848,25.4985,990.0,,,,,
14997970_03656984_20140101_000000,Forestry Corporation Commercial Estate (NSW),NFSI_EDEN,19355,2014-01-01,2014,149.9797,-36.5698,0.1,1,187.9841,,,no_stem_data,49.3816,27.5788,450.0,,,,,
14999684_03650629_20140101_000000,Forestry Corporation Commercial Estate (NSW),NFSI_EDEN,19368,2014-01-01,2014,149.9968,-36.5063,0.1,1,12.1428,,,no_stem_data,3.4733,40.9842,410.0,,,,,
14999746_03652210_20140101_000000,Forestry Corporation Commercial Estate (NSW),NFSI_EDEN,19367,2014-01-01,2014,149.9975,-36.5221,0.1,1,83.6159,,,no_stem_data,21.7189,26.8947,560.0,,,,,
14999859_03655359_20140101_000000,Forestry Corporation Commercial Estate (NSW),NFSI_EDEN,19358,2014-01-01,2014,149.9986,-36.5536,0.1,1,11.2339,,,no_stem_data,3.0646,29.8303,220.0,,,,,
14999933_03656938_20140101_000000,Forestry Corporation Commercial Estate (NSW),NFSI_EDEN,19356,2014-01-01,2014,149.9993,-36.5694,0.1,1,383.99,,,no_stem_data,106.8301,34.1067,830.0,,,,,
15001626_03650598_20140101_000000,Forestry Corporation Commercial Estate (NSW),NFSI_EDEN,19369,2014-01-01,2014,150.0163,-36.506,0.1,1,91.5759,,,no_stem_data,24.4097,35.5609,950.0,,,,,
15001757_03653736_20140101_000000,Forestry Corporation Commercial Estate (NSW),NFSI_EDEN,19363,2014-01-01,2014,150.0176,-36.5374,0.1,1,54.5532,,,no_stem_data,15.7267,33.0561,770.0,,,,,
15003149_03639512_20140101_000000,Forestry Corporation Commercial Estate (NSW),NFSI_EDEN,19380,2014-01-01,2014,150.0315,-36.3951,0.1,1,20.8209,,,no_stem_data,6.0915,27.8724,540.0,,,,,
15003208_03641088_20140101_000000,Forestry Corporation Commercial Estate (NSW),NFSI_EDEN,19378,2014-01-01,2014,150.0321,-36.4109,0.1,1,46.6634,,,no_stem_data,13.1767,22.0284,510.0,,,,,
15003516_03648965_20140101_000000,Forestry Corporation Commercial Estate (NSW),NFSI_EDEN,19375,2014-01-01,2014,150.0352,-36.4897,0.1,1,9.9451,,,no_stem_data,2.7361,19.2949,220.0,,,,,
15003580_03650540_20140101_000000,Forestry Corporation Commercial Estate (NSW),NFSI_EDEN,19370,2014-01-01,2014,150.0358,-36.5054,0.1,1,1.7333,,,no_stem_data,0.5235,10.3645,140.0,,,,,
15005097_03639462_20140101_000000,Forestry Corporation Commercial Estate (NSW),NFSI_EDEN,19381,2014-01-01,2014,150.051,-36.3946,0.1,1,10.7946,,,no_stem_data,3.1194,14.1936,170.0,,,,,
15005160_03641041_20140101_000000,Forestry Corporation Commercial Estate (NSW),NFSI_EDEN,19379,2014-01-01,2014,150.0516,-36.4104,0.1,1,1.7697,,,no_stem_data,0.629,18.9062,520.0,,,,,
15005274_03644194_20140101_000000,Forestry Corporation Commercial Estate (NSW),NFSI_EDEN,19377,2014-01-01,2014,150.0527,-36.4419,0.1,1,159.5883,,,no_stem_data,40.6173,31.614,550.0,,,,,
14058685_03400221_20140212_000000,TERN Australia,Calperum Mallee Supersite,SASMDD0001,2014-02-13,2014,140.5868,-34.0022,1.0,1,0.031,5.792350099999999,186.85000322580643,provider_suspect,0.0113,2.4505,489.0,489.0,1.0,0.04716625766871166,,3.0
14347564_03864334_20140213_000000,TERN Australia,Ausplot Forest Monitoring Network,Weeaproinah,2014-02-13,2014,143.4756,-38.6433,1.0,1,13.2594,13.261944100000001,1.0001918714270632,verified_exact,4.0392,99.2905,942.0,942.0,10.0,31.763168789808915,44.66306306306306,3.0
14362644_03862887_20140324_000000,TERN Australia,Ausplot Forest Monitoring Network,Lardner,2014-03-24,2014,143.6264,-38.6289,1.0,1,1.7159,1.7159047,1.0000027390873594,verified_exact,0.5503,98.5708,648.0,648.0,10.0,34.25667283950617,50.775,4.0
14370301_03863943_20140222_000000,TERN Australia,Ausplot Forest Monitoring Network,Turtons,2014-02-22,2014,143.703,-38.6394,1.0,1,23.3896,23.4205446,1.0013230068064438,verified_exact,7.1043,93.3431,548.0,548.0,12.0,36.91155656934306,59.24714285714286,4.0
14484278_04095225_20141118_000000,TERN Australia,Ausplot Forest Monitoring Network,BondTier,2014-11-18,2014,144.8428,-40.9522,1.0,1,4.4334,4.4334077,1.0000017368159877,verified_exact,1.3304,75.4271,609.0,609.0,10.0,30.410538587848933,33.62444444444444,5.0
14528596_04090281_20141104_000000,TERN Australia,Ausplot Forest Monitoring Network,BlackRiver,2014-11-04,2014,145.286,-40.9028,1.0,1,27.9923,27.9923053,1.0000001893377823,verified_exact,8.4869,60.2598,656.0,656.0,9.0,31.63688719512195,35.790647482014386,4.0
14551739_03753051_20140131_000000,TERN Australia,Ausplot Forest Monitoring Network,ANU101,2014-01-31,2014,145.5174,-37.5305,1.0,1,27.6943,27.7017271,1.0002681815391614,verified_exact,7.5022,78.9354,374.0,374.0,8.0,41.250602941176474,45.82166666666667,2.0
14554716_03756894_20140428_000000,TERN Australia,Ausplot Forest Monitoring Network,HardyCreek,2014-04-28,2014,145.5472,-37.5689,1.0,1,0.7544,0.8024564000000001,1.063701484623542,provider_disagrees,0.2484,103.9165,407.0,407.0,8.0,45.01681081081081,56.577333333333335,3.0
14562743_03759246_20140405_000000,TERN Australia,Ausplot Forest Monitoring Network,ANU363,2014-04-05,2014,145.6274,-37.5925,1.0,1,7.3464,7.3548491,1.001150100729609,verified_exact,2.0526,70.7437,208.0,208.0,4.0,58.20980769230769,65.02881355932203,2.0
14563953_03758838_20140409_000000,TERN Australia,Ausplot Forest Monitoring Network,ANU589,2014-04-09,2014,145.6395,-37.5884,1.0,1,17.6055,17.6055264,1.0000014995313964,verified_exact,5.0144,81.8939,443.0,443.0,9.0,39.971937923250564,62.40845070422535,3.0
14586796_03780464_20140206_000000,TERN Australia,Ausplot Forest Monitoring Network,Ada Tree,2014-02-06,2014,145.868,-37.8046,1.0,1,31.4691,31.4691014,1.000000044488085,verified_exact,9.1927,118.512,647.0,647.0,11.0,36.53532457496136,48.36555555555555,4.0
14625909_04162963_20150120_000000,TERN Australia,Ausplot Forest Monitoring Network,Mackenzie,2015-01-20,2015,146.2591,-41.6296,1.0,1,6.0988,6.098806,1.0000009838000918,verified_exact,1.7747,79.915,678.0,678.0,12.0,33.29750442477876,25.625757575757575,4.0
14650198_04166955_20150204_000000,TERN Australia,Ausplot Forest Monitoring Network,Caveside,2015-02-04,2015,146.502,-41.6696,1.0,1,38.9269,38.9268877,0.9999996840231304,verified_exact,11.1888,108.1325,1869.0,1869.0,11.0,22.835203584804706,25.25,4.0
14665003_04268264_20141202_000000,TERN Australia,Ausplot Forest Monitoring Network,MtField,2014-12-02,2014,146.65,-42.6826,1.0,1,6.4167,6.4355066999999995,1.0029308990602646,verified_exact,1.9131,109.8874,799.0,799.0,15.0,35.41622903629537,27.526315789473685,4.0
14753910_04131101_20141209_000000,TERN Australia,Ausplot Forest Monitoring Network,MtMaurice,2014-12-09,2014,147.5391,-41.311,1.0,1,10.2576,10.257587,0.9999987326470129,verified_exact,2.9084,113.4141,585.0,585.0,11.0,37.38610341880342,24.460176991150444,4.0
14760323_04136706_20150106_000000,TERN Australia,Ausplot Forest Monitoring Network,BenRidge,2015-01-06,2015,147.6032,-41.3671,1.0,1,40.4189,40.508479200000004,1.0022162701112598,verified_exact,11.5856,96.0293,687.0,687.0,7.0,31.35663173216885,20.1525974025974,4.0
14938213_03701267_20140518_000000,TERN Australia,Ausplot Forest Monitoring Network,WaratahMix,2014-05-18,2014,149.3821,-37.0127,1.0,1,0.9915,0.9915278999999999,1.0000281391830559,verified_exact,0.3054,69.6486,299.0,299.0,7.0,42.798471571906354,29.98709677419355,2.0
14938299_03699705_20140516_000000,TERN Australia,Ausplot Forest Monitoring Network,WogWay,2014-05-16,2014,149.383,-36.9971,1.0,1,3.287,3.2869836,0.9999950106480073,verified_exact,0.9541,69.6461,257.0,257.0,7.0,46.08273929961089,34.92641509433962,2.0
14943577_03675880_20140510_000000,TERN Australia,Ausplot Forest Monitoring Network,Newline,2014-05-10,2014,149.4358,-36.7588,1.0,1,3.1381,3.1380616,0.999987763296262,verified_exact,0.8845,77.6881,371.0,371.0,6.0,42.30673854447439,27.8527950310559,3.0
14959535_03686281_20140520_000000,TERN Australia,Ausplot Forest Monitoring Network,Candelo,2014-05-20,2014,149.5953,-36.8628,1.0,1,3.2216,3.221628,1.000008691333499,verified_exact,0.9068,71.1246,187.0,187.0,8.0,59.24035294117647,36.53333333333333,3.0
14971851_03690339_20140513_000000,TERN Australia,Ausplot Forest Monitoring Network,Goodenia,2014-05-13,2014,149.7185,-36.9034,1.0,1,0.3675,0.3675063,1.000017142857143,verified_exact,0.1198,56.3535,192.0,192.0,8.0,50.69375,30.81666666666667,3.0
